# Apple ModelIO OBJ File: LiDARScan_2025-08-22_17-43-39
mtllib LiDARScan_2025-08-22_17-43-39.mtl
g 
v -1.67199 -0.116708 -1.43128
v -1.67393 -0.0867083 -1.43153
v -1.67887 -0.0867083 -1.42498
v -1.67929 -0.116708 -1.42168
v -1.65072 -0.116708 -1.45878
v -1.65126 -0.0867083 -1.45885
v -1.64287 -0.0867083 -1.46941
v -1.64307 -0.116708 -1.4679
v -1.69081 -0.116708 -1.40346
v -1.6947 -0.0867083 -1.40397
usemtl material_1
f 1 2 3
f 4 1 3
f 5 6 1
f 1 6 2
f 7 5 8
f 6 5 7
f 3 9 4
f 10 9 3
s off
g _1
v -1.55825 -0.0867083 -1.56782
v -1.56289 -0.0567083 -1.56842
v -1.57069 -0.0567083 -1.55975
v -1.57152 -0.0867083 -1.55336
v -1.60305 -0.0867083 -1.51311
v -1.6069 -0.0579583 -1.51361
v -1.60776 -0.0867083 -1.50697
v -1.60686 -0.0567083 -1.51393
v -1.58598 -0.0567083 -1.54116
v -1.58178 -0.0867083 -1.54061
v -1.62736 -0.0867083 -1.48601
v -1.62987 -0.0567083 -1.48633
v -1.64329 -0.0567083 -1.46618
v -1.64287 -0.0867083 -1.46941
v -1.60709 -0.0567083 -1.51364
v -1.56387 -0.0267083 -1.56855
v -1.57051 -0.0267083 -1.56111
v -1.58683 -0.0267083 -1.54126
v -1.60661 -0.0267083 -1.5159
v -1.63118 -0.0267083 -1.4865
v -1.64248 -0.0267083 -1.47245
v -1.60848 -0.0267083 -1.51381
v -1.56573 0.00329166 -1.56879
v -1.57027 0.00329166 -1.56299
v -1.58802 0.00329166 -1.54142
v -1.60614 0.00329166 -1.51951
v -1.63272 0.00329166 -1.4867
v -1.64234 0.00329166 -1.47352
v -1.6105 0.00329166 -1.51408
v -1.56813 0.0332917 -1.5691
v -1.56979 0.0332917 -1.56669
v -1.58944 0.0332917 -1.5416
v -1.6056 0.0332917 -1.52368
v -1.63257 0.0332917 -1.48668
v -1.64228 0.0332917 -1.47397
v -1.61273 0.0332917 -1.51436
v -1.56893 0.0632917 -1.5692
v -1.56956 0.0632917 -1.56845
v -1.58885 0.0632917 -1.54153
v -1.60623 0.0632917 -1.51881
v -1.63055 0.0632917 -1.48642
v -1.6428 0.0632917 -1.46994
v -1.6105 0.0632917 -1.51408
v -1.38649 -0.0867083 -1.75736
v -1.39376 -0.0665611 -1.7583
v -1.39492 -0.0867083 -1.74935
v -1.39318 -0.0567083 -1.76279
v -1.37189 -0.0567083 -1.78572
v -1.36465 -0.0867083 -1.78478
v -1.41128 -0.0867083 -1.73031
v -1.41995 -0.0567083 -1.73143
v -1.42877 -0.0567083 -1.72151
v -1.4302 -0.0867083 -1.71049
v -1.397 -0.0567083 -1.75872
v -1.4635 -0.0867083 -1.67657
v -1.46481 -0.0757224 -1.67674
v -1.46507 -0.0867083 -1.67474
v -1.46441 -0.0567083 -1.67981
v -1.44377 -0.0567083 -1.70426
v -1.4372 -0.0867083 -1.70341
v -1.48778 -0.0867083 -1.64946
v -1.49089 -0.0567083 -1.64986
v -1.49984 -0.0567083 -1.63975
v -1.50041 -0.0867083 -1.63539
v -1.46684 -0.0567083 -1.677
v -1.51212 -0.0867083 -1.62235
v -1.51493 -0.0567083 -1.62272
v -1.5356 -0.0567083 -1.59717
v -1.53575 -0.0867083 -1.59604
v -1.53631 -0.0867083 -1.59523
v -1.53711 -0.0567083 -1.59533
v -1.37786 -0.0267083 -1.78649
v -1.39206 -0.0267083 -1.77146
v -1.42607 -0.0267083 -1.73223
v -1.42763 -0.0267083 -1.73033
v -1.40324 -0.0267083 -1.75952
v -1.44897 -0.0267083 -1.70494
v -1.46338 -0.0267083 -1.68783
v -1.49558 -0.0267083 -1.65046
v -1.499 -0.0267083 -1.6463
v -1.47226 -0.0267083 -1.6777
v -1.51787 -0.0267083 -1.6231
v -1.53463 -0.0267083 -1.60468
v -1.54263 -0.0267083 -1.59605
v -1.38375 0.00329166 -1.78725
v -1.39116 0.00329166 -1.7784
v -1.42736 -0.0100208 -1.73239
v -1.42714 0.00329166 -1.73415
v -1.40751 0.00329166 -1.76007
v -1.45255 0.00329166 -1.7054
v -1.46256 0.00329166 -1.69413
v -1.42844 0.00329166 -1.73253
v -1.49841 -0.00752003 -1.65083
v -1.49809 0.00329166 -1.65328
v -1.47638 0.00329166 -1.67823
v -1.51971 0.00329166 -1.62333
v -1.53432 0.00329166 -1.60708
v -1.50001 0.00329166 -1.65104
v -1.54389 0.00329166 -1.59621
v -1.38992 0.0282024 -1.78805
v -1.41312 0.0332917 -1.7608
v -1.42572 0.0332917 -1.74512
v -1.3914 0.0332917 -1.78824
v -1.45893 0.0332917 -1.70622
v -1.46132 0.0332917 -1.70374
v -1.43544 0.0332917 -1.73344
v -1.48224 0.0332917 -1.67899
v -1.49703 0.0332917 -1.66152
v -1.52784 0.0332917 -1.62439
v -1.53285 0.0332917 -1.61843
v -1.50477 0.0332917 -1.65165
v -1.54785 0.0332917 -1.59672
v -1.42001 0.0632917 -1.76169
v -1.42432 0.0632917 -1.75595
v -1.39866 0.0632917 -1.78918
v -1.46096 0.0580917 -1.70649
v -1.46087 0.0632917 -1.70721
v -1.44069 0.0632917 -1.73412
v -1.48402 0.0632917 -1.67922
v -1.4972 0.0632917 -1.66016
v -1.46137 0.0632917 -1.70654
v -1.52594 0.0632917 -1.62414
v -1.53353 0.0632917 -1.61317
v -1.50413 0.0632917 -1.65157
v -1.54689 0.0632917 -1.5966
v -1.16683 -0.0867083 -2.0012
v -1.1779 -0.0567083 -2.00263
v -1.18121 -0.0567083 -1.99847
v -1.18343 -0.0867083 -1.98129
v -1.21571 -0.0867083 -1.94702
v -1.21807 -0.0793039 -1.94733
v -1.21846 -0.0867083 -1.94429
v -1.21671 -0.0567083 -1.95783
v -1.20228 -0.0567083 -1.97553
v -1.19088 -0.0867083 -1.97406
v -1.24475 -0.0867083 -1.92053
v -1.24831 -0.0567083 -1.92099
v -1.25225 -0.0567083 -1.91693
v -1.25286 -0.0867083 -1.91225
v -1.22493 -0.0567083 -1.94821
v -1.26746 -0.0867083 -1.89321
v -1.27361 -0.0567083 -1.89401
v -1.28716 -0.0567083 -1.88089
v -1.28878 -0.0867083 -1.86841
v -1.31768 -0.0867083 -1.83921
v -1.32272 -0.064467 -1.83986
v -1.32389 -0.0867083 -1.83076
v -1.32245 -0.0567083 -1.84192
v -1.30079 -0.0567083 -1.86727
v -1.29117 -0.0867083 -1.86603
v -1.33801 -0.0867083 -1.81159
v -1.34959 -0.0567083 -1.81308
v -1.35768 -0.0567083 -1.80342
v -1.35926 -0.0867083 -1.79118
v -1.32417 -0.0567083 -1.84005
v -1.18062 -0.0488867 -2.00298
v -1.2099 -0.0267083 -1.97652
v -1.2151 -0.0267083 -1.97033
v -1.18903 -0.0267083 -2.00407
v -1.25167 -0.0464983 -1.92142
v -1.25048 -0.0267083 -1.9306
v -1.23326 -0.0267083 -1.94929
v -1.28294 -0.0267083 -1.89522
v -1.28579 -0.0267083 -1.89151
v -1.25819 -0.0267083 -1.92226
v -1.3041 -0.0267083 -1.8677
v -1.32158 -0.0267083 -1.84862
v -1.355 -0.0267083 -1.81378
v -1.35657 -0.0267083 -1.81201
v -1.3292 -0.0267083 -1.8407
v -1.21422 -0.0110793 -1.97708
v -1.21352 0.00329166 -1.98253
v -1.19296 0.00329166 -2.00458
v -1.24001 0.00329166 -1.95016
v -1.2493 0.00329166 -1.93978
v -1.21815 0.00329166 -1.97759
v -1.28527 -0.0172845 -1.89552
v -1.28439 0.00329166 -1.90237
v -1.26492 0.00329166 -1.92313
v -1.31495 0.00329166 -1.86911
v -1.3196 0.00329166 -1.86397
v -1.29016 0.00329166 -1.89615
v -1.35632 -0.0207083 -1.81395
v -1.35548 0.00329166 -1.82042
v -1.33703 0.00329166 -1.84171
v -1.20742 0.0332917 -2.00645
v -1.2111 0.0332917 -2.00126
v -1.24782 0.0207019 -1.95117
v -1.24655 0.0332917 -1.96102
v -1.23054 0.0332917 -1.97919
v -1.27433 0.0332917 -1.92435
v -1.28284 0.0332917 -1.91432
v -1.25346 0.0332917 -1.9519
v -1.31887 0.0139863 -1.86961
v -1.31763 0.0332917 -1.87923
v -1.29964 0.0332917 -1.89737
v -1.34598 0.0332917 -1.84287
v -1.35376 0.0332917 -1.8337
v -1.32488 0.0332917 -1.87039
v -1.21038 0.0430456 -2.00683
v -1.23944 0.0632917 -1.98034
v -1.24485 0.0632917 -1.9742
v -1.21653 0.0632917 -2.00763
v -1.28142 0.0549864 -1.92527
v -1.28088 0.0632917 -1.92946
v -1.261 0.0632917 -1.95288
v -1.31082 0.0632917 -1.89882
v -1.31612 0.0632917 -1.89088
v -1.28462 0.0632917 -1.92568
v -1.35247 0.0557368 -1.84371
v -1.35201 0.0632917 -1.84729
v -1.32892 0.0632917 -1.87091
v -1.36117 0.00329166 -1.81458
v -1.38966 0.0332917 -1.79002
v -1.36911 0.0332917 -1.81561
v -1.37365 0.0632917 -1.8162
v -1.38817 0.0632917 -1.80154
v -1.35465 0.0632917 -1.84399
usemtl material_2
f 11 12 13
f 14 11 13
f 15 16 17
f 18 16 15
f 18 15 19
f 19 15 20
f 13 20 14
f 19 20 13
f 21 22 23
f 24 21 23
f 16 21 17
f 16 25 21
f 25 22 21
f 18 25 16
f 12 26 27
f 13 12 27
f 19 28 29
f 18 19 29
f 27 19 13
f 28 19 27
f 22 30 31
f 23 22 31
f 25 32 22
f 22 32 30
f 29 25 18
f 32 25 29
f 26 33 34
f 27 26 34
f 28 35 36
f 29 28 36
f 34 28 27
f 35 28 34
f 30 37 38
f 31 30 38
f 32 39 30
f 30 39 37
f 36 32 29
f 39 32 36
f 33 40 41
f 34 33 41
f 35 42 43
f 36 35 43
f 41 35 34
f 42 35 41
f 37 44 45
f 38 37 45
f 39 46 37
f 37 46 44
f 43 39 36
f 46 39 43
f 40 47 48
f 41 40 48
f 42 49 50
f 43 42 50
f 48 42 41
f 49 42 48
f 44 51 52
f 45 44 52
f 46 53 44
f 44 53 51
f 50 46 43
f 53 46 50
f 54 55 56
f 57 55 54
f 57 54 58
f 58 54 59
f 60 61 62
f 63 60 62
f 55 60 56
f 55 64 60
f 64 61 60
f 57 64 55
f 65 66 67
f 68 66 65
f 68 65 69
f 69 65 70
f 62 70 63
f 69 70 62
f 71 72 73
f 74 71 73
f 66 71 67
f 66 75 71
f 75 72 71
f 68 75 66
f 76 77 78
f 79 76 78
f 73 76 74
f 77 76 73
f 80 81 11
f 11 81 12
f 78 80 79
f 81 80 78
f 58 82 83
f 57 58 83
f 61 84 85
f 62 61 85
f 64 86 61
f 61 86 84
f 83 64 57
f 86 64 83
f 69 87 88
f 68 69 88
f 85 69 62
f 87 69 85
f 72 89 90
f 73 72 90
f 75 91 72
f 72 91 89
f 88 75 68
f 91 75 88
f 77 92 93
f 78 77 93
f 90 77 73
f 92 77 90
f 81 94 12
f 12 94 26
f 93 81 78
f 94 81 93
f 82 95 96
f 83 82 96
f 84 97 85
f 98 97 84
f 98 84 99
f 99 84 86
f 96 86 83
f 99 86 96
f 87 100 101
f 88 87 101
f 97 87 85
f 97 102 87
f 102 100 87
f 98 102 97
f 89 103 90
f 104 103 89
f 104 89 105
f 105 89 91
f 101 91 88
f 105 91 101
f 92 106 107
f 93 92 107
f 103 92 90
f 103 108 92
f 108 106 92
f 104 108 103
f 94 109 26
f 26 109 33
f 107 94 93
f 109 94 107
f 95 110 96
f 99 111 112
f 98 99 112
f 110 99 96
f 110 113 99
f 113 111 99
f 100 114 115
f 101 100 115
f 102 116 100
f 100 116 114
f 112 102 98
f 116 102 112
f 105 117 118
f 104 105 118
f 115 105 101
f 117 105 115
f 106 119 120
f 107 106 120
f 108 121 106
f 106 121 119
f 118 108 104
f 121 108 118
f 109 122 33
f 33 122 40
f 120 109 107
f 122 109 120
f 111 123 124
f 112 111 124
f 113 125 111
f 111 125 123
f 114 126 115
f 127 126 114
f 127 114 128
f 128 114 116
f 124 116 112
f 128 116 124
f 117 129 130
f 118 117 130
f 126 117 115
f 126 131 117
f 131 129 117
f 127 131 126
f 119 132 133
f 120 119 133
f 121 134 119
f 119 134 132
f 130 121 118
f 134 121 130
f 122 135 40
f 40 135 47
f 133 122 120
f 135 122 133
f 136 137 138
f 139 136 138
f 140 141 142
f 143 141 140
f 143 140 144
f 144 140 145
f 138 145 139
f 144 145 138
f 146 147 148
f 149 146 148
f 141 146 142
f 141 150 146
f 150 147 146
f 143 150 141
f 151 152 153
f 154 151 153
f 148 151 149
f 152 151 148
f 155 156 157
f 158 156 155
f 158 155 159
f 159 155 160
f 153 160 154
f 159 160 153
f 161 162 163
f 164 161 163
f 156 161 157
f 156 165 161
f 165 162 161
f 158 165 156
f 137 166 138
f 144 167 168
f 143 144 168
f 166 144 138
f 166 169 144
f 169 167 144
f 147 170 148
f 171 170 147
f 171 147 172
f 172 147 150
f 168 150 143
f 172 150 168
f 152 173 174
f 153 152 174
f 170 152 148
f 170 175 152
f 175 173 152
f 171 175 170
f 159 176 177
f 158 159 177
f 174 159 153
f 176 159 174
f 162 178 179
f 163 162 179
f 165 180 162
f 162 180 178
f 177 165 158
f 180 165 177
f 167 181 168
f 182 181 167
f 182 167 183
f 183 167 169
f 172 184 185
f 171 172 185
f 181 172 168
f 181 186 172
f 186 184 172
f 182 186 181
f 173 187 174
f 188 187 173
f 188 173 189
f 189 173 175
f 185 175 171
f 189 175 185
f 176 190 191
f 177 176 191
f 187 176 174
f 187 192 176
f 192 190 176
f 188 192 187
f 178 193 179
f 194 193 178
f 194 178 195
f 195 178 180
f 191 180 177
f 195 180 191
f 183 196 197
f 182 183 197
f 184 198 185
f 199 198 184
f 199 184 200
f 200 184 186
f 197 186 182
f 200 186 197
f 189 201 202
f 188 189 202
f 198 189 185
f 198 203 189
f 203 201 189
f 199 203 198
f 190 204 191
f 205 204 190
f 205 190 206
f 206 190 192
f 202 192 188
f 206 192 202
f 195 207 208
f 194 195 208
f 204 195 191
f 204 209 195
f 209 207 195
f 205 209 204
f 196 210 197
f 200 211 212
f 199 200 212
f 210 200 197
f 210 213 200
f 213 211 200
f 201 214 202
f 215 214 201
f 215 201 216
f 216 201 203
f 212 203 199
f 216 203 212
f 206 217 218
f 205 206 218
f 214 206 202
f 214 219 206
f 219 217 206
f 215 219 214
f 207 220 208
f 221 220 207
f 221 207 222
f 222 207 209
f 218 209 205
f 222 209 218
f 163 59 164
f 58 59 163
f 179 58 163
f 82 58 179
f 193 82 179
f 193 223 82
f 223 95 82
f 194 223 193
f 224 110 95
f 224 95 225
f 225 95 223
f 208 223 194
f 225 223 208
f 224 113 110
f 225 226 227
f 224 225 227
f 220 225 208
f 220 228 225
f 228 226 225
f 221 228 220
f 227 113 224
f 125 113 227
s off
g _2
v 0.164184 -0.596708 -2.57768
v 0.161309 -0.618547 -2.55545
v 0.167386 -0.626708 -2.55466
v 0.178195 -0.596708 -2.58351
v 0.192994 -0.626708 -2.5816
v 0.19564 -0.596708 -2.58701
v 0.195279 -0.626708 -2.58422
v 0.169183 -0.566708 -2.58468
v 0.191061 -0.57846 -2.5516
v 0.161309 -0.586013 -2.55545
v 0.192508 -0.566708 -2.56279
v 0.198756 -0.574996 -2.6111
v 0.190089 -0.566708 -2.61222
v 0.20078 -0.566708 -2.62676
v -0.614329 -0.236708 -1.92975
v -0.615248 -0.236708 -1.93052
v -0.615331 -0.240833 -1.92988
v -0.605549 -0.206708 -1.92862
v -0.614508 -0.206708 -1.93625
v -0.594873 -0.176708 -1.92724
v -0.613568 -0.176708 -1.94352
v -0.582016 -0.146708 -1.92557
v -0.585272 -0.146708 -1.92841
v -0.585579 -0.15528 -1.92604
v -0.61313 -0.146708 -1.94691
v -0.524847 -0.116708 -1.92784
v -0.496322 -0.12122 -1.91449
v -0.494917 -0.116708 -1.92536
v -0.526075 -0.121815 -1.91834
v -0.553787 -0.116708 -1.93797
v -0.555827 -0.130443 -1.92219
v -0.581969 -0.116708 -1.95395
v -0.583707 -0.116708 -1.95604
v -0.611484 -0.135175 -1.95963
v -0.609979 -0.116708 -1.97127
v -0.492475 -0.110339 -1.94425
v -0.522227 -0.110759 -1.94809
v -0.491511 -0.116708 -1.9517
v -0.520487 -0.116708 -1.96155
v -0.551979 -0.111411 -1.95194
v -0.524999 -0.116708 -1.9787
v -0.548132 -0.0999466 -1.98169
v -0.581732 -0.116023 -1.95579
v -0.577884 -0.102181 -1.98554
v -0.607637 -0.105211 -1.98939
v -0.672086 -0.386708 -1.93722
v -0.674657 -0.386708 -1.93896
v -0.674836 -0.390795 -1.93758
v -0.67723 -0.386708 -1.93789
v -0.655294 -0.356708 -1.93505
v -0.673876 -0.356708 -1.945
v -0.689127 -0.356708 -1.93943
v -0.668693 -0.326708 -1.96703
v -0.670988 -0.329092 -1.96733
v -0.652685 -0.326708 -1.93471
v -0.670757 -0.326708 -1.96912
v -0.701007 -0.326708 -1.94096
v -0.700741 -0.329548 -1.97118
v -0.703344 -0.326708 -1.95105
v -0.700229 -0.326708 -1.97513
v -0.703662 -0.326708 -1.97155
v -0.621273 -0.296708 -1.93065
v -0.643149 -0.296708 -1.94869
v -0.645084 -0.322885 -1.93373
v -0.662772 -0.296708 -1.96627
v -0.670078 -0.296708 -1.97437
v -0.704588 -0.325436 -1.94142
v -0.698663 -0.296708 -1.98724
v -0.73434 -0.298501 -1.94527
v -0.713103 -0.296708 -1.97278
v -0.733981 -0.296708 -1.94805
v -0.7364 -0.296708 -1.94554
v -0.620473 -0.266708 -1.93055
v -0.642801 -0.266708 -1.95138
v -0.656313 -0.266708 -1.96543
v -0.669516 -0.266708 -1.97871
v -0.697196 -0.266708 -1.99859
v -0.7228 -0.266708 -1.97403
v -0.732011 -0.266708 -1.96328
v -0.747816 -0.266708 -1.94701
v -0.642179 -0.236708 -1.95619
v -0.650118 -0.236708 -1.96463
v -0.668947 -0.236708 -1.98312
v -0.691154 -0.236708 -2.00019
v -0.696893 -0.257964 -2.00093
v -0.696495 -0.236708 -2.00401
v -0.730493 -0.243774 -1.97502
v -0.729847 -0.236708 -1.98002
v -0.705237 -0.236708 -2.00201
v -0.733112 -0.236708 -1.97536
v -0.758297 -0.236708 -1.94837
v -0.641435 -0.206708 -1.96195
v -0.643277 -0.206708 -1.96375
v -0.668433 -0.206708 -1.98709
v -0.687695 -0.206708 -1.99974
v -0.696342 -0.206708 -2.00519
v -0.715467 -0.206708 -2.00333
v -0.727529 -0.206708 -1.99795
v -0.763331 -0.206708 -1.95501
v -0.764093 -0.218177 -1.94912
v -0.744649 -0.206708 -1.97686
v -0.767806 -0.206708 -1.9496
v -0.63566 -0.176708 -1.96276
v -0.641236 -0.198005 -1.96348
v -0.640812 -0.176708 -1.96676
v -0.668195 -0.176708 -1.98893
v -0.683554 -0.176708 -1.9992
v -0.695966 -0.176708 -2.0081
v -0.726646 -0.187901 -2.00478
v -0.726234 -0.176708 -2.00796
v -0.755621 -0.176708 -1.97827
v -0.761127 -0.176708 -1.97205
v -0.729269 -0.176708 -2.00512
v -0.778334 -0.176708 -1.95096
v -0.633537 -0.146708 -1.96249
v -0.640572 -0.146708 -1.96862
v -0.667811 -0.146708 -1.9919
v -0.677316 -0.146708 -1.9984
v -0.695516 -0.146708 -2.01158
v -0.724516 -0.146708 -2.02124
v -0.760245 -0.165725 -1.97887
v -0.758863 -0.146708 -1.98956
v -0.742142 -0.146708 -2.00678
v -0.767837 -0.146708 -1.97985
v -0.790555 -0.146708 -1.95254
v -0.637168 -0.116708 -1.99321
v -0.637389 -0.117039 -1.99323
v -0.63735 -0.116708 -1.99353
v -0.667141 -0.138187 -1.99708
v -0.663433 -0.116708 -2.02576
v -0.666032 -0.116708 -2.02719
v -0.693046 -0.123082 -2.03068
v -0.692252 -0.116708 -2.03682
v -0.722798 -0.125031 -2.03453
v -0.722215 -0.116708 -2.03904
v -0.756398 -0.127428 -2.00862
v -0.755225 -0.116708 -2.01769
v -0.72904 -0.116708 -2.03534
v -0.790375 -0.116708 -1.9798
v -0.793845 -0.140773 -1.95297
v -0.788109 -0.116708 -1.98248
v -0.764 -0.116708 -2.00961
v -0.814343 -0.116708 -1.95562
v -0.633541 -0.107163 -2.02299
v -0.603789 -0.0988405 -2.01914
v -0.663294 -0.116411 -2.02683
v -0.632929 -0.116708 -2.02772
v -0.65057 -0.116708 -2.05544
v -0.659446 -0.0996302 -2.05659
v -0.689198 -0.107455 -2.06043
v -0.718951 -0.109168 -2.06428
v -0.685351 -0.100046 -2.09019
v -0.715103 -0.10183 -2.09403
v -0.752551 -0.11131 -2.03838
v -0.748703 -0.105205 -2.06813
v -0.744856 -0.100375 -2.09788
v -0.714278 -0.116708 -2.10042
v -0.743918 -0.116708 -2.10513
v -0.789998 -0.116215 -1.98272
v -0.78615 -0.1104 -2.01247
v -0.782303 -0.104823 -2.04222
v -0.778455 -0.100719 -2.07198
v -0.774608 -0.0975277 -2.10173
v -0.763119 -0.116708 -2.13049
v -0.770761 -0.109003 -2.13148
v -0.769735 -0.116708 -2.13941
v -0.823597 -0.11471 -1.95681
v -0.81975 -0.109085 -1.98657
v -0.815902 -0.103828 -2.01632
v -0.812055 -0.0998833 -2.04607
v -0.808208 -0.101081 -2.07582
v -0.80436 -0.108231 -2.10558
v -0.849502 -0.103235 -1.99041
v -0.85335 -0.108043 -1.96066
v -0.845655 -0.0989223 -2.02017
v -0.841807 -0.0973604 -2.04992
v -0.83796 -0.109203 -2.07967
v -0.834112 -0.107272 -2.10942
v -0.879254 -0.102963 -1.99426
v -0.883102 -0.102405 -1.96451
v -0.875407 -0.109217 -2.02401
v -0.871559 -0.116641 -2.05377
v -0.867712 -0.110158 -2.08352
v -0.909007 -0.110281 -1.99811
v -0.912854 -0.106116 -1.96836
v -0.885776 -0.116708 -2.02535
v -0.907834 -0.116708 -2.00717
v -0.871707 -0.116708 -2.05379
v -0.897929 -0.116708 -2.08377
v -0.897464 -0.114696 -2.08737
v -0.938759 -0.109593 -2.00196
v -0.942606 -0.11237 -1.9722
v -0.93755 -0.116708 -2.01131
v -0.902797 -0.116708 -2.08806
v -0.923794 -0.116708 -2.11768
v -0.923369 -0.115118 -2.12097
v -0.893617 -0.10747 -2.11712
v -0.948052 -0.116708 -2.00316
v -0.971797 -0.116708 -1.98039
v -0.972359 -0.113319 -1.97605
v -0.929433 -0.116708 -2.12175
v -0.923081 -0.116708 -2.1232
v -0.976726 -0.116708 -1.97662
v -0.959721 -0.116708 -2.21642
v -0.971332 -0.096182 -2.21792
v -0.973692 -0.116708 -2.19966
v -1.00527 -0.116708 -2.16181
v -1.00878 -0.110507 -2.16226
v -1.00942 -0.116708 -2.15727
v -0.984324 -0.116708 -2.18935
v -1.00493 -0.0875767 -2.19201
v -1.00483 -0.0867083 -2.19278
v -0.97803 -0.0867083 -2.21878
v -1.03128 -0.116708 -2.13492
v -1.04238 -0.0959632 -2.13635
v -1.04448 -0.116708 -2.12007
v -1.04101 -0.0867083 -2.14696
v -1.02714 -0.0867083 -2.16463
v -1.00542 -0.0867083 -2.19208
v -1.0554 -0.116708 -2.10779
v -1.07146 -0.0867083 -2.10987
v -1.07684 -0.0867083 -2.10382
v -1.07951 -0.116708 -2.08313
v -1.04816 -0.0867083 -2.1371
v 0.389374 -0.656708 -2.4477
v 0.358032 -0.679484 -2.43926
v 0.375841 -0.656708 -2.43696
v 0.391632 -0.677482 -2.46516
v 0.36188 -0.668934 -2.46901
v 0.364867 -0.656708 -2.49212
v 0.395479 -0.668885 -2.49492
v 0.371749 -0.656708 -2.49798
v 0.398866 -0.656708 -2.52111
v 0.331545 -0.656708 -2.46836
v 0.336978 -0.656708 -2.47223
v 0.32828 -0.679551 -2.44311
v 0.387784 -0.6305 -2.43541
v 0.388254 -0.626708 -2.43904
v 0.382105 -0.626708 -2.46639
v 0.391632 -0.639396 -2.46516
v 0.395479 -0.648005 -2.49492
v 0.365727 -0.652626 -2.49876
v 0.377541 -0.626708 -2.49723
v 0.367636 -0.626708 -2.51353
v 0.332127 -0.651374 -2.47286
v 0.335078 -0.626708 -2.49568
v 0.339852 -0.626708 -2.50211
v 0.320574 -0.656708 -2.47435
v 0.303292 -0.656708 -2.48379
v 0.305551 -0.626708 -2.50127
v 0.289033 -0.626708 -2.50868
v 0.27647 -0.634372 -2.5103
v 0.275156 -0.656708 -2.50014
v 0.276961 -0.626708 -2.5141
v 0.248277 -0.656708 -2.52621
v 0.261554 -0.656708 -2.51223
v 0.248859 -0.626708 -2.53071
v 0.376431 -0.626708 -2.34761
v 0.375021 -0.626708 -2.34631
v 0.376242 -0.625819 -2.34615
v 0.390081 -0.596708 -2.45317
v 0.384359 -0.596708 -2.4661
v 0.365727 -0.608658 -2.49876
v 0.363964 -0.596708 -2.48513
v 0.348492 -0.596708 -2.50099
v 0.335975 -0.619581 -2.50261
v 0.338444 -0.596708 -2.52171
v 0.298528 -0.604444 -2.44695
v 0.319678 -0.596708 -2.44422
v 0.296085 -0.596708 -2.42807
v 0.299546 -0.596708 -2.45483
v 0.306222 -0.620558 -2.50646
v 0.30938 -0.596708 -2.53088
v 0.268775 -0.598048 -2.4508
v 0.268365 -0.596708 -2.44762
v 0.283715 -0.596708 -2.47912
v 0.272623 -0.611392 -2.48055
v 0.274863 -0.596708 -2.49788
v 0.279221 -0.596708 -2.53158
v 0.26179 -0.596708 -2.4517
v 0.240094 -0.596708 -2.46293
v 0.242871 -0.60638 -2.4844
v 0.267691 -0.596708 -2.51144
v 0.246718 -0.618859 -2.51415
v 0.213118 -0.600611 -2.48825
v 0.211615 -0.596708 -2.47662
v 0.216966 -0.609027 -2.518
v 0.246846 -0.596708 -2.54439
v 0.239983 -0.626708 -2.54527
v 0.219719 -0.596708 -2.53929
v 0.198578 -0.596708 -2.49013
v 0.184789 -0.596708 -2.5031
v 0.187213 -0.60458 -2.52185
v 0.188395 -0.596708 -2.53099
v 0.414034 -0.596708 -2.40447
v 0.413689 -0.590749 -2.40181
v 0.407517 -0.566708 -2.40261
v 0.396317 -0.596708 -2.43431
v 0.39834 -0.566708 -2.43405
v 0.391051 -0.566708 -2.46067
v 0.386078 -0.566708 -2.46588
v 0.364349 -0.566708 -2.48811
v 0.335975 -0.581471 -2.50261
v 0.33375 -0.566708 -2.4854
v 0.298528 -0.588853 -2.44695
v 0.306222 -0.569689 -2.50646
v 0.305946 -0.566708 -2.50432
v 0.31007 -0.59113 -2.53621
v 0.30662 -0.566708 -2.50953
v 0.320107 -0.566708 -2.53491
v 0.268775 -0.593946 -2.4508
v 0.272623 -0.584474 -2.48055
v 0.302513 -0.566708 -2.50694
v 0.280318 -0.591601 -2.54006
v 0.242871 -0.57476 -2.4844
v 0.246718 -0.577619 -2.51415
v 0.250565 -0.5958 -2.5439
v 0.213118 -0.584694 -2.48825
v 0.2155 -0.566708 -2.50666
v 0.225363 -0.566708 -2.51691
v 0.22047 -0.566708 -2.5451
v 0.186589 -0.566708 -2.51702
v 0.219812 -0.566708 -2.54788
v 0.387784 -0.541443 -2.43541
v 0.404954 -0.536708 -2.40294
v 0.3872 -0.536708 -2.43089
v 0.38555 -0.536708 -2.4357
v 0.373946 -0.536708 -2.46745
v 0.364959 -0.536708 -2.49282
v 0.357587 -0.536708 -2.49982
v 0.335975 -0.551144 -2.50261
v 0.337958 -0.536708 -2.51795
v 0.306222 -0.564708 -2.50646
v 0.317359 -0.536708 -2.53527
v 0.216966 -0.561686 -2.518
v 0.187213 -0.563642 -2.52185
v 0.198443 -0.536708 -2.55064
v 0.190497 -0.536708 -2.54724
v 0.413689 -0.525223 -2.40181
v 0.415715 -0.506708 -2.41748
v 0.387778 -0.506708 -2.43536
v 0.387755 -0.506708 -2.43541
v 0.37438 -0.506708 -2.46739
v 0.364756 -0.506708 -2.49125
v 0.357249 -0.506708 -2.49986
v 0.338352 -0.506708 -2.52099
v 0.322655 -0.506708 -2.53458
v 0.196716 -0.506708 -2.55087
v 0.189585 -0.506708 -2.54019
v 0.415125 -0.476708 -2.41292
v 0.387622 -0.476708 -2.43415
v 0.387107 -0.476708 -2.4355
v 0.378872 -0.476708 -2.46681
v 0.365299 -0.476708 -2.49546
v 0.360752 -0.476708 -2.49941
v 0.338104 -0.476708 -2.51908
v 0.323588 -0.476708 -2.53446
v 0.193011 -0.476708 -2.55135
v 0.190784 -0.476708 -2.54946
v 0.39858 -0.446708 -2.43401
v 0.387784 -0.472719 -2.43541
v 0.4156 -0.446708 -2.41659
v 0.388887 -0.446708 -2.44394
v 0.378721 -0.446708 -2.46683
v 0.365338 -0.446708 -2.49576
v 0.361553 -0.446708 -2.4993
v 0.338324 -0.446708 -2.52077
v 0.326277 -0.446708 -2.53411
v 0.191061 -0.475283 -2.5516
v 0.415462 -0.416708 -2.41552
v 0.389444 -0.416708 -2.4352
v 0.387975 -0.416708 -2.43688
v 0.36621 -0.416708 -2.46845
v 0.362265 -0.416708 -2.47199
v 0.347968 -0.416708 -2.50106
v 0.338329 -0.416708 -2.52081
v 0.322678 -0.416708 -2.53458
v 0.389284 -0.386708 -2.44701
v 0.37004 -0.386708 -2.46796
v 0.362731 -0.386708 -2.4756
v 0.346052 -0.386708 -2.50131
v 0.336954 -0.386708 -2.51018
v 0.31007 -0.401261 -2.53621
v 0.30943 -0.386708 -2.53126
v 0.298462 -0.386708 -2.53771
v 0.389914 -0.356708 -2.45188
v 0.370216 -0.356708 -2.46793
v 0.362551 -0.356708 -2.4742
v 0.335975 -0.358761 -2.50261
v 0.335862 -0.356708 -2.50174
v 0.334986 -0.356708 -2.50274
v 0.309384 -0.356708 -2.53091
v 0.300992 -0.356708 -2.53738
v 0.389803 -0.326708 -2.45102
v 0.371928 -0.326708 -2.46771
v 0.36278 -0.326708 -2.47597
v 0.338978 -0.326708 -2.50222
v 0.335975 -0.34929 -2.50261
v 0.336332 -0.326708 -2.50537
v 0.30884 -0.326708 -2.5267
v 0.295895 -0.326708 -2.53804
v 0.388888 -0.296708 -2.44394
v 0.37483 -0.296708 -2.46734
v 0.363267 -0.296708 -2.47974
v 0.335975 -0.304208 -2.50261
v 0.33586 -0.296708 -2.50173
v 0.3346 -0.296708 -2.50279
v 0.308499 -0.296708 -2.52406
v 0.297781 -0.296708 -2.5378
v 0.389932 -0.266708 -2.45202
v 0.374554 -0.266708 -2.46737
v 0.363048 -0.266708 -2.47805
v 0.338493 -0.266708 -2.50228
v 0.335975 -0.287467 -2.50261
v 0.336242 -0.266708 -2.50468
v 0.309356 -0.266708 -2.53069
v 0.301355 -0.266708 -2.53734
v 0.363026 -0.236708 -2.47787
v 0.341976 -0.236708 -2.50183
v 0.336711 -0.236708 -2.50831
v 0.309021 -0.236708 -2.5281
v 0.29705 -0.236708 -2.53789
v 0.363496 -0.206708 -2.48151
v 0.342916 -0.206708 -2.50171
v 0.336541 -0.206708 -2.50699
v 0.308813 -0.206708 -2.52649
v 0.299906 -0.206708 -2.53752
v 0.364148 -0.176708 -2.48655
v 0.339825 -0.176708 -2.50211
v 0.336209 -0.176708 -2.50442
v 0.309832 -0.176708 -2.53437
v 0.306849 -0.176708 -2.53663
v 0.363005 -0.146708 -2.47771
v 0.345573 -0.146708 -2.50137
v 0.33727 -0.146708 -2.51263
v 0.309654 -0.146708 -2.53299
v 0.304033 -0.146708 -2.53699
v 0.337006 -0.116708 -2.51058
v 0.309466 -0.116708 -2.53154
v 0.303201 -0.116708 -2.5371
v 0.337089 -0.0867083 -2.51123
v 0.309937 -0.0867083 -2.53518
v 0.308528 -0.0867083 -2.53641
v 0.159671 -0.596708 -2.54278
v 0.160395 -0.626708 -2.54838
v 0.157461 -0.612588 -2.52569
v 0.15635 -0.596708 -2.5171
v 0.155749 -0.566708 -2.51245
v 0.120014 -0.579407 -2.47004
v 0.123861 -0.589759 -2.49979
v 0.146752 -0.566708 -2.49683
v 0.131972 -0.566708 -2.46849
v 0.105608 -0.596708 -2.50215
v 0.0921312 -0.566708 -2.48834
v 0.0926007 -0.596708 -2.49197
v 0.0987722 -0.566708 -2.47278
v 0.0641064 -0.596708 -2.47727
v 0.0735523 -0.566708 -2.47605
v -0.00284243 -0.571303 -2.45567
v 0.0284361 -0.566708 -2.46363
v 0.00630674 -0.566708 -2.45449
v -0.00111651 -0.596708 -2.46902
v 0.030298 -0.596708 -2.47803
v 0.170947 -0.536708 -2.52395
v 0.155787 -0.536708 -2.51275
v 0.120014 -0.550627 -2.47004
v 0.118223 -0.566708 -2.45619
v 0.123861 -0.538911 -2.49979
v 0.124285 -0.536708 -2.50306
v 0.0979899 -0.536708 -2.50314
v 0.0940229 -0.536708 -2.50297
v 0.0637195 -0.536708 -2.50255
v 0.0605095 -0.559736 -2.47773
v 0.0345344 -0.536708 -2.51079
v 0.0307573 -0.55628 -2.48158
v -0.00284243 -0.563868 -2.45567
v 0.00100502 -0.554116 -2.48543
v 0.0311088 -0.536708 -2.51178
v 0.00485241 -0.539266 -2.51518
v 0.00532812 -0.536708 -2.51886
v -0.0248999 -0.539229 -2.51903
v -0.0287473 -0.555227 -2.48927
v -0.0240041 -0.536708 -2.52595
v -0.0546521 -0.542708 -2.52287
v -0.0584995 -0.559465 -2.49312
v -0.053349 -0.536708 -2.53295
v 0.171037 -0.506708 -2.52394
v 0.156261 -0.506708 -2.51641
v 0.123861 -0.523208 -2.49979
v 0.129071 -0.506708 -2.49912
v 0.123069 -0.506708 -2.49366
v 0.110887 -0.506708 -2.50147
v 0.0941092 -0.534108 -2.50364
v 0.0951914 -0.506708 -2.51201
v 0.0769919 -0.506708 -2.50585
v 0.0637589 -0.506708 -2.50286
v 0.0485792 -0.506708 -2.50952
v 0.0346047 -0.533343 -2.51133
v 0.0350197 -0.506708 -2.51454
v 0.00553006 -0.506708 -2.52042
v -0.0228728 -0.506708 -2.5347
v -0.0516353 -0.506708 -2.5462
v 0.159167 -0.476708 -2.52547
v 0.156278 -0.476708 -2.51654
v 0.1427 -0.476708 -2.49735
v 0.122527 -0.476708 -2.48947
v 0.125313 -0.476708 -2.51102
v 0.153447 -0.476708 -2.52621
v 0.127709 -0.48829 -2.52954
v 0.137349 -0.476708 -2.55855
v 0.131556 -0.479372 -2.55929
v 0.115215 -0.476708 -2.50091
v 0.0979566 -0.485707 -2.53339
v 0.0995653 -0.476708 -2.54583
v 0.120997 -0.476708 -2.56066
v 0.064357 -0.50153 -2.50748
v 0.0682043 -0.482334 -2.53724
v 0.0691186 -0.476708 -2.54431
v 0.0384521 -0.48161 -2.54108
v 0.0394241 -0.476708 -2.5486
v 0.0086998 -0.480607 -2.54493
v 0.0103981 -0.476708 -2.55806
v -0.014811 -0.476708 -2.54797
v -0.0213053 -0.476708 -2.54682
v -0.024288 -0.476708 -2.5492
v -0.0508047 -0.498465 -2.55263
v -0.049481 -0.476708 -2.56286
v 0.157461 -0.475325 -2.52569
v 0.161309 -0.471144 -2.55545
v 0.123861 -0.473174 -2.49979
v 0.101804 -0.47459 -2.56314
v 0.0720517 -0.473197 -2.56699
v 0.0422995 -0.473228 -2.57084
v 0.0125472 -0.474535 -2.57468
v -0.0210525 -0.476295 -2.54878
v -0.0172051 -0.471674 -2.57853
v -0.0469573 -0.466431 -2.58238
v -0.0882518 -0.556434 -2.49697
v -0.090186 -0.566708 -2.48201
v -0.0603689 -0.566708 -2.47867
v -0.0844044 -0.543385 -2.52672
v -0.0830925 -0.536708 -2.53687
v -0.0811273 -0.506708 -2.55206
v -0.0985419 -0.536708 -2.52855
v -0.114157 -0.528403 -2.53057
v -0.115721 -0.536708 -2.51847
v -0.110631 -0.506708 -2.55783
v -0.113994 -0.506708 -2.5608
v -0.136498 -0.506708 -2.59173
v -0.140062 -0.518987 -2.56417
v -0.080557 -0.505042 -2.55647
v -0.0605812 -0.476708 -2.58414
v -0.0767096 -0.491173 -2.58623
v -0.110309 -0.502554 -2.56032
v -0.106462 -0.495889 -2.59007
v 0.200385 -0.626708 -2.58064
v 0.194908 -0.629076 -2.58135
v 0.373422 -0.605968 -2.55827
v 0.373092 -0.596708 -2.55572
v 0.382958 -0.596708 -2.55703
v 0.374119 -0.596708 -2.56366
v 0.370051 -0.596708 -2.5587
v 0.347889 -0.596708 -2.59182
v 0.347517 -0.596934 -2.59187
v 0.347489 -0.596708 -2.59165
v 0.347554 -0.596708 -2.59215
v 0.347316 -0.596708 -2.59189
v 0.29186 -0.598317 -2.62931
v 0.288061 -0.596708 -2.62981
v 0.291282 -0.596708 -2.62484
v 0.223473 -0.626708 -2.56832
v 0.222563 -0.596708 -2.56128
v 0.205414 -0.596708 -2.57999
v 0.373422 -0.593799 -2.55827
v 0.347517 -0.596568 -2.59187
v 0.312235 -0.566708 -2.55295
v 0.294115 -0.566708 -2.56852
v 0.284165 -0.572273 -2.56981
v 0.28498 -0.566708 -2.57612
v 0.303927 -0.596708 -2.62775
v 0.290953 -0.566708 -2.6223
v 0.30225 -0.566708 -2.62797
v 0.292742 -0.596708 -2.63613
v 0.292742 -0.566708 -2.63613
v 0.254413 -0.581739 -2.57366
v 0.25805 -0.566708 -2.60178
v 0.286029 -0.566708 -2.63007
v 0.22466 -0.587677 -2.5775
v 0.252889 -0.566708 -2.6041
v 0.228508 -0.571229 -2.60726
v 0.229492 -0.566708 -2.61486
v 0.310703 -0.536708 -2.54111
v 0.284165 -0.555703 -2.56981
v 0.280896 -0.536708 -2.54453
v 0.29186 -0.563468 -2.62931
v 0.276073 -0.536708 -2.57086
v 0.256435 -0.536708 -2.5893
v 0.23514 -0.536708 -2.6064
v 0.23958 -0.536708 -2.63607
v 0.232355 -0.551287 -2.63701
v 0.235349 -0.536708 -2.66016
v 0.194908 -0.552633 -2.58135
v 0.214304 -0.536708 -2.57884
v 0.198756 -0.545091 -2.6111
v 0.210755 -0.536708 -2.60955
v 0.225151 -0.536708 -2.63794
v 0.311204 -0.506708 -2.54498
v 0.283945 -0.506708 -2.56811
v 0.281663 -0.506708 -2.57013
v 0.256789 -0.506708 -2.59203
v 0.228508 -0.527741 -2.60726
v 0.225815 -0.506708 -2.58643
v 0.232355 -0.526672 -2.63701
v 0.219709 -0.506708 -2.57814
v 0.31125 -0.476708 -2.54534
v 0.285721 -0.476708 -2.56961
v 0.284165 -0.489168 -2.56981
v 0.284314 -0.476708 -2.57096
v 0.256561 -0.476708 -2.59027
v 0.235222 -0.476708 -2.60639
v 0.228508 -0.481887 -2.60726
v 0.229012 -0.476708 -2.61115
v 0.204243 -0.476708 -2.58014
v 0.198756 -0.485616 -2.6111
v 0.196541 -0.476708 -2.59398
v 0.201946 -0.476708 -2.63577
v 0.311605 -0.446708 -2.54808
v 0.286655 -0.446708 -2.56949
v 0.284412 -0.446708 -2.57172
v 0.256949 -0.446708 -2.59327
v 0.244291 -0.446708 -2.60522
v 0.229795 -0.446708 -2.61721
v 0.194908 -0.47111 -2.58135
v 0.198989 -0.446708 -2.61291
v 0.311201 -0.416708 -2.54495
v 0.284165 -0.426971 -2.56981
v 0.284035 -0.416708 -2.5688
v 0.282457 -0.416708 -2.57003
v 0.2565 -0.416708 -2.5898
v 0.23937 -0.416708 -2.60585
v 0.229505 -0.416708 -2.61497
v 0.202154 -0.416708 -2.63738
v 0.281809 -0.386708 -2.55159
v 0.255484 -0.386708 -2.57352
v 0.254511 -0.386708 -2.57442
v 0.228508 -0.401312 -2.60726
v 0.227719 -0.386708 -2.60116
v 0.215498 -0.386708 -2.60894
v 0.200064 -0.386708 -2.62122
v 0.282003 -0.356708 -2.55309
v 0.26063 -0.356708 -2.57285
v 0.254984 -0.356708 -2.57807
v 0.227998 -0.356708 -2.60331
v 0.222742 -0.356708 -2.608
v 0.200959 -0.356708 -2.62814
v 0.281832 -0.326708 -2.55177
v 0.254413 -0.329277 -2.57366
v 0.254365 -0.326708 -2.57329
v 0.25383 -0.326708 -2.57373
v 0.22734 -0.326708 -2.59822
v 0.215856 -0.326708 -2.60889
v 0.200272 -0.326708 -2.62283
v 0.282728 -0.296708 -2.5587
v 0.267719 -0.296708 -2.57194
v 0.254413 -0.325389 -2.57366
v 0.25553 -0.296708 -2.58229
v 0.228396 -0.296708 -2.60639
v 0.227287 -0.296708 -2.60741
v 0.201184 -0.296708 -2.62988
v 0.28225 -0.266708 -2.555
v 0.263421 -0.266708 -2.57249
v 0.255155 -0.266708 -2.57939
v 0.227648 -0.266708 -2.60061
v 0.219295 -0.266708 -2.60845
v 0.200753 -0.266708 -2.62655
v 0.281772 -0.236708 -2.5513
v 0.256636 -0.236708 -2.57337
v 0.254592 -0.236708 -2.57504
v 0.228044 -0.236708 -2.60367
v 0.223601 -0.236708 -2.60789
v 0.201187 -0.236708 -2.62991
v 0.282828 -0.206708 -2.55947
v 0.268783 -0.206708 -2.5718
v 0.255527 -0.206708 -2.58227
v 0.228065 -0.206708 -2.60383
v 0.223302 -0.206708 -2.60793
v 0.20101 -0.206708 -2.62854
v 0.28235 -0.176708 -2.55577
v 0.263173 -0.176708 -2.57252
v 0.255143 -0.176708 -2.5793
v 0.227622 -0.176708 -2.60041
v 0.216776 -0.176708 -2.60877
v 0.200225 -0.176708 -2.62246
v 0.282019 -0.146708 -2.55321
v 0.264383 -0.146708 -2.57237
v 0.255415 -0.146708 -2.58141
v 0.228309 -0.146708 -2.60572
v 0.225947 -0.146708 -2.60759
v 0.20112 -0.146708 -2.62939
v 0.28269 -0.116708 -2.5584
v 0.269804 -0.116708 -2.57167
v 0.255609 -0.116708 -2.5829
v 0.227998 -0.116708 -2.60331
v 0.221967 -0.116708 -2.6081
v 0.200642 -0.116708 -2.62569
v 0.282749 -0.0867083 -2.55886
v 0.265674 -0.0867083 -2.5722
v 0.255212 -0.0867083 -2.57984
v 0.22754 -0.0867083 -2.59977
v 0.217728 -0.0867083 -2.60865
v 0.200817 -0.0867083 -2.62705
v 0.165156 -0.488363 -2.5852
v 0.163457 -0.476708 -2.57206
v 0.18257 -0.476708 -2.58295
v 0.169003 -0.487555 -2.61495
v 0.195123 -0.476708 -2.64182
v 0.172851 -0.480517 -2.6447
v 0.174612 -0.476708 -2.65832
v 0.156985 -0.476708 -2.58626
v 0.131955 -0.476708 -2.56238
v 0.139251 -0.480119 -2.6188
v 0.138646 -0.476708 -2.61412
v 0.140639 -0.476708 -2.62953
v 0.160872 -0.476708 -2.64625
v 0.135489 -0.476708 -2.61929
v -0.0431099 -0.488515 -2.61213
v -0.0454887 -0.476708 -2.59374
v -0.0288278 -0.476708 -2.61028
v 0.184239 -0.446708 -2.64323
v 0.174717 -0.446708 -2.65914
v 0.135404 -0.466009 -2.58905
v 0.143098 -0.465829 -2.64855
v 0.148958 -0.446708 -2.67804
v 0.146444 -0.476708 -2.67442
v 0.151656 -0.476708 -2.67769
v 0.147208 -0.476708 -2.68033
v 0.147102 -0.446708 -2.67951
v 0.105651 -0.469247 -2.59289
v 0.109499 -0.462945 -2.62265
v 0.113346 -0.462142 -2.6524
v 0.116766 -0.476708 -2.67884
v 0.118131 -0.476708 -2.6894
v 0.118517 -0.446708 -2.69239
v 0.0758992 -0.470158 -2.59674
v 0.0797465 -0.464605 -2.62649
v 0.0835939 -0.472442 -2.65625
v 0.113507 -0.476708 -2.68263
v 0.0874414 -0.461639 -2.686
v 0.098243 -0.476708 -2.71485
v 0.0908345 -0.476708 -2.71224
v 0.0912888 -0.45877 -2.71575
v 0.0909683 -0.446708 -2.71327
v 0.0920197 -0.476708 -2.7214
v 0.0461469 -0.470823 -2.60059
v 0.0499943 -0.466169 -2.63034
v 0.0538417 -0.469659 -2.66009
v 0.065286 -0.476708 -2.68886
v 0.0562915 -0.476708 -2.67904
v 0.0854871 -0.446708 -2.7165
v 0.0633365 -0.446708 -2.73352
v 0.0628525 -0.476708 -2.72977
v 0.0163946 -0.468152 -2.60444
v 0.0218114 -0.476708 -2.63399
v 0.0198931 -0.476708 -2.63149
v 0.0206894 -0.476708 -2.63765
v 0.0240894 -0.469468 -2.66394
v 0.0261791 -0.476708 -2.6801
v 0.0456135 -0.476708 -2.72166
v 0.0317842 -0.469514 -2.72345
v 0.0308608 -0.476708 -2.7163
v 0.0340037 -0.446708 -2.74061
v -0.0133577 -0.460766 -2.60828
v 0.0186795 -0.476708 -2.63439
v -0.00951028 -0.465664 -2.63804
v -0.00566286 -0.449777 -2.66779
v 0.00604948 -0.446708 -2.69652
v 0.016769 -0.476708 -2.69514
v -0.00435969 -0.446708 -2.67787
v 0.0206868 -0.446708 -2.72488
v -0.0415728 -0.476708 -2.62402
v -0.0392625 -0.447437 -2.64188
v -0.0354151 -0.4759 -2.67164
v -0.0352154 -0.476708 -2.67318
v -0.00967476 -0.446708 -2.69856
v -0.0147746 -0.476708 -2.69922
v -0.0277203 -0.471197 -2.73114
v -0.029131 -0.446708 -2.72023
v -0.00539565 -0.476708 -2.72825
v -0.0267964 -0.476708 -2.73828
v 0.197853 -0.416708 -2.64147
v 0.174387 -0.416708 -2.65659
v 0.146946 -0.444199 -2.6783
v 0.145893 -0.416708 -2.67016
v 0.131619 -0.416708 -2.68028
v 0.118795 -0.416708 -2.69454
v 0.0971179 -0.416708 -2.715
v 0.0912888 -0.432827 -2.71575
v 0.0919987 -0.416708 -2.72124
v 0.0645562 -0.416708 -2.74295
v 0.0340402 -0.416708 -2.74089
v -0.00181547 -0.43522 -2.69754
v 0.00203195 -0.41816 -2.72729
v 0.00241432 -0.416708 -2.73025
v -0.0277203 -0.423435 -2.73114
v -0.0263662 -0.416708 -2.74161
v 0.17649 -0.386708 -2.64423
v 0.173205 -0.386708 -2.64744
v 0.146653 -0.386708 -2.67603
v 0.144349 -0.386708 -2.67864
v 0.11992 -0.386708 -2.70323
v 0.0985267 -0.386708 -2.71481
v 0.0916793 -0.386708 -2.71877
v 0.0647501 -0.386708 -2.74445
v 0.0497687 -0.386708 -2.75137
v 0.0356317 -0.395349 -2.7532
v 0.0362548 -0.386708 -2.75802
v 0.0180999 -0.386708 -2.75546
v 0.00543076 -0.386708 -2.75358
v -0.00818533 -0.386708 -2.75886
v -0.0238729 -0.392303 -2.76089
v -0.0234001 -0.386708 -2.76455
v 0.186584 -0.356708 -2.64293
v 0.174108 -0.356708 -2.65443
v 0.146028 -0.356708 -2.6712
v 0.135071 -0.356708 -2.67984
v 0.119224 -0.356708 -2.69785
v 0.102575 -0.356708 -2.71429
v 0.0924418 -0.356708 -2.72467
v 0.0644791 -0.356708 -2.74235
v 0.0527126 -0.356708 -2.75099
v 0.0372333 -0.356708 -2.76558
v 0.00587937 -0.381573 -2.75704
v 0.00769421 -0.356708 -2.77108
v -0.0208626 -0.356708 -2.78417
v 0.178832 -0.326708 -2.64393
v 0.173439 -0.326708 -2.64926
v 0.146497 -0.326708 -2.67483
v 0.142486 -0.326708 -2.67888
v 0.120051 -0.326708 -2.70424
v 0.0993687 -0.326708 -2.71471
v 0.0916432 -0.326708 -2.71849
v 0.0650767 -0.326708 -2.74697
v 0.0623191 -0.326708 -2.74975
v 0.0374565 -0.326708 -2.76731
v 0.00877389 -0.326708 -2.77943
v -0.000203133 -0.326708 -2.78808
v -0.0200255 -0.347854 -2.79064
v -0.0186428 -0.326708 -2.80134
v 0.186839 -0.296708 -2.64289
v 0.173823 -0.296708 -2.65222
v 0.14607 -0.296708 -2.67153
v 0.136456 -0.296708 -2.67966
v 0.119183 -0.296708 -2.69753
v 0.103825 -0.296708 -2.71413
v 0.0925996 -0.296708 -2.72589
v 0.0645669 -0.296708 -2.74303
v 0.0548762 -0.296708 -2.75071
v 0.0379004 -0.296708 -2.77074
v 0.0108229 -0.296708 -2.78666
v 0.00972676 -0.298567 -2.7868
v 0.00977904 -0.296708 -2.7872
v -0.0168281 -0.296708 -2.81537
v 0.179919 -0.266708 -2.64379
v 0.173427 -0.266708 -2.64916
v 0.146873 -0.266708 -2.67774
v 0.146269 -0.266708 -2.67839
v 0.119575 -0.266708 -2.70056
v 0.0955358 -0.266708 -2.7152
v 0.091608 -0.266708 -2.71822
v 0.065201 -0.266708 -2.74794
v 0.0636911 -0.266708 -2.74957
v 0.0379443 -0.266708 -2.77108
v 0.0184669 -0.266708 -2.78567
v 0.0105635 -0.266708 -2.79327
v -0.0163538 -0.266708 -2.81904
v 0.184351 -0.236708 -2.64322
v 0.173672 -0.236708 -2.65105
v 0.146104 -0.236708 -2.67179
v 0.136983 -0.236708 -2.67959
v 0.119142 -0.236708 -2.69722
v 0.102715 -0.236708 -2.71427
v 0.092468 -0.236708 -2.72487
v 0.0651242 -0.236708 -2.74734
v 0.0615498 -0.236708 -2.74985
v 0.0376426 -0.236708 -2.76875
v 0.0225325 -0.236708 -2.78514
v 0.0109001 -0.236708 -2.79587
v -0.0166473 -0.236708 -2.81677
v 0.184283 -0.206708 -2.64322
v 0.173771 -0.206708 -2.65182
v 0.146551 -0.206708 -2.67525
v 0.142966 -0.206708 -2.67882
v 0.119523 -0.206708 -2.70016
v 0.0986305 -0.206708 -2.7148
v 0.0918164 -0.206708 -2.71983
v 0.0648802 -0.206708 -2.74545
v 0.0605081 -0.206708 -2.74998
v 0.0378111 -0.206708 -2.77005
v 0.0169418 -0.206708 -2.78586
v 0.0103583 -0.206708 -2.79168
v -0.0169739 -0.206708 -2.81424
v 0.17672 -0.176708 -2.6442
v 0.173181 -0.176708 -2.64726
v 0.1459 -0.176708 -2.67021
v 0.135069 -0.176708 -2.67984
v 0.11902 -0.176708 -2.69627
v 0.102249 -0.176708 -2.71433
v 0.0924244 -0.176708 -2.72453
v 0.0648686 -0.176708 -2.74536
v 0.0567062 -0.176708 -2.75047
v 0.0372162 -0.176708 -2.76545
v 0.0194455 -0.176708 -2.78554
v 0.0106491 -0.176708 -2.79393
v -0.017028 -0.176708 -2.81382
v 0.185554 -0.146708 -2.64306
v 0.173955 -0.146708 -2.65324
v 0.146223 -0.146708 -2.67272
v 0.137821 -0.146708 -2.67948
v 0.119199 -0.146708 -2.69766
v 0.0946303 -0.146708 -2.71532
v 0.0915218 -0.146708 -2.71755
v 0.0648235 -0.146708 -2.74502
v 0.059924 -0.146708 -2.75006
v 0.0375912 -0.146708 -2.76835
v 0.0181925 -0.146708 -2.7857
v 0.010491 -0.146708 -2.79271
v -0.0166715 -0.146708 -2.81658
v 0.177017 -0.116708 -2.64416
v 0.17317 -0.116708 -2.64717
v 0.146038 -0.116708 -2.67129
v 0.137259 -0.116708 -2.67956
v 0.119067 -0.116708 -2.69664
v 0.100914 -0.116708 -2.71451
v 0.0920897 -0.116708 -2.72194
v 0.0648437 -0.116708 -2.74517
v 0.060361 -0.116708 -2.75
v 0.0376407 -0.116708 -2.76873
v 0.0168519 -0.116708 -2.78588
v 0.0103289 -0.116708 -2.79145
v -0.0169597 -0.116708 -2.81435
v 0.181978 -0.0867083 -2.64352
v 0.173641 -0.0867083 -2.65082
v 0.146169 -0.0867083 -2.6723
v 0.138536 -0.0867083 -2.67939
v 0.119085 -0.0867083 -2.69678
v 0.0912888 -0.0896941 -2.71575
v 0.0912046 -0.0867083 -2.7151
v 0.0901744 -0.0867083 -2.71589
v 0.0643298 -0.0867083 -2.7412
v 0.0560087 -0.0867083 -2.75056
v 0.0375005 -0.0867083 -2.76765
v 0.0168306 -0.0867083 -2.78588
v 0.010319 -0.0867083 -2.79138
v -0.0170135 -0.0867083 -2.81394
v -0.0728622 -0.480545 -2.61598
v -0.0614463 -0.476708 -2.64475
v -0.0690148 -0.484785 -2.64573
v -0.102614 -0.484643 -2.61983
v -0.0987671 -0.478162 -2.64958
v -0.0651674 -0.479672 -2.67548
v -0.0949197 -0.480866 -2.67933
v -0.0810773 -0.476708 -2.78637
v -0.0536252 -0.477865 -2.76474
v -0.0535126 -0.476708 -2.76561
v -0.0833774 -0.496172 -2.76859
v -0.0411588 -0.476708 -2.67238
v -0.0659824 -0.446708 -2.66918
v -0.0651674 -0.458678 -2.67548
v -0.0630444 -0.446708 -2.67521
v -0.06132 -0.451521 -2.70523
v -0.056128 -0.446708 -2.70456
v -0.0574726 -0.453795 -2.73499
v -0.0286923 -0.446708 -2.76152
v -0.0521869 -0.476708 -2.76455
v -0.0557626 -0.446708 -2.74821
v -0.0520803 -0.446708 -2.77669
v -0.0949197 -0.45406 -2.67933
v -0.095512 -0.446708 -2.67475
v -0.0910723 -0.449908 -2.70908
v -0.0872248 -0.455838 -2.73883
v -0.063632 -0.446708 -2.76603
v -0.0833774 -0.46381 -2.76859
v -0.0936316 -0.446708 -2.70941
v -0.0928823 -0.446708 -2.73957
v -0.0939388 -0.446708 -2.76995
v -0.109555 -0.476708 -2.80008
v -0.0901081 -0.446708 -2.79971
v -0.109282 -0.47114 -2.80219
v -0.108291 -0.446708 -2.80985
v -0.0651674 -0.444505 -2.67548
v -0.06132 -0.441693 -2.70523
v -0.0574726 -0.439981 -2.73499
v -0.0487648 -0.416708 -2.76411
v -0.0532878 -0.416708 -2.76735
v -0.0949197 -0.445489 -2.67933
v -0.0910723 -0.443046 -2.70908
v -0.0872248 -0.438675 -2.73883
v -0.0833774 -0.426126 -2.76859
v -0.0817914 -0.416708 -2.78085
v -0.109102 -0.446708 -2.65091
v -0.128519 -0.440824 -2.65343
v -0.0979575 -0.446708 -2.67972
v -0.126442 -0.446708 -2.66949
v -0.0948929 -0.416708 -2.80033
v -0.10808 -0.416708 -2.81148
v -0.0513059 -0.386708 -2.78267
v -0.0688574 -0.386708 -2.79696
v -0.07953 -0.396246 -2.79834
v -0.0788043 -0.386708 -2.80395
v -0.107297 -0.386708 -2.81754
v -0.0284099 -0.356708 -2.79173
v -0.0497778 -0.372922 -2.79449
v -0.0483404 -0.356708 -2.80561
v -0.0759656 -0.356708 -2.8259
v -0.0790711 -0.356708 -2.82853
v -0.105435 -0.373874 -2.83194
v -0.0469617 -0.326708 -2.81627
v -0.0581103 -0.326708 -2.82582
v -0.0756826 -0.352219 -2.82809
v -0.023442 -0.296708 -2.82134
v -0.0459304 -0.315382 -2.82424
v -0.0184986 -0.266708 -2.8207
v -0.0208716 -0.236708 -2.821
v -0.0276505 -0.206708 -2.82188
v -0.0249884 -0.176708 -2.82154
v -0.0214372 -0.146708 -2.82108
v -0.025328 -0.116708 -2.82158
v -0.0263048 -0.0867083 -2.82171
v -0.370348 -0.206708 -2.8662
v -0.373205 -0.199672 -2.86657
v -0.373897 -0.206708 -2.86121
v -0.384686 -0.176708 -2.86805
v -0.384247 -0.146708 -2.86799
v -0.405851 -0.146708 -2.84804
v -0.405405 -0.176708 -2.85149
v -0.415859 -0.176708 -2.84183
v -0.413421 -0.146708 -2.84152
v -0.439897 -0.146708 -2.81868
v -0.439759 -0.176708 -2.81975
v -0.470913 -0.176708 -2.78845
v -0.474004 -0.150621 -2.78885
v -0.474549 -0.176708 -2.78464
v -0.473954 -0.146708 -2.78924
v -0.443301 -0.146708 -2.81513
v -0.44432 -0.176708 -2.81526
v -0.49527 -0.176708 -2.76135
v -0.500156 -0.146708 -2.76198
v -0.508916 -0.146708 -2.7528
v -0.509722 -0.176708 -2.74657
v -0.474322 -0.146708 -2.78889
v -0.391157 -0.116708 -2.86889
v -0.404691 -0.116708 -2.85701
v -0.420844 -0.116708 -2.84248
v -0.439112 -0.116708 -2.82476
v -0.474004 -0.133208 -2.78885
v -0.473544 -0.116708 -2.78879
v -0.474116 -0.116708 -2.78799
v -0.447746 -0.116708 -2.81571
v -0.498417 -0.116708 -2.76176
v -0.509273 -0.116708 -2.75004
v -0.398099 -0.0867083 -2.86978
v -0.403701 -0.0867083 -2.86467
v -0.430858 -0.0867083 -2.84377
v -0.437295 -0.0867083 -2.83881
v -0.474004 -0.115857 -2.78885
v -0.471061 -0.0867083 -2.81161
v -0.463434 -0.0867083 -2.81773
v -0.507604 -0.104867 -2.76295
v -0.505117 -0.0867083 -2.78218
v -0.49578 -0.0867083 -2.79167
v -0.103529 -0.356708 -2.84668
v -0.0741917 -0.326708 -2.83962
v -0.101762 -0.326708 -2.86034
v -0.102971 -0.326708 -2.86187
v -0.127933 -0.356708 -2.89189
v -0.113401 -0.356708 -2.86322
v -0.127764 -0.326708 -2.89319
v -0.0445017 -0.296708 -2.83529
v -0.0655695 -0.296708 -2.85703
v -0.0718352 -0.304093 -2.85784
v -0.0710827 -0.296708 -2.86366
v -0.101588 -0.323422 -2.86169
v -0.0994647 -0.296708 -2.87811
v -0.0434046 -0.266708 -2.84378
v -0.0534756 -0.266708 -2.85547
v -0.0701721 -0.266708 -2.8707
v -0.0978337 -0.266708 -2.89072
v -0.0433854 -0.236708 -2.84392
v -0.0581666 -0.236708 -2.85608
v -0.0705379 -0.236708 -2.86788
v -0.0981278 -0.236708 -2.88845
v -0.128654 -0.266708 -2.88631
v -0.127565 -0.236708 -2.89473
v -0.044268 -0.206708 -2.8371
v -0.0618398 -0.206708 -2.85655
v -0.0710298 -0.206708 -2.86407
v -0.0977643 -0.206708 -2.89126
v -0.128673 -0.206708 -2.88616
v -0.142863 -0.206708 -2.89728
v -0.128895 -0.236708 -2.89547
v -0.155779 -0.236708 -2.91047
v -0.15614 -0.206708 -2.90768
v -0.183495 -0.236708 -2.93006
v -0.183826 -0.206708 -2.92751
v -0.19406 -0.206708 -2.93415
v -0.189668 -0.236708 -2.93358
v -0.210618 -0.236708 -2.95425
v -0.211733 -0.206708 -2.94562
v -0.0438881 -0.176708 -2.84004
v -0.0675194 -0.176708 -2.85729
v -0.0714453 -0.176708 -2.86086
v -0.0980481 -0.176708 -2.88906
v -0.127841 -0.176708 -2.89259
v -0.135922 -0.176708 -2.89638
v -0.156363 -0.176708 -2.90596
v -0.18387 -0.176708 -2.92717
v -0.19151 -0.176708 -2.93382
v -0.21096 -0.176708 -2.9516
v -0.239727 -0.206708 -2.96306
v -0.238858 -0.176708 -2.96978
v -0.0441466 -0.146708 -2.83804
v -0.0637504 -0.146708 -2.8568
v -0.0710784 -0.146708 -2.8637
v -0.0987364 -0.146708 -2.88374
v -0.109768 -0.146708 -2.893
v -0.127492 -0.172301 -2.89529
v -0.125468 -0.146708 -2.91095
v -0.153577 -0.146708 -2.9275
v -0.183182 -0.146708 -2.93248
v -0.183467 -0.146708 -2.93278
v -0.210951 -0.146708 -2.95167
v -0.237686 -0.146708 -2.97004
v -0.238807 -0.16743 -2.97018
v -0.238724 -0.146708 -2.97082
v -0.0441698 -0.116708 -2.83786
v -0.0644388 -0.116708 -2.85689
v -0.0712642 -0.116708 -2.86226
v -0.0990054 -0.116708 -2.88166
v -0.110152 -0.116708 -2.89305
v -0.125814 -0.116708 -2.90827
v -0.150903 -0.116708 -2.92857
v -0.153397 -0.1348 -2.92889
v -0.153186 -0.116708 -2.93052
v -0.18315 -0.146362 -2.93274
v -0.180867 -0.116708 -2.95039
v -0.205101 -0.116708 -2.96583
v -0.209054 -0.119433 -2.96634
v -0.208815 -0.116708 -2.96819
v -0.238807 -0.144315 -2.97018
v -0.239957 -0.116708 -2.96129
v -0.214444 -0.116708 -2.96703
v -0.0443113 -0.0867083 -2.83676
v -0.0681592 -0.0867083 -2.85737
v -0.0715794 -0.0867083 -2.85982
v -0.0986567 -0.0867083 -2.88436
v -0.107298 -0.0867083 -2.89268
v -0.125916 -0.0867083 -2.90748
v -0.153397 -0.100908 -2.92889
v -0.153583 -0.0867083 -2.92746
v -0.155897 -0.0867083 -2.92921
v -0.181078 -0.0867083 -2.94876
v -0.205588 -0.0867083 -2.96589
v -0.208763 -0.0867083 -2.96859
v -0.21573 -0.0867083 -2.9672
v -0.23981 -0.0867083 -2.96242
v -0.270312 -0.206708 -2.96048
v -0.269947 -0.176708 -2.9633
v -0.292727 -0.206708 -2.94691
v -0.292368 -0.176708 -2.94686
v -0.303479 -0.176708 -2.93791
v -0.303314 -0.206708 -2.93919
v -0.322891 -0.206708 -2.92056
v -0.323179 -0.176708 -2.9206
v -0.338043 -0.176708 -2.90455
v -0.338627 -0.206708 -2.90004
v -0.371667 -0.176708 -2.87846
v -0.34899 -0.176708 -2.89368
v -0.344367 -0.206708 -2.89309
v -0.241618 -0.146708 -2.97055
v -0.269667 -0.146708 -2.96546
v -0.294553 -0.146708 -2.94714
v -0.303099 -0.146708 -2.94085
v -0.326152 -0.146708 -2.92098
v -0.337145 -0.146708 -2.9115
v -0.355514 -0.146708 -2.89453
v -0.371498 -0.146708 -2.87977
v -0.270735 -0.116708 -2.9572
v -0.293536 -0.116708 -2.94701
v -0.302635 -0.116708 -2.94445
v -0.332542 -0.116708 -2.92181
v -0.336584 -0.116708 -2.91583
v -0.361523 -0.116708 -2.8953
v -0.37049 -0.116708 -2.88757
v -0.271158 -0.0867083 -2.95393
v -0.283668 -0.0867083 -2.94574
v -0.304368 -0.0867083 -2.93104
v -0.321643 -0.0867083 -2.9204
v -0.337505 -0.0867083 -2.90871
v -0.368785 -0.0867083 -2.89624
v -0.369399 -0.0867083 -2.896
v -1.10153 -0.116708 -2.05325
v -1.11343 -0.0930124 -2.05479
v -1.11554 -0.116708 -2.03843
v -1.11294 -0.0867083 -2.05857
v -1.09558 -0.0867083 -2.08274
v -1.08166 -0.116708 -2.08093
v -1.14819 -0.0867083 -2.01987
v -1.15087 -0.114912 -1.99914
v -1.14935 -0.116708 -1.99894
v -1.13958 -0.0867083 -2.02793
v -1.12353 -0.116708 -2.02585
v -1.1158 -0.0867083 -2.0551
v -1.16683 -0.0867083 -2.0012
v -0.791475 -0.116708 -2.43666
v -0.791791 -0.1063 -2.4367
v -0.791868 -0.116708 -2.4361
v -0.817045 -0.116708 -2.40971
v -0.814552 -0.0867083 -2.40939
v -0.827446 -0.0867083 -2.3949
v -0.827033 -0.116708 -2.39809
v -0.792557 -0.0867083 -2.4368
v -0.859928 -0.116708 -2.35476
v -0.862814 -0.0867083 -2.35513
v -0.862842 -0.0867083 -2.3551
v -0.863542 -0.116708 -2.34969
v -0.838951 -0.116708 -2.3823
v -0.838689 -0.0867083 -2.38226
v -0.895388 -0.116708 -2.29885
v -0.900285 -0.10993 -2.29948
v -0.901313 -0.116708 -2.29153
v -0.898434 -0.0867083 -2.31379
v -0.885586 -0.0867083 -2.32783
v -0.878901 -0.116708 -2.32696
v -0.936883 -0.116708 -2.24371
v -0.937732 -0.115307 -2.24382
v -0.937893 -0.116708 -2.24258
v -0.914199 -0.116708 -2.27103
v -0.933885 -0.091782 -2.27357
v -0.933295 -0.0867083 -2.27813
v -0.911064 -0.0867083 -2.30087
v -0.969742 -0.0867083 -2.23021
v -0.957962 -0.0867083 -2.24644
v -0.936889 -0.0867083 -2.27396
v -0.60062 -0.146708 -2.65398
v -0.601011 -0.116708 -2.65403
v -0.614292 -0.116708 -2.63969
v -0.614539 -0.146708 -2.63778
v -0.647417 -0.146708 -2.59953
v -0.649697 -0.134986 -2.59982
v -0.650099 -0.146708 -2.59671
v -0.649071 -0.116708 -2.60467
v -0.626039 -0.116708 -2.62701
v -0.622155 -0.146708 -2.62651
v -0.671705 -0.146708 -2.57242
v -0.675194 -0.116708 -2.57287
v -0.684511 -0.116708 -2.56453
v -0.685753 -0.146708 -2.55492
v -0.652587 -0.116708 -2.6002
v -0.693274 -0.146708 -2.54496
v -0.705768 -0.116708 -2.54657
v -0.71946 -0.116708 -2.52819
v -0.729362 -0.116708 -2.51937
v -0.720744 -0.131283 -2.51826
v -0.61225 -0.107684 -2.65548
v -0.633403 -0.0867083 -2.62796
v -0.647834 -0.0867083 -2.61423
v -0.624069 -0.0867083 -2.65701
v -0.683297 -0.0942599 -2.57392
v -0.682791 -0.0867083 -2.57783
v -0.659193 -0.0867083 -2.60105
v -0.70673 -0.0867083 -2.5467
v -0.719239 -0.0867083 -2.5299
v -0.686364 -0.0867083 -2.57431
v -0.754344 -0.10165 -2.49236
v -0.752695 -0.0867083 -2.49214
v -0.754635 -0.0867083 -2.49011
v -0.754017 -0.116708 -2.49488
v -0.729287 -0.0867083 -2.51936
v -0.791629 -0.0867083 -2.43795
v -0.773624 -0.0867083 -2.4646
v -0.772706 -0.116708 -2.46448
v -0.755544 -0.116708 -2.49251
v -0.520852 -0.176708 -2.73441
v -0.527047 -0.146708 -2.73521
v -0.543505 -0.146708 -2.71924
v -0.544352 -0.176708 -2.7127
v -0.547877 -0.176708 -2.70765
v -0.553826 -0.146708 -2.70842
v -0.523445 -0.116708 -2.73474
v -0.544091 -0.116708 -2.71471
v -0.577323 -0.146708 -2.68121
v -0.575984 -0.116708 -2.68104
v -0.579135 -0.116708 -2.67764
v -0.578932 -0.146708 -2.67921
v -0.550954 -0.116708 -2.70805
v -0.541204 -0.1019 -2.73704
v -0.538606 -0.0867083 -2.75713
v -0.525943 -0.0867083 -2.76532
v -0.578651 -0.114745 -2.68138
v -0.574803 -0.0987754 -2.71114
v -0.573884 -0.0867083 -2.71825
v -0.549021 -0.0867083 -2.73805
v -0.608403 -0.0904386 -2.68523
v -0.607488 -0.0867083 -2.69231
v -0.589764 -0.0867083 -2.71307
v -0.610351 -0.0867083 -2.68548
usemtl material_3
f 229 230 231
f 229 231 232
f 232 231 233
f 234 233 235
f 232 233 234
f 229 232 236
f 229 236 237
f 229 237 238
f 239 237 236
f 240 232 234
f 240 241 232
f 241 236 232
f 242 241 240
f 243 244 245
f 246 244 243
f 247 244 246
f 248 247 246
f 249 247 248
f 250 251 252
f 252 249 248
f 252 251 249
f 251 253 249
f 254 255 256
f 257 255 254
f 258 257 254
f 259 257 258
f 259 251 250
f 259 258 251
f 258 260 251
f 261 262 253
f 261 253 260
f 260 253 251
f 261 263 262
f 264 265 254
f 256 264 254
f 266 267 265
f 264 266 265
f 265 268 258
f 254 265 258
f 267 269 270
f 267 270 265
f 265 270 268
f 268 271 260
f 258 268 260
f 270 272 268
f 272 271 268
f 260 271 261
f 263 261 271
f 263 271 273
f 273 271 272
f 274 275 276
f 275 277 276
f 278 275 274
f 279 275 278
f 279 277 275
f 280 277 279
f 279 281 282
f 279 278 281
f 278 283 281
f 281 284 282
f 279 285 280
f 279 286 285
f 279 282 286
f 287 285 286
f 288 282 284
f 286 282 288
f 286 289 287
f 288 289 286
f 290 291 292
f 292 291 293
f 292 293 283
f 283 293 281
f 293 284 281
f 294 284 293
f 285 287 295
f 284 294 288
f 294 296 288
f 287 297 295
f 287 298 297
f 287 289 298
f 298 299 297
f 296 289 288
f 298 289 296
f 299 300 297
f 301 291 290
f 302 291 301
f 291 302 303
f 293 291 303
f 303 294 293
f 304 294 303
f 294 304 296
f 304 305 296
f 298 306 307
f 299 298 307
f 305 298 296
f 306 298 305
f 307 300 299
f 308 300 307
f 245 302 301
f 245 244 302
f 244 309 302
f 302 309 310
f 303 302 310
f 310 304 303
f 311 304 310
f 312 313 305
f 312 305 311
f 311 305 304
f 312 314 313
f 306 315 307
f 306 316 315
f 305 316 306
f 305 317 316
f 305 313 317
f 314 317 313
f 315 308 307
f 315 318 308
f 318 319 308
f 316 318 315
f 244 247 309
f 247 320 309
f 309 320 321
f 310 309 321
f 321 311 310
f 322 311 321
f 311 322 323
f 312 311 323
f 323 314 312
f 324 314 323
f 317 325 326
f 316 317 326
f 324 317 314
f 325 317 324
f 327 328 319
f 327 319 329
f 329 319 318
f 326 318 316
f 329 318 326
f 327 330 328
f 331 332 320
f 331 320 249
f 249 320 247
f 331 333 332
f 320 332 321
f 332 322 321
f 332 333 322
f 333 334 322
f 322 334 335
f 323 322 335
f 335 324 323
f 336 324 335
f 325 337 326
f 325 338 337
f 325 324 338
f 324 336 338
f 329 339 340
f 327 329 340
f 337 329 326
f 337 341 329
f 341 339 329
f 338 341 337
f 340 330 327
f 342 330 340
f 249 253 343
f 331 249 343
f 343 333 331
f 344 333 343
f 333 344 334
f 344 345 334
f 334 345 346
f 335 334 346
f 346 336 335
f 347 336 346
f 336 347 338
f 347 348 338
f 339 349 340
f 350 349 339
f 350 339 351
f 351 339 341
f 348 341 338
f 351 341 348
f 349 342 340
f 349 352 342
f 352 353 342
f 350 352 349
f 253 262 343
f 344 354 355
f 343 354 344
f 343 263 354
f 343 262 263
f 354 356 355
f 355 357 345
f 344 355 345
f 358 355 356
f 357 355 358
f 345 357 346
f 347 359 360
f 346 359 347
f 346 358 359
f 346 357 358
f 359 361 360
f 360 362 348
f 347 360 348
f 363 360 361
f 362 360 363
f 351 364 350
f 351 365 364
f 348 365 351
f 348 366 365
f 348 362 366
f 363 366 362
f 367 368 353
f 367 353 369
f 369 353 352
f 364 352 350
f 364 370 352
f 370 369 352
f 365 370 364
f 367 371 368
f 263 273 354
f 356 354 273
f 356 273 372
f 372 273 373
f 372 374 358
f 356 372 358
f 375 376 377
f 375 377 372
f 372 377 374
f 358 374 359
f 361 359 374
f 361 374 378
f 378 374 377
f 378 379 363
f 361 378 363
f 380 381 378
f 381 379 378
f 366 382 365
f 366 363 379
f 366 379 382
f 382 379 383
f 381 384 379
f 384 383 379
f 385 386 384
f 381 385 384
f 369 387 367
f 369 370 388
f 387 369 388
f 370 365 382
f 370 382 388
f 388 382 389
f 383 390 382
f 390 389 382
f 384 391 383
f 391 390 383
f 386 392 393
f 386 393 384
f 384 393 391
f 392 394 393
f 371 367 387
f 371 387 395
f 395 387 396
f 388 397 387
f 397 396 387
f 389 398 388
f 398 397 388
f 390 399 389
f 399 398 389
f 391 400 390
f 400 399 390
f 396 401 395
f 401 402 395
f 397 403 396
f 403 401 396
f 398 404 397
f 404 403 397
f 399 405 398
f 405 404 398
f 400 406 399
f 406 405 399
f 401 407 402
f 407 408 402
f 403 409 401
f 409 407 401
f 404 410 403
f 410 409 403
f 405 411 404
f 411 410 404
f 407 412 408
f 412 413 408
f 414 415 412
f 414 412 409
f 409 412 407
f 416 414 409
f 410 416 409
f 417 416 410
f 417 410 418
f 418 410 411
f 412 419 413
f 419 420 413
f 415 421 419
f 412 415 419
f 417 418 422
f 423 422 418
f 423 418 424
f 424 418 425
f 426 427 428
f 426 428 419
f 419 428 420
f 421 426 419
f 423 424 429
f 430 429 424
f 427 431 428
f 432 433 434
f 435 436 437
f 435 438 439
f 436 435 439
f 438 440 439
f 434 440 438
f 434 441 440
f 434 433 441
f 442 443 444
f 442 445 443
f 437 445 442
f 437 446 445
f 437 436 446
f 439 446 436
f 447 446 439
f 440 447 439
f 448 449 450
f 451 448 450
f 443 448 444
f 443 452 448
f 452 449 448
f 445 452 443
f 453 454 455
f 453 456 454
f 456 457 454
f 458 459 460
f 458 457 459
f 457 456 459
f 461 460 459
f 462 457 463
f 462 464 457
f 464 454 457
f 458 463 457
f 465 466 467
f 465 467 455
f 468 453 467
f 453 455 467
f 469 468 458
f 469 458 460
f 468 467 458
f 470 458 471
f 467 471 458
f 460 461 469
f 470 471 472
f 463 473 462
f 463 474 473
f 458 474 463
f 458 475 474
f 458 470 475
f 472 475 470
f 462 473 476
f 473 477 476
f 473 474 477
f 474 478 477
f 479 480 481
f 479 481 478
f 478 481 477
f 479 482 480
f 480 483 484
f 480 482 483
f 482 485 483
f 486 487 488
f 466 489 490
f 467 466 490
f 491 490 492
f 491 471 490
f 471 467 490
f 471 491 472
f 493 494 474
f 493 474 492
f 475 491 474
f 491 492 474
f 475 472 491
f 494 493 495
f 496 497 498
f 497 496 499
f 494 500 478
f 474 494 478
f 501 494 495
f 500 494 501
f 502 496 498
f 503 502 498
f 504 499 496
f 504 496 505
f 505 496 502
f 478 500 479
f 505 506 504
f 500 482 479
f 500 501 482
f 501 507 482
f 502 503 508
f 508 509 510
f 508 510 502
f 502 510 505
f 511 506 505
f 511 505 512
f 512 505 510
f 512 507 511
f 512 485 507
f 485 482 507
f 513 510 509
f 514 513 509
f 512 510 515
f 515 510 513
f 485 512 515
f 485 515 516
f 485 516 517
f 516 515 518
f 513 514 519
f 519 520 521
f 519 521 513
f 513 521 515
f 522 518 515
f 521 522 515
f 523 524 525
f 523 525 526
f 526 525 527
f 527 489 526
f 528 489 527
f 489 528 529
f 490 489 529
f 529 492 490
f 530 492 529
f 531 493 492
f 531 492 532
f 532 492 530
f 493 531 495
f 497 533 498
f 497 499 533
f 534 531 532
f 535 534 532
f 534 495 531
f 534 501 495
f 536 537 538
f 533 539 503
f 498 533 503
f 499 504 540
f 499 540 533
f 533 540 539
f 534 535 541
f 506 540 504
f 536 542 541
f 536 541 537
f 542 507 541
f 534 541 501
f 507 501 541
f 503 539 508
f 509 508 539
f 509 539 543
f 543 539 540
f 506 511 544
f 506 544 540
f 540 544 543
f 511 507 542
f 511 542 544
f 544 542 545
f 543 546 514
f 509 543 514
f 547 544 548
f 547 546 544
f 546 543 544
f 516 518 549
f 516 549 544
f 516 544 545
f 544 549 548
f 514 546 519
f 546 520 519
f 546 547 520
f 547 550 520
f 551 522 237
f 551 549 522
f 549 518 522
f 552 553 554
f 552 527 553
f 527 525 553
f 527 552 528
f 552 554 555
f 528 552 555
f 528 555 529
f 529 555 556
f 556 530 529
f 557 530 556
f 558 559 532
f 558 532 557
f 557 532 530
f 558 560 559
f 559 561 535
f 532 559 535
f 537 562 538
f 537 559 562
f 537 561 559
f 560 562 559
f 535 561 541
f 537 541 561
f 548 563 547
f 548 549 563
f 563 564 550
f 547 563 550
f 549 564 563
f 549 565 564
f 549 551 565
f 565 566 564
f 567 554 553
f 567 568 554
f 568 569 554
f 554 569 570
f 555 554 570
f 556 555 571
f 555 570 571
f 571 557 556
f 572 557 571
f 557 572 573
f 558 557 573
f 573 560 558
f 574 560 573
f 560 574 575
f 562 560 575
f 565 576 577
f 566 565 577
f 568 578 569
f 578 579 569
f 569 579 580
f 570 569 580
f 571 570 581
f 570 580 581
f 581 572 571
f 582 572 581
f 572 582 583
f 573 572 583
f 583 574 573
f 584 574 583
f 574 584 585
f 575 574 585
f 576 586 587
f 577 576 587
f 588 589 579
f 588 579 590
f 590 579 578
f 588 591 589
f 579 589 580
f 589 591 592
f 589 592 580
f 580 592 581
f 592 582 581
f 593 582 592
f 582 593 594
f 583 582 594
f 594 584 583
f 595 584 594
f 584 595 596
f 585 584 596
f 586 597 587
f 590 598 599
f 588 590 599
f 599 591 588
f 600 591 599
f 591 600 601
f 592 591 601
f 601 593 592
f 602 593 601
f 593 602 603
f 594 593 603
f 603 595 594
f 604 595 603
f 595 604 605
f 596 595 605
f 600 606 607
f 601 600 607
f 607 602 601
f 608 602 607
f 602 608 609
f 603 602 609
f 609 604 603
f 610 604 609
f 611 605 604
f 611 604 612
f 612 604 610
f 611 612 613
f 606 614 615
f 607 606 615
f 615 608 607
f 616 608 615
f 617 609 608
f 617 608 618
f 618 608 616
f 609 617 610
f 617 618 619
f 619 610 617
f 619 620 610
f 620 612 610
f 612 620 621
f 613 612 621
f 614 622 623
f 615 614 623
f 623 616 615
f 624 616 623
f 625 626 618
f 625 618 624
f 624 618 616
f 625 627 626
f 618 626 619
f 626 620 619
f 626 627 620
f 627 628 620
f 620 628 629
f 621 620 629
f 622 630 631
f 623 622 631
f 631 624 623
f 632 624 631
f 633 625 624
f 633 624 634
f 634 624 632
f 625 633 627
f 633 634 635
f 635 627 633
f 635 636 627
f 636 628 627
f 628 636 637
f 629 628 637
f 630 638 639
f 631 630 639
f 639 632 631
f 640 632 639
f 641 642 634
f 641 634 640
f 640 634 632
f 641 643 642
f 634 642 635
f 642 636 635
f 642 643 636
f 643 644 636
f 636 644 645
f 637 636 645
f 640 646 647
f 641 640 647
f 647 643 641
f 648 643 647
f 643 648 644
f 648 649 644
f 644 649 650
f 645 644 650
f 646 651 652
f 647 646 652
f 652 648 647
f 653 648 652
f 648 653 649
f 653 654 649
f 649 654 655
f 650 649 655
f 651 656 657
f 652 651 657
f 657 653 652
f 658 653 657
f 653 658 654
f 658 659 654
f 654 659 660
f 655 654 660
f 656 661 662
f 657 656 662
f 662 658 657
f 663 658 662
f 658 663 659
f 663 664 659
f 659 664 665
f 660 659 665
f 663 666 664
f 666 667 664
f 664 667 668
f 665 664 668
f 666 669 667
f 669 670 667
f 667 670 671
f 668 667 671
f 672 522 231
f 672 231 230
f 522 521 231
f 673 231 674
f 521 674 231
f 520 550 675
f 550 676 675
f 237 672 238
f 522 672 237
f 677 678 679
f 680 677 679
f 681 682 683
f 681 677 682
f 681 678 677
f 677 684 682
f 682 685 683
f 686 685 682
f 687 688 689
f 687 690 688
f 690 691 688
f 564 692 693
f 564 693 550
f 550 693 676
f 566 692 564
f 680 694 695
f 680 679 696
f 694 680 696
f 679 697 696
f 679 676 697
f 676 693 697
f 695 694 684
f 698 694 696
f 698 682 694
f 698 699 682
f 684 694 682
f 697 698 696
f 686 700 701
f 686 682 700
f 682 699 700
f 702 701 700
f 703 701 702
f 689 688 703
f 689 703 704
f 704 703 705
f 706 703 702
f 706 707 703
f 707 705 703
f 706 708 707
f 707 709 705
f 709 710 705
f 711 707 708
f 709 707 711
f 709 712 710
f 712 713 710
f 714 709 711
f 712 709 714
f 692 715 716
f 693 692 716
f 577 692 566
f 715 692 577
f 717 718 719
f 717 716 718
f 717 697 716
f 697 693 716
f 720 721 699
f 720 699 719
f 698 717 699
f 717 719 699
f 698 697 717
f 721 720 722
f 721 723 724
f 721 724 699
f 699 724 700
f 722 723 721
f 725 726 702
f 725 702 724
f 724 702 700
f 725 727 726
f 702 726 706
f 726 708 706
f 726 727 708
f 727 728 708
f 708 728 711
f 728 729 711
f 711 729 714
f 729 730 714
f 715 731 732
f 716 715 732
f 587 715 577
f 731 715 587
f 718 733 734
f 719 718 734
f 732 718 716
f 732 733 718
f 735 736 737
f 737 738 739
f 736 738 737
f 719 734 740
f 720 719 740
f 722 737 741
f 722 740 737
f 722 720 740
f 740 735 737
f 742 739 743
f 742 741 739
f 741 737 739
f 723 744 724
f 723 722 741
f 723 741 744
f 744 741 745
f 746 741 742
f 745 741 746
f 724 744 725
f 727 725 744
f 727 744 747
f 747 744 745
f 748 745 746
f 747 745 748
f 747 749 728
f 727 747 728
f 750 747 748
f 749 747 750
f 749 751 752
f 749 752 728
f 728 752 729
f 750 751 749
f 753 754 730
f 753 730 752
f 752 730 729
f 753 755 754
f 731 756 732
f 731 587 597
f 731 597 756
f 756 597 757
f 733 758 734
f 733 732 756
f 733 756 758
f 736 735 756
f 735 758 756
f 738 736 756
f 757 738 756
f 734 758 740
f 735 740 758
f 743 759 742
f 759 760 746
f 742 759 746
f 760 761 748
f 746 760 748
f 761 762 750
f 748 761 750
f 751 763 752
f 751 750 762
f 751 762 763
f 763 762 764
f 752 763 753
f 755 753 763
f 755 763 765
f 765 763 764
f 713 766 767
f 768 713 767
f 712 769 713
f 769 766 713
f 770 712 714
f 769 712 770
f 714 730 770
f 730 771 770
f 772 773 774
f 772 775 773
f 772 770 775
f 770 771 775
f 776 777 778
f 754 779 771
f 730 754 771
f 780 754 755
f 780 781 754
f 781 779 754
f 779 782 775
f 771 779 775
f 781 783 779
f 783 782 779
f 755 765 780
f 784 235 785
f 786 787 788
f 788 789 786
f 786 790 787
f 791 792 793
f 789 790 786
f 791 794 792
f 792 795 793
f 796 797 798
f 516 799 517
f 800 799 516
f 799 800 801
f 784 799 801
f 801 235 784
f 234 235 801
f 788 787 802
f 788 802 789
f 787 790 802
f 789 802 790
f 791 793 803
f 791 803 794
f 538 804 536
f 793 795 803
f 794 803 795
f 805 536 804
f 805 806 536
f 806 542 536
f 805 807 806
f 808 809 810
f 798 809 808
f 810 811 808
f 812 811 810
f 806 813 542
f 813 545 542
f 814 806 807
f 813 806 814
f 798 815 809
f 797 815 798
f 812 797 811
f 815 797 812
f 800 516 545
f 800 545 816
f 816 545 813
f 817 813 814
f 817 818 813
f 818 816 813
f 817 819 818
f 800 816 801
f 237 239 551
f 234 801 816
f 234 816 240
f 240 816 818
f 242 818 819
f 240 818 242
f 562 804 538
f 820 804 562
f 821 805 804
f 821 804 822
f 822 804 820
f 805 821 807
f 810 809 823
f 810 823 812
f 821 822 824
f 824 807 821
f 824 825 807
f 825 814 807
f 809 815 823
f 812 823 815
f 814 825 826
f 817 814 826
f 819 827 828
f 819 817 827
f 817 826 827
f 827 829 828
f 239 830 831
f 239 831 551
f 551 831 565
f 830 832 833
f 831 830 833
f 828 834 833
f 828 833 242
f 828 242 819
f 242 833 832
f 829 834 828
f 575 820 562
f 835 820 575
f 820 835 822
f 835 836 822
f 822 836 837
f 824 822 837
f 837 825 824
f 838 825 837
f 839 826 825
f 839 825 840
f 840 825 838
f 826 841 827
f 839 841 826
f 827 841 829
f 831 842 565
f 565 842 576
f 840 833 839
f 840 842 833
f 842 831 833
f 834 839 833
f 841 839 834
f 829 841 834
f 585 835 575
f 843 835 585
f 844 845 836
f 844 836 843
f 843 836 835
f 844 846 845
f 836 845 837
f 845 838 837
f 845 846 838
f 846 847 838
f 848 849 840
f 848 840 847
f 847 840 838
f 848 850 849
f 842 851 576
f 576 851 586
f 840 851 842
f 840 852 851
f 840 849 852
f 853 851 852
f 854 849 850
f 852 849 854
f 596 843 585
f 855 843 596
f 843 855 856
f 844 843 856
f 856 846 844
f 857 846 856
f 846 857 847
f 857 858 847
f 847 858 859
f 848 847 859
f 859 850 848
f 860 850 859
f 586 851 861
f 597 586 861
f 851 853 861
f 850 860 854
f 860 862 854
f 605 855 596
f 863 855 605
f 864 856 855
f 864 855 865
f 865 855 863
f 856 864 857
f 864 865 866
f 866 857 864
f 866 867 857
f 867 858 857
f 858 867 868
f 859 858 868
f 868 860 859
f 869 860 868
f 860 869 862
f 869 870 862
f 605 611 863
f 613 863 611
f 613 871 863
f 871 865 863
f 865 871 872
f 866 865 872
f 872 867 866
f 873 867 872
f 874 868 867
f 874 867 875
f 875 867 873
f 868 874 869
f 874 875 876
f 876 869 874
f 876 877 869
f 877 870 869
f 621 871 613
f 878 871 621
f 871 878 879
f 872 871 879
f 879 873 872
f 880 873 879
f 873 880 875
f 880 881 875
f 875 881 882
f 876 875 882
f 882 877 876
f 883 877 882
f 629 878 621
f 884 878 629
f 885 879 878
f 885 878 886
f 886 878 884
f 879 885 880
f 885 886 887
f 887 880 885
f 887 888 880
f 888 881 880
f 881 888 889
f 882 881 889
f 889 883 882
f 890 883 889
f 637 884 629
f 891 884 637
f 892 893 886
f 892 886 891
f 891 886 884
f 892 894 893
f 886 893 887
f 893 888 887
f 893 894 888
f 894 895 888
f 888 895 896
f 889 888 896
f 896 890 889
f 897 890 896
f 645 891 637
f 898 891 645
f 891 898 899
f 892 891 899
f 899 894 892
f 900 894 899
f 894 900 895
f 900 901 895
f 895 901 902
f 896 895 902
f 902 897 896
f 903 897 902
f 650 898 645
f 904 898 650
f 898 904 905
f 899 898 905
f 905 900 899
f 906 900 905
f 900 906 901
f 906 907 901
f 901 907 908
f 902 901 908
f 908 903 902
f 909 903 908
f 655 904 650
f 910 904 655
f 904 910 911
f 905 904 911
f 911 906 905
f 912 906 911
f 906 912 907
f 912 913 907
f 907 913 914
f 908 907 914
f 914 909 908
f 915 909 914
f 660 910 655
f 916 910 660
f 910 916 917
f 911 910 917
f 917 912 911
f 918 912 917
f 912 918 913
f 918 919 913
f 913 919 920
f 914 913 920
f 920 915 914
f 921 915 920
f 665 916 660
f 922 916 665
f 916 922 923
f 917 916 923
f 923 918 917
f 924 918 923
f 918 924 919
f 924 925 919
f 919 925 926
f 920 919 926
f 926 921 920
f 927 921 926
f 668 922 665
f 928 922 668
f 922 928 929
f 923 922 929
f 929 924 923
f 930 924 929
f 924 930 925
f 930 931 925
f 925 931 932
f 926 925 932
f 932 927 926
f 933 927 932
f 671 928 668
f 934 928 671
f 928 934 935
f 929 928 935
f 935 930 929
f 936 930 935
f 930 936 931
f 936 937 931
f 931 937 938
f 932 931 938
f 938 933 932
f 939 933 938
f 239 236 830
f 241 830 236
f 832 830 241
f 242 832 241
f 940 941 942
f 853 940 942
f 853 852 940
f 852 943 940
f 944 852 854
f 944 945 852
f 945 943 852
f 944 946 945
f 941 940 947
f 738 948 739
f 947 949 950
f 947 940 949
f 940 943 949
f 951 945 952
f 951 949 945
f 949 943 945
f 948 743 739
f 949 953 950
f 954 955 956
f 942 941 757
f 942 757 861
f 861 757 597
f 853 942 861
f 854 862 957
f 944 854 957
f 957 946 944
f 958 946 957
f 948 738 757
f 948 757 959
f 941 947 757
f 947 959 757
f 947 950 959
f 952 960 951
f 946 958 960
f 946 960 952
f 958 961 960
f 962 960 963
f 961 963 960
f 961 964 963
f 965 964 961
f 743 948 959
f 743 959 759
f 759 959 966
f 950 953 967
f 950 967 959
f 959 967 966
f 953 951 960
f 953 960 967
f 967 960 968
f 962 969 968
f 960 962 968
f 964 965 970
f 965 971 970
f 966 972 759
f 972 760 759
f 967 973 966
f 973 972 966
f 968 974 967
f 974 973 967
f 969 975 976
f 969 976 968
f 968 976 974
f 977 978 979
f 975 970 976
f 970 980 976
f 970 971 980
f 977 979 981
f 972 982 760
f 982 761 760
f 973 983 972
f 983 982 972
f 974 984 973
f 984 983 973
f 985 986 984
f 985 984 976
f 976 984 974
f 976 980 987
f 976 987 985
f 979 978 987
f 978 985 987
f 987 981 979
f 987 988 981
f 988 989 981
f 982 990 761
f 990 762 761
f 991 992 990
f 991 990 983
f 983 990 982
f 993 991 983
f 993 983 994
f 994 983 984
f 986 995 994
f 984 986 994
f 996 997 998
f 996 999 997
f 996 989 999
f 989 988 999
f 990 1000 762
f 1000 764 762
f 992 1001 1002
f 992 1002 990
f 990 1002 1000
f 1001 993 994
f 1001 994 1002
f 1002 994 1003
f 995 1003 994
f 995 1004 1003
f 995 1005 1004
f 1004 1006 1003
f 997 1005 998
f 997 1007 1005
f 1007 1004 1005
f 999 1007 997
f 956 955 765
f 956 765 1000
f 1000 765 764
f 1008 956 1000
f 1008 1000 1009
f 1009 1000 1002
f 1003 1010 1002
f 1010 1009 1002
f 1011 1012 1013
f 1011 1003 1012
f 1011 1010 1003
f 1006 1012 1003
f 1014 1012 1015
f 1014 1016 1012
f 1016 1013 1012
f 1016 1014 1017
f 862 870 1018
f 957 862 1018
f 1018 958 957
f 1019 958 1018
f 1020 961 958
f 1020 958 1021
f 1021 958 1019
f 961 1020 965
f 1020 1021 1022
f 1022 965 1020
f 1022 1023 965
f 1023 971 965
f 1024 1025 980
f 1024 980 1023
f 1023 980 971
f 1024 1026 1025
f 980 1025 987
f 1025 988 987
f 1025 1026 988
f 1026 1027 988
f 988 1027 999
f 1027 1028 999
f 1004 1029 1006
f 1004 1007 1030
f 1029 1004 1030
f 1007 1031 1030
f 1007 999 1031
f 999 1028 1031
f 1006 1029 1012
f 1015 1012 1029
f 1015 1029 1032
f 1032 1029 1030
f 1033 1030 1031
f 1032 1030 1033
f 870 877 1034
f 1018 870 1034
f 1034 1019 1018
f 1035 1019 1034
f 1019 1035 1021
f 1035 1036 1021
f 1021 1036 1037
f 1022 1021 1037
f 1037 1023 1022
f 1038 1023 1037
f 1023 1038 1039
f 1024 1023 1039
f 1039 1026 1024
f 1040 1026 1039
f 1026 1040 1027
f 1040 1041 1027
f 1042 1043 1028
f 1042 1028 1041
f 1041 1028 1027
f 1042 1044 1043
f 1043 1045 1046
f 1043 1046 1028
f 1028 1046 1031
f 1044 1045 1043
f 1047 1048 1033
f 1047 1033 1046
f 1046 1033 1031
f 1047 1049 1048
f 877 883 1050
f 1034 877 1050
f 1050 1035 1034
f 1051 1035 1050
f 1035 1051 1036
f 1051 1052 1036
f 1036 1052 1053
f 1037 1036 1053
f 1053 1038 1037
f 1054 1038 1053
f 1038 1054 1055
f 1039 1038 1055
f 1055 1040 1039
f 1056 1040 1055
f 1040 1056 1041
f 1056 1057 1041
f 1041 1057 1058
f 1042 1041 1058
f 1058 1044 1042
f 1059 1044 1058
f 1045 1060 1046
f 1045 1061 1060
f 1045 1044 1061
f 1044 1059 1061
f 1046 1060 1047
f 1060 1049 1047
f 1060 1061 1049
f 1061 1062 1049
f 883 890 1063
f 1050 883 1063
f 1063 1051 1050
f 1064 1051 1063
f 1051 1064 1052
f 1064 1065 1052
f 1052 1065 1066
f 1053 1052 1066
f 1066 1054 1053
f 1067 1054 1066
f 1054 1067 1068
f 1055 1054 1068
f 1068 1056 1055
f 1069 1056 1068
f 1056 1069 1057
f 1069 1070 1057
f 1057 1070 1071
f 1058 1057 1071
f 1071 1059 1058
f 1072 1059 1071
f 1059 1072 1061
f 1072 1073 1061
f 1074 1075 1062
f 1074 1062 1073
f 1073 1062 1061
f 1074 1076 1075
f 890 897 1077
f 1063 890 1077
f 1077 1064 1063
f 1078 1064 1077
f 1064 1078 1065
f 1078 1079 1065
f 1065 1079 1080
f 1066 1065 1080
f 1080 1067 1066
f 1081 1067 1080
f 1067 1081 1082
f 1068 1067 1082
f 1082 1069 1068
f 1083 1069 1082
f 1069 1083 1070
f 1083 1084 1070
f 1070 1084 1085
f 1071 1070 1085
f 1085 1072 1071
f 1086 1072 1085
f 1087 1088 1073
f 1087 1073 1086
f 1086 1073 1072
f 1087 1089 1088
f 1073 1088 1074
f 1088 1076 1074
f 1088 1089 1076
f 1089 1090 1076
f 897 903 1091
f 1077 897 1091
f 1091 1078 1077
f 1092 1078 1091
f 1078 1092 1079
f 1092 1093 1079
f 1079 1093 1094
f 1080 1079 1094
f 1094 1081 1080
f 1095 1081 1094
f 1081 1095 1096
f 1082 1081 1096
f 1096 1083 1082
f 1097 1083 1096
f 1083 1097 1084
f 1097 1098 1084
f 1084 1098 1099
f 1085 1084 1099
f 1099 1086 1085
f 1100 1086 1099
f 1086 1100 1101
f 1087 1086 1101
f 1101 1089 1087
f 1102 1089 1101
f 1089 1102 1090
f 1102 1103 1090
f 903 909 1104
f 1091 903 1104
f 1104 1092 1091
f 1105 1092 1104
f 1092 1105 1093
f 1105 1106 1093
f 1093 1106 1107
f 1094 1093 1107
f 1107 1095 1094
f 1108 1095 1107
f 1095 1108 1109
f 1096 1095 1109
f 1109 1097 1096
f 1110 1097 1109
f 1097 1110 1098
f 1110 1111 1098
f 1098 1111 1112
f 1099 1098 1112
f 1112 1100 1099
f 1113 1100 1112
f 1100 1113 1114
f 1101 1100 1114
f 1114 1102 1101
f 1115 1102 1114
f 1102 1115 1103
f 1115 1116 1103
f 909 915 1117
f 1104 909 1117
f 1117 1105 1104
f 1118 1105 1117
f 1105 1118 1106
f 1118 1119 1106
f 1106 1119 1120
f 1107 1106 1120
f 1120 1108 1107
f 1121 1108 1120
f 1108 1121 1122
f 1109 1108 1122
f 1122 1110 1109
f 1123 1110 1122
f 1110 1123 1111
f 1123 1124 1111
f 1111 1124 1125
f 1112 1111 1125
f 1125 1113 1112
f 1126 1113 1125
f 1113 1126 1127
f 1114 1113 1127
f 1127 1115 1114
f 1128 1115 1127
f 1115 1128 1116
f 1128 1129 1116
f 915 921 1130
f 1117 915 1130
f 1130 1118 1117
f 1131 1118 1130
f 1118 1131 1119
f 1131 1132 1119
f 1119 1132 1133
f 1120 1119 1133
f 1133 1121 1120
f 1134 1121 1133
f 1121 1134 1135
f 1122 1121 1135
f 1135 1123 1122
f 1136 1123 1135
f 1123 1136 1124
f 1136 1137 1124
f 1124 1137 1138
f 1125 1124 1138
f 1138 1126 1125
f 1139 1126 1138
f 1126 1139 1140
f 1127 1126 1140
f 1140 1128 1127
f 1141 1128 1140
f 1128 1141 1129
f 1141 1142 1129
f 921 927 1143
f 1130 921 1143
f 1143 1131 1130
f 1144 1131 1143
f 1131 1144 1132
f 1144 1145 1132
f 1132 1145 1146
f 1133 1132 1146
f 1146 1134 1133
f 1147 1134 1146
f 1134 1147 1148
f 1135 1134 1148
f 1148 1136 1135
f 1149 1136 1148
f 1136 1149 1137
f 1149 1150 1137
f 1137 1150 1151
f 1138 1137 1151
f 1151 1139 1138
f 1152 1139 1151
f 1139 1152 1153
f 1140 1139 1153
f 1153 1141 1140
f 1154 1141 1153
f 1141 1154 1142
f 1154 1155 1142
f 927 933 1156
f 1143 927 1156
f 1156 1144 1143
f 1157 1144 1156
f 1144 1157 1145
f 1157 1158 1145
f 1145 1158 1159
f 1146 1145 1159
f 1159 1147 1146
f 1160 1147 1159
f 1147 1160 1161
f 1148 1147 1161
f 1161 1149 1148
f 1162 1149 1161
f 1149 1162 1150
f 1162 1163 1150
f 1150 1163 1164
f 1151 1150 1164
f 1164 1152 1151
f 1165 1152 1164
f 1152 1165 1166
f 1153 1152 1166
f 1166 1154 1153
f 1167 1154 1166
f 1154 1167 1155
f 1167 1168 1155
f 933 939 1169
f 1156 933 1169
f 1169 1157 1156
f 1170 1157 1169
f 1157 1170 1158
f 1170 1171 1158
f 1158 1171 1172
f 1159 1158 1172
f 1172 1160 1159
f 1173 1160 1172
f 1174 1161 1160
f 1174 1160 1175
f 1175 1160 1173
f 1161 1174 1162
f 1174 1175 1176
f 1176 1162 1174
f 1176 1177 1162
f 1177 1163 1162
f 1163 1177 1178
f 1164 1163 1178
f 1178 1165 1164
f 1179 1165 1178
f 1165 1179 1180
f 1166 1165 1180
f 1180 1167 1166
f 1181 1167 1180
f 1167 1181 1168
f 1181 1182 1168
f 955 781 780
f 955 954 781
f 954 1183 781
f 1184 954 1008
f 1184 1185 954
f 1185 1183 954
f 1183 1186 781
f 1186 783 781
f 1185 1187 1183
f 1187 1186 1183
f 1188 1189 1185
f 1189 1187 1185
f 1190 1191 1192
f 1193 1191 1190
f 955 780 765
f 1008 1009 1184
f 1194 1184 1195
f 1194 1195 1196
f 1184 1009 1195
f 1197 1195 1010
f 1009 1010 1195
f 1196 1198 1011
f 1196 1011 1194
f 1198 1199 1011
f 1010 1011 1197
f 1199 1197 1011
f 1015 1199 1198
f 1015 1198 1014
f 1014 1198 1200
f 1017 1014 1200
f 1017 1200 1201
f 1017 1201 1202
f 1201 1200 1203
f 1201 1192 1202
f 1204 1192 1201
f 1205 1196 1195
f 1206 1205 1195
f 1198 1196 1207
f 1207 1196 1205
f 1200 1198 1208
f 1208 1198 1207
f 1209 1203 1200
f 1209 1200 1210
f 1210 1200 1208
f 1210 1204 1209
f 1210 1190 1204
f 1190 1192 1204
f 1208 1207 1211
f 1212 1208 1211
f 1210 1208 1212
f 1213 1210 1212
f 1210 1214 1190
f 1210 1215 1214
f 1210 1213 1215
f 1216 1214 1215
f 1215 1217 1216
f 1197 1218 1195
f 1197 1199 1219
f 1218 1197 1219
f 1199 1015 1032
f 1199 1032 1219
f 1219 1032 1220
f 1203 1221 1201
f 1203 1032 1221
f 1203 1220 1032
f 1033 1221 1032
f 1221 1204 1201
f 1222 1204 1221
f 1218 1223 1206
f 1195 1218 1206
f 1219 1224 1218
f 1224 1223 1218
f 1220 1225 1219
f 1225 1224 1219
f 1203 1209 1226
f 1203 1226 1220
f 1220 1226 1225
f 1209 1227 1226
f 1209 1204 1227
f 1204 1222 1227
f 1228 1206 1223
f 1228 1223 1229
f 1230 1231 1223
f 1231 1229 1223
f 1211 1230 1223
f 1224 1211 1223
f 1212 1211 1224
f 1225 1212 1224
f 1213 1212 1225
f 1226 1213 1225
f 1226 1227 1232
f 1226 1232 1213
f 1213 1232 1215
f 1232 1217 1215
f 1233 1217 1232
f 1033 1048 1221
f 1048 1222 1221
f 1048 1049 1222
f 1049 1234 1222
f 1235 1236 1227
f 1235 1227 1234
f 1234 1227 1222
f 1235 1237 1236
f 1227 1236 1232
f 1236 1233 1232
f 1236 1237 1233
f 1237 1238 1233
f 1239 1240 1234
f 1239 1234 1062
f 1062 1234 1049
f 1239 1241 1240
f 1234 1240 1235
f 1240 1237 1235
f 1240 1241 1237
f 1241 1242 1237
f 1243 1244 1238
f 1243 1238 1242
f 1242 1238 1237
f 1062 1075 1239
f 1075 1241 1239
f 1075 1076 1241
f 1076 1245 1241
f 1246 1247 1242
f 1246 1242 1245
f 1245 1242 1241
f 1242 1247 1243
f 1248 1249 1245
f 1248 1245 1090
f 1090 1245 1076
f 1245 1249 1246
f 1090 1103 1250
f 1248 1090 1250
f 1103 1116 1251
f 1250 1103 1251
f 1116 1129 1252
f 1251 1116 1252
f 1129 1142 1253
f 1252 1129 1253
f 1142 1155 1254
f 1253 1142 1254
f 1155 1168 1255
f 1254 1155 1255
f 1168 1182 1256
f 1255 1168 1256
f 1257 1258 1259
f 1260 1261 1262
f 1263 1260 1262
f 1264 1265 1266
f 1267 1264 1266
f 1262 1264 1263
f 1265 1264 1262
f 1268 1269 1270
f 1271 1269 1268
f 1271 1268 1272
f 1272 1268 1273
f 1266 1273 1267
f 1272 1273 1266
f 1274 1275 1276
f 1277 1274 1276
f 1269 1274 1270
f 1269 1278 1274
f 1278 1275 1274
f 1271 1278 1269
f 1261 1279 1280
f 1262 1261 1280
f 1265 1281 1282
f 1266 1265 1282
f 1280 1265 1262
f 1281 1265 1280
f 1283 1284 1285
f 1283 1271 1272
f 1283 1272 1284
f 1284 1272 1286
f 1282 1272 1266
f 1286 1272 1282
f 1275 1287 1288
f 1276 1275 1288
f 1285 1278 1283
f 1285 1287 1278
f 1287 1275 1278
f 1271 1283 1278
f 1279 1289 1290
f 1280 1279 1290
f 1281 1291 1292
f 1282 1281 1292
f 1290 1281 1280
f 1291 1281 1290
f 1284 1293 1285
f 1294 1293 1284
f 1294 1284 1295
f 1295 1284 1286
f 1292 1286 1282
f 1295 1286 1292
f 1287 1296 1288
f 1287 1297 1296
f 1285 1297 1287
f 1285 1298 1297
f 1285 1293 1298
f 1294 1298 1293
f 1243 1299 1244
f 1246 1300 1247
f 1247 1299 1243
f 1247 1300 1299
f 1300 1301 1299
f 1302 1303 1304
f 1305 1303 1302
f 1248 1306 1249
f 1300 1307 1308
f 1246 1307 1300
f 1246 1306 1307
f 1246 1249 1306
f 1307 1309 1308
f 1308 1310 1301
f 1300 1308 1301
f 1311 1308 1309
f 1310 1308 1311
f 1250 1306 1248
f 1312 1306 1250
f 1306 1312 1313
f 1307 1306 1313
f 1313 1309 1307
f 1314 1309 1313
f 1309 1314 1311
f 1314 1315 1311
f 1251 1312 1250
f 1316 1312 1251
f 1312 1316 1317
f 1313 1312 1317
f 1317 1314 1313
f 1318 1314 1317
f 1314 1318 1315
f 1318 1319 1315
f 1315 1319 1320
f 1319 1321 1320
f 1252 1316 1251
f 1322 1316 1252
f 1316 1322 1323
f 1317 1316 1323
f 1323 1318 1317
f 1324 1318 1323
f 1318 1324 1319
f 1324 1325 1319
f 1319 1325 1321
f 1325 1326 1321
f 1321 1326 1327
f 1328 1321 1327
f 1327 1329 1328
f 1330 1329 1327
f 1329 1330 1331
f 1330 1332 1331
f 1331 1332 1333
f 1334 1331 1333
f 1333 1335 1334
f 1336 1335 1333
f 1253 1322 1252
f 1337 1322 1253
f 1322 1337 1338
f 1323 1322 1338
f 1338 1324 1323
f 1339 1324 1338
f 1324 1339 1325
f 1339 1340 1325
f 1325 1340 1326
f 1340 1341 1326
f 1326 1341 1342
f 1327 1326 1342
f 1342 1330 1327
f 1343 1330 1342
f 1330 1343 1332
f 1343 1344 1332
f 1332 1344 1345
f 1333 1332 1345
f 1345 1336 1333
f 1346 1336 1345
f 1336 1346 1347
f 1346 1348 1347
f 1254 1337 1253
f 1349 1337 1254
f 1337 1349 1350
f 1338 1337 1350
f 1350 1339 1338
f 1351 1339 1350
f 1339 1351 1340
f 1351 1352 1340
f 1353 1354 1341
f 1353 1341 1352
f 1352 1341 1340
f 1353 1355 1354
f 1341 1354 1342
f 1354 1343 1342
f 1354 1355 1343
f 1355 1356 1343
f 1343 1356 1344
f 1356 1357 1344
f 1344 1357 1358
f 1345 1344 1358
f 1358 1346 1345
f 1359 1346 1358
f 1360 1361 1348
f 1360 1348 1359
f 1359 1348 1346
f 1360 1362 1361
f 1255 1349 1254
f 1363 1349 1255
f 1349 1363 1364
f 1350 1349 1364
f 1364 1351 1350
f 1365 1351 1364
f 1351 1365 1352
f 1365 1366 1352
f 1352 1366 1367
f 1353 1352 1367
f 1367 1355 1353
f 1368 1355 1367
f 1369 1370 1356
f 1369 1356 1368
f 1368 1356 1355
f 1369 1371 1370
f 1370 1372 1357
f 1356 1370 1357
f 1373 1370 1371
f 1372 1370 1373
f 1357 1372 1358
f 1359 1374 1375
f 1358 1374 1359
f 1358 1373 1374
f 1358 1372 1373
f 1374 1376 1375
f 1377 1360 1359
f 1377 1359 1378
f 1375 1379 1359
f 1379 1378 1359
f 1375 1376 1379
f 1360 1377 1362
f 1256 1363 1255
f 1380 1363 1256
f 1363 1380 1381
f 1364 1363 1381
f 1381 1365 1364
f 1382 1365 1381
f 1365 1382 1366
f 1382 1383 1366
f 1366 1383 1384
f 1367 1366 1384
f 1384 1368 1367
f 1385 1368 1384
f 1386 1369 1368
f 1386 1368 1387
f 1387 1368 1385
f 1369 1386 1371
f 1386 1387 1388
f 1388 1371 1386
f 1388 1389 1371
f 1389 1373 1371
f 1373 1389 1390
f 1374 1373 1390
f 1390 1376 1374
f 1391 1376 1390
f 1379 1392 1393
f 1378 1379 1393
f 1391 1379 1376
f 1392 1379 1391
f 1347 1348 1394
f 1348 1395 1394
f 1396 1397 1398
f 1399 1396 1398
f 1395 1396 1394
f 1397 1396 1395
f 1400 1401 1402
f 1403 1400 1402
f 1398 1400 1399
f 1401 1400 1398
f 1404 1258 1257
f 1404 1257 1405
f 1405 1257 1406
f 1402 1406 1403
f 1405 1406 1402
f 1404 1260 1258
f 1361 1407 1408
f 1361 1408 1348
f 1348 1408 1395
f 1362 1407 1361
f 1397 1409 1410
f 1398 1397 1410
f 1408 1397 1395
f 1409 1397 1408
f 1401 1411 1412
f 1402 1401 1412
f 1410 1401 1398
f 1411 1401 1410
f 1405 1413 1414
f 1404 1405 1414
f 1412 1405 1402
f 1413 1405 1412
f 1414 1260 1404
f 1261 1260 1414
f 1407 1377 1378
f 1407 1378 1408
f 1408 1378 1415
f 1362 1377 1407
f 1409 1416 1417
f 1410 1409 1417
f 1415 1409 1408
f 1416 1409 1415
f 1411 1418 1419
f 1412 1411 1419
f 1417 1411 1410
f 1418 1411 1417
f 1413 1420 1421
f 1414 1413 1421
f 1419 1413 1412
f 1420 1413 1419
f 1421 1261 1414
f 1279 1261 1421
f 1378 1393 1415
f 1393 1422 1415
f 1416 1423 1424
f 1417 1416 1424
f 1422 1416 1415
f 1423 1416 1422
f 1418 1425 1426
f 1419 1418 1426
f 1424 1418 1417
f 1425 1418 1424
f 1420 1427 1428
f 1421 1420 1428
f 1426 1420 1419
f 1427 1420 1426
f 1428 1279 1421
f 1289 1279 1428
f 1429 1430 1431
f 1432 1430 1429
f 1432 1429 1433
f 1433 1429 1434
f 450 1434 451
f 1433 1434 450
f 1435 1436 1437
f 1435 1437 1438
f 1438 1437 1439
f 1430 1439 1431
f 1430 1440 1439
f 1440 1438 1439
f 1432 1440 1430
f 1435 1441 1436
f 1442 1443 1444
f 1445 1446 1447
f 1448 1445 1447
f 1443 1445 1444
f 1443 1449 1445
f 1449 1446 1445
f 1450 1451 1452
f 1453 1450 1452
f 1454 1455 1450
f 1450 1455 1451
f 1447 1454 1448
f 1455 1454 1447
f 1456 1457 1458
f 1459 1457 1456
f 1459 1456 1460
f 1460 1456 1461
f 1452 1461 1453
f 1460 1461 1452
f 1462 1463 1464
f 1462 1465 1466
f 1463 1462 1466
f 1465 1467 1466
f 1458 1467 1465
f 1458 1468 1467
f 1458 1457 1468
f 1459 1468 1457
f 432 1469 433
f 1464 1469 432
f 1464 1470 1469
f 1464 1463 1470
f 1466 1470 1463
f 1471 1470 1466
f 1467 1471 1466
f 1469 441 433
f 1472 1473 1474
f 1475 1472 1474
f 1476 1477 1478
f 1479 1477 1476
f 1479 1476 1480
f 1480 1476 1481
f 1474 1481 1475
f 1480 1481 1474
f 1482 1483 1484
f 1485 1482 1484
f 1477 1482 1478
f 1477 1486 1482
f 1486 1483 1482
f 1479 1486 1477
f 1484 1487 1485
f 1488 1487 1484
f 1489 1490 1491
f 1473 1492 1474
f 1480 1493 1494
f 1479 1480 1494
f 1492 1480 1474
f 1492 1495 1480
f 1495 1493 1480
f 1483 1496 1484
f 1497 1496 1483
f 1497 1483 1498
f 1498 1483 1486
f 1494 1486 1479
f 1498 1486 1494
f 1488 1499 1500
f 1489 1488 1500
f 1496 1488 1484
f 1496 1501 1488
f 1501 1499 1488
f 1497 1501 1496
f 1502 1503 1504
f 1502 1505 1490
f 1502 1490 1503
f 1503 1490 1506
f 1500 1490 1489
f 1506 1490 1500
f 1507 1443 1442
f 1507 1442 1508
f 1508 1442 1509
f 1504 1510 1502
f 1504 1508 1510
f 1508 1509 1510
f 1505 1502 1510
f 1507 1449 1443
f 1511 1512 1513
f 1514 1511 1513
f 1276 1511 1277
f 1512 1511 1276
f 1513 1515 1514
f 1516 1515 1513
f 1512 1517 1518
f 1513 1512 1518
f 1288 1512 1276
f 1517 1512 1288
f 1519 1520 1521
f 1522 1519 1521
f 1516 1523 1519
f 1519 1523 1520
f 1518 1516 1513
f 1523 1516 1518
f 1521 1472 1522
f 1473 1472 1521
f 1517 1524 1518
f 1517 1525 1524
f 1288 1525 1517
f 1288 1526 1525
f 1288 1296 1526
f 1297 1526 1296
f 1520 1527 1521
f 1520 1523 1528
f 1527 1520 1528
f 1523 1529 1528
f 1518 1529 1523
f 1518 1530 1529
f 1518 1524 1530
f 1525 1530 1524
f 1473 1521 1527
f 1473 1527 1492
f 1492 1527 1531
f 1532 1528 1533
f 1532 1531 1528
f 1531 1527 1528
f 1529 1533 1528
f 1531 1495 1492
f 1534 1495 1531
f 1532 1534 1531
s off
g _3
v 0.254919 -0.827916 -0.940102
v 0.225167 -0.827916 -0.94395
v 0.251071 -0.827916 -0.91035
v 0.221319 -0.827916 -0.914198
v 0.258766 -0.827916 -0.969855
v 0.229014 -0.827916 -0.973702
v 0.262614 -0.827916 -0.999607
v 0.232861 -0.827916 -1.00345
v 0.238205 -0.827916 -1.03301
v 0.264096 -0.827916 -1.01107
v 0.236709 -0.827916 -1.03321
v 0.241465 -0.827916 -1.06284
v 0.240556 -0.827916 -1.06296
usemtl material_4
f 1535 1536 1537
f 1536 1538 1537
f 1539 1540 1535
f 1540 1536 1535
f 1541 1542 1539
f 1542 1540 1539
f 1543 1541 1544
f 1543 1545 1541
f 1545 1542 1541
f 1545 1546 1547
f 1543 1546 1545
s off
g _4
v -0.146484 -0.827916 -0.175265
v -0.176236 -0.827916 -0.179113
v -0.150331 -0.827916 -0.145513
v -0.180083 -0.827916 -0.14936
v -0.205988 -0.827916 -0.18296
v -0.209836 -0.827916 -0.153208
v -0.239588 -0.827916 -0.157055
v -0.213683 -0.827916 -0.123455
v -0.243435 -0.827916 -0.127303
v -0.235741 -0.827916 -0.186807
v -0.26934 -0.827916 -0.160903
v -0.273188 -0.827916 -0.13115
v -0.265493 -0.827916 -0.190655
v -0.30294 -0.827916 -0.134998
v -0.277035 -0.827916 -0.101398
v -0.306787 -0.827916 -0.105245
v -0.299092 -0.827916 -0.16475
v -0.295245 -0.827916 -0.194502
v -0.332692 -0.827916 -0.138845
v -0.33654 -0.827916 -0.109093
v -0.328845 -0.827916 -0.168597
v -0.324997 -0.827916 -0.19835
v -0.366292 -0.827916 -0.11294
v -0.340387 -0.827916 -0.0793405
v -0.370139 -0.827916 -0.083188
v -0.362444 -0.827916 -0.142692
v -0.358597 -0.827916 -0.172445
v -0.35475 -0.827916 -0.202197
v -0.396044 -0.827916 -0.116788
v -0.399892 -0.827916 -0.0870354
v -0.392197 -0.827916 -0.14654
v -0.388349 -0.827916 -0.176292
v -0.384502 -0.827916 -0.206044
v -0.429644 -0.827916 -0.0908828
v -0.403739 -0.827916 -0.0572831
v -0.433491 -0.827916 -0.0611305
v -0.425796 -0.827916 -0.120635
v -0.421949 -0.827916 -0.150387
v -0.418102 -0.827916 -0.18014
v -0.414254 -0.827916 -0.209892
v -0.459396 -0.827916 -0.0947302
v -0.463243 -0.827916 -0.0649779
v -0.455549 -0.827916 -0.124482
v -0.451701 -0.827916 -0.154235
v -0.447854 -0.827916 -0.183987
v -0.444006 -0.827916 -0.213739
v -0.492996 -0.827916 -0.0688253
v -0.467091 -0.827916 -0.0352256
v -0.496843 -0.827916 -0.039073
v -0.489148 -0.827916 -0.0985776
v -0.485301 -0.827916 -0.12833
v -0.481453 -0.827916 -0.158082
v -0.477606 -0.827916 -0.187834
v -0.473759 -0.827916 -0.217587
v -0.522748 -0.827916 -0.0726727
v -0.526595 -0.827916 -0.0429204
v -0.518901 -0.827916 -0.102425
v -0.515053 -0.827916 -0.132177
v -0.511206 -0.827916 -0.16193
v -0.507358 -0.827916 -0.191682
v -0.503511 -0.827916 -0.221434
v -0.556348 -0.827916 -0.0467678
v -0.530443 -0.827916 -0.0131682
v -0.560195 -0.827916 -0.0170156
v -0.5525 -0.827916 -0.0765201
v -0.548653 -0.827916 -0.106272
v -0.544805 -0.827916 -0.136025
v -0.540958 -0.827916 -0.165777
v -0.537111 -0.827916 -0.195529
v -0.533263 -0.827916 -0.225281
v -0.5861 -0.827916 -0.0506153
v -0.589947 -0.827916 -0.020863
v -0.582253 -0.827916 -0.0803675
v -0.578405 -0.827916 -0.11012
v -0.574558 -0.827916 -0.139872
v -0.57071 -0.827916 -0.169624
v -0.566863 -0.827916 -0.199377
v -0.563016 -0.827916 -0.229129
v -0.6197 -0.827916 -0.0247104
v -0.593795 -0.829623 0.00888928
v -0.623547 -0.827916 0.00504189
v -0.615852 -0.827916 -0.0544627
v -0.612005 -0.827916 -0.0842149
v -0.608157 -0.827916 -0.113967
v -0.60431 -0.827916 -0.143719
v -0.600463 -0.827916 -0.173472
v -0.596615 -0.827916 -0.203224
v -0.592768 -0.827916 -0.232976
v -0.649452 -0.827916 -0.0285578
v -0.653299 -0.827916 0.00119448
v -0.645604 -0.827916 -0.0583101
v -0.641757 -0.827916 -0.0880623
v -0.63791 -0.827916 -0.117815
v -0.634062 -0.827916 -0.147567
v -0.630215 -0.827916 -0.177319
v -0.626367 -0.827916 -0.207071
v -0.62252 -0.827916 -0.236824
v -0.675357 -0.827916 -0.0621575
v -0.679204 -0.827916 -0.0324052
v -0.671509 -0.827916 -0.0919097
v -0.667662 -0.827916 -0.121662
v -0.663814 -0.827916 -0.151414
v -0.659967 -0.827916 -0.181167
v -0.65612 -0.827916 -0.210919
v -0.652272 -0.827916 -0.240671
v -0.705109 -0.827916 -0.0660049
v -0.708956 -0.827916 -0.0362526
v -0.701262 -0.827916 -0.0957571
v -0.697414 -0.827916 -0.125509
v -0.693567 -0.827916 -0.155262
v -0.689719 -0.827916 -0.185014
v -0.685872 -0.827916 -0.214766
v -0.682025 -0.827916 -0.244518
v -0.731014 -0.827916 -0.0996045
v -0.734861 -0.827916 -0.0698523
v -0.727166 -0.827916 -0.129357
v -0.723319 -0.827916 -0.159109
v -0.719472 -0.827916 -0.188861
v -0.715624 -0.827916 -0.218614
v -0.711777 -0.827916 -0.248366
v -0.756919 -0.827916 -0.133204
v -0.760766 -0.827916 -0.103452
v -0.753071 -0.827916 -0.162956
v -0.749224 -0.827916 -0.192709
v -0.745377 -0.827916 -0.222461
v -0.741529 -0.827916 -0.252213
v -0.782824 -0.827916 -0.166804
v -0.786671 -0.827916 -0.137052
v -0.778976 -0.827916 -0.196556
v -0.775129 -0.827916 -0.226308
v -0.771281 -0.827916 -0.256061
v -0.808728 -0.827916 -0.200404
v -0.812576 -0.827916 -0.170651
v -0.804881 -0.827916 -0.230156
v -0.801034 -0.827916 -0.259908
v -0.834633 -0.827916 -0.234003
v -0.838481 -0.827916 -0.204251
v -0.830786 -0.827916 -0.263756
v -0.860538 -0.827916 -0.267603
v -0.864386 -0.827916 -0.237851
v -0.0197799 -0.827916 -0.21938
v -0.0495321 -0.827916 -0.223228
v -0.0236273 -0.829152 -0.189628
v -0.0533795 -0.827916 -0.193475
v -0.0159325 -0.827916 -0.249132
v -0.0456847 -0.827916 -0.25298
v -0.0792844 -0.827916 -0.227075
v -0.0831318 -0.827916 -0.197323
v -0.075437 -0.827916 -0.256827
v -0.0418373 -0.827916 -0.282732
v -0.0715896 -0.827916 -0.286579
v -0.112884 -0.827916 -0.20117
v -0.0869792 -0.827916 -0.16757
v -0.116731 -0.827916 -0.171418
v -0.109037 -0.827916 -0.230922
v -0.105189 -0.827916 -0.260675
v -0.101342 -0.827916 -0.290427
v -0.0677422 -0.827916 -0.316332
v -0.0974945 -0.827916 -0.320179
v -0.0638948 -0.827916 -0.346084
v -0.093647 -0.827916 -0.349931
v -0.0600474 -0.827916 -0.375836
v -0.0897997 -0.827916 -0.379684
v -0.0562 -0.827916 -0.405589
v -0.0859522 -0.827916 -0.409436
v -0.0418373 -0.733415 -0.282732
v -0.0436052 -0.716708 -0.269061
v -0.0549685 -0.716708 -0.28443
v -0.0171559 -0.716708 -0.239671
v -0.0197799 -0.692707 -0.21938
v -0.0234902 -0.686708 -0.21986
v -0.023584 -0.716708 -0.250122
v -0.0258791 -0.686708 -0.250419
v -0.0431266 -0.686708 -0.272762
v -0.0510713 -0.686708 -0.283926
v -0.0492794 -0.716708 -0.313944
v -0.045483 -0.686708 -0.313453
v -0.0464051 -0.716708 -0.343822
v -0.0419332 -0.686708 -0.343244
v -0.0432718 -0.716708 -0.373667
v -0.0382161 -0.686708 -0.373013
v -0.0385707 -0.716708 -0.403309
v -0.0343522 -0.686708 -0.402763
v 0.088714 -0.661206 -0.356599
v 0.0826876 -0.656708 -0.357379
v 0.0877877 -0.656708 -0.349436
v 0.090028 -0.656708 -0.366761
v -0.0128626 -0.656708 -0.218486
v -0.0189374 -0.656708 -0.225895
v -0.0197799 -0.667319 -0.21938
v -0.0463839 -0.656708 -0.247573
v -0.0456847 -0.663295 -0.25298
v -0.0507822 -0.656708 -0.253639
v -0.0446859 -0.656708 -0.2831
v -0.0415944 -0.656708 -0.31295
v -0.0377574 -0.656708 -0.342704
v -0.0332735 -0.656708 -0.372374
v -0.03012 -0.656708 -0.402216
v 0.0551143 -0.632415 -0.330694
v 0.0818106 -0.626708 -0.303215
v 0.0848666 -0.652515 -0.326847
v 0.0529941 -0.626708 -0.314299
v 0.061629 -0.626708 -0.360102
v 0.0578686 -0.626708 -0.351994
v 0.0912995 -0.626708 -0.376593
v 0.0358846 -0.626708 -0.333181
v 0.00997239 -0.642545 -0.215533
v 0.0121633 -0.626708 -0.232475
v -0.0143261 -0.626708 -0.218675
v -0.0197799 -0.640302 -0.21938
v -0.0211203 -0.626708 -0.219553
v -0.0458656 -0.626708 -0.251581
v -0.0418373 -0.63154 -0.282732
v -0.042919 -0.626708 -0.274368
v -0.0330425 -0.626708 -0.281595
v -0.0330416 -0.626708 -0.311844
v -0.0379899 -0.628703 -0.312484
v -0.021691 -0.626708 -0.340626
v -0.0341425 -0.634024 -0.342237
v -0.02846 -0.626708 -0.371752
v -0.0302951 -0.628718 -0.371989
v -0.0296428 -0.626708 -0.377034
v -0.0470831 -0.626708 -0.253161
v -0.0275359 -0.626708 -0.401882
v 0.0746059 -0.626708 -0.237424
v 0.0733243 -0.624746 -0.23759
v 0.0732054 -0.626708 -0.23667
v 0.0593637 -0.596708 -0.239395
v 0.0418734 -0.596708 -0.228301
v 0.0403999 -0.626708 -0.216907
v 0.0510522 -0.596708 -0.27072
v 0.0474195 -0.603342 -0.27119
v 0.046454 -0.596708 -0.263724
v 0.0743573 -0.596708 -0.245578
v 0.0589617 -0.622237 -0.360447
v 0.0598954 -0.596708 -0.367667
v 0.0889841 -0.596708 -0.358688
v 0.0181135 -0.596708 -0.24473
v 0.0138198 -0.600423 -0.245285
v 0.0176672 -0.614114 -0.275037
v 0.0512669 -0.622566 -0.300942
v 0.0215146 -0.619419 -0.30479
v 0.025362 -0.622407 -0.334542
v 0.027531 -0.596708 -0.351315
v 0.0449045 -0.596708 -0.362264
v -0.0197799 -0.611279 -0.21938
v -0.0159325 -0.61815 -0.249132
v -0.0120851 -0.618515 -0.278885
v -0.00823765 -0.617973 -0.308637
v -0.00439024 -0.614205 -0.338389
v -0.00208873 -0.596708 -0.356187
v -0.0456847 -0.620253 -0.25298
v -0.00802917 -0.596708 -0.36911
v -0.00193457 -0.596708 -0.398571
v -0.0264477 -0.625586 -0.401741
v 0.0435721 -0.577601 -0.241438
v 0.0763683 -0.566708 -0.26113
v 0.0715196 -0.566708 -0.268073
v 0.0910026 -0.566708 -0.374297
v 0.0601362 -0.566708 -0.36953
v 0.0450599 -0.566708 -0.362244
v 0.0281176 -0.566708 -0.355851
v -0.000843242 -0.566708 -0.365818
v -0.00141469 -0.566708 -0.368254
v -0.000172317 -0.566708 -0.398343
v 0.029443 -0.536708 -0.364264
v 0.029186 -0.536708 -0.364113
v 0.0618842 -0.536708 -0.383046
v 0.0285219 -0.536708 -0.364383
v -0.000542838 -0.559538 -0.368141
v 0.00174994 -0.536708 -0.385872
v 0.00239615 -0.536708 -0.398011
v 0.0292094 -0.536382 -0.364294
v 0.0628091 -0.528326 -0.390199
v 0.0330568 -0.515787 -0.394046
v 0.00330456 -0.533066 -0.397894
v -0.142636 -0.827916 -0.205017
v -0.138789 -0.827916 -0.23477
v -0.134942 -0.827916 -0.264522
v -0.131094 -0.827916 -0.294274
v -0.127247 -0.827916 -0.324027
v -0.123399 -0.827916 -0.353779
v -0.119552 -0.827916 -0.383531
v -0.115705 -0.827916 -0.413283
v -0.172389 -0.827916 -0.208865
v -0.168541 -0.827916 -0.238617
v -0.164694 -0.827916 -0.268369
v -0.160846 -0.827916 -0.298122
v -0.156999 -0.827916 -0.327874
v -0.153152 -0.827916 -0.357626
v -0.149304 -0.827916 -0.387378
v -0.145457 -0.827916 -0.417131
v -0.202141 -0.827916 -0.212712
v -0.198293 -0.827916 -0.242465
v -0.194446 -0.827916 -0.272217
v -0.190599 -0.827916 -0.301969
v -0.186751 -0.827916 -0.331721
v -0.182904 -0.827916 -0.361474
v -0.179056 -0.827916 -0.391226
v -0.175209 -0.827916 -0.420978
v -0.231893 -0.827916 -0.21656
v -0.228046 -0.827916 -0.246312
v -0.224198 -0.827916 -0.276064
v -0.220351 -0.827916 -0.305816
v -0.216504 -0.827916 -0.335569
v -0.212656 -0.827916 -0.365321
v -0.208809 -0.827916 -0.395073
v -0.204961 -0.827916 -0.424826
v -0.261645 -0.827916 -0.220407
v -0.257798 -0.827916 -0.250159
v -0.253951 -0.827916 -0.279912
v -0.250103 -0.827916 -0.309664
v -0.246256 -0.827916 -0.339416
v -0.242408 -0.827916 -0.369168
v -0.238561 -0.827916 -0.398921
v -0.234714 -0.827916 -0.428673
v -0.291398 -0.827916 -0.224254
v -0.28755 -0.827916 -0.254007
v -0.283703 -0.827916 -0.283759
v -0.279855 -0.827916 -0.313511
v -0.276008 -0.827916 -0.343264
v -0.272161 -0.827916 -0.373016
v -0.268313 -0.827916 -0.402768
v -0.264466 -0.827916 -0.43252
v -0.32115 -0.827916 -0.228102
v -0.317303 -0.827916 -0.257854
v -0.313455 -0.827916 -0.287606
v -0.309608 -0.827916 -0.317359
v -0.30576 -0.827916 -0.347111
v -0.301913 -0.827916 -0.376863
v -0.298066 -0.827916 -0.406615
v -0.294218 -0.827916 -0.436368
v -0.350902 -0.827916 -0.231949
v -0.347055 -0.827916 -0.261702
v -0.343207 -0.827916 -0.291454
v -0.33936 -0.827916 -0.321206
v -0.335513 -0.827916 -0.350958
v -0.331665 -0.827916 -0.380711
v -0.327818 -0.827916 -0.410463
v -0.32397 -0.827916 -0.440215
v -0.380654 -0.827916 -0.235797
v -0.376807 -0.827916 -0.265549
v -0.37296 -0.827916 -0.295301
v -0.369112 -0.827916 -0.325054
v -0.365265 -0.827916 -0.354806
v -0.361417 -0.827916 -0.384558
v -0.35757 -0.827916 -0.41431
v -0.353723 -0.827916 -0.444063
v -0.410407 -0.827916 -0.239644
v -0.406559 -0.827916 -0.269396
v -0.402712 -0.827916 -0.299149
v -0.398865 -0.827916 -0.328901
v -0.395017 -0.827916 -0.358653
v -0.39117 -0.827916 -0.388405
v -0.387322 -0.827916 -0.418158
v -0.383475 -0.827916 -0.44791
v -0.440159 -0.827916 -0.243492
v -0.436312 -0.827916 -0.273244
v -0.432464 -0.827916 -0.302996
v -0.428617 -0.827916 -0.332748
v -0.424769 -0.827916 -0.362501
v -0.420922 -0.827916 -0.392253
v -0.417075 -0.827916 -0.422005
v -0.413227 -0.827916 -0.451757
v -0.469911 -0.827916 -0.247339
v -0.466064 -0.827916 -0.277091
v -0.462216 -0.827916 -0.306843
v -0.458369 -0.827916 -0.336596
v -0.454522 -0.827916 -0.366348
v -0.450674 -0.827916 -0.3961
v -0.446827 -0.827916 -0.425853
v -0.442979 -0.827916 -0.455605
v -0.499664 -0.827916 -0.251186
v -0.495816 -0.827916 -0.280939
v -0.491969 -0.827916 -0.310691
v -0.488121 -0.827916 -0.340443
v -0.484274 -0.827916 -0.370195
v -0.480427 -0.827916 -0.399948
v -0.476579 -0.827916 -0.4297
v -0.472732 -0.827916 -0.459452
v -0.529416 -0.827916 -0.255034
v -0.525568 -0.827916 -0.284786
v -0.521721 -0.827916 -0.314538
v -0.517874 -0.827916 -0.344291
v -0.514026 -0.827916 -0.374043
v -0.510179 -0.827916 -0.403795
v -0.506331 -0.827916 -0.433547
v -0.502484 -0.827916 -0.4633
v -0.559168 -0.827916 -0.258881
v -0.555321 -0.827916 -0.288633
v -0.551473 -0.827916 -0.318386
v -0.547626 -0.827916 -0.348138
v -0.543778 -0.827916 -0.37789
v -0.539931 -0.827916 -0.407642
v -0.536084 -0.827916 -0.437395
v -0.532236 -0.827916 -0.467147
v -0.58892 -0.827916 -0.262729
v -0.585073 -0.827916 -0.292481
v -0.581226 -0.827916 -0.322233
v -0.577378 -0.827916 -0.351985
v -0.573531 -0.827916 -0.381738
v -0.569683 -0.827916 -0.41149
v -0.565836 -0.827916 -0.441242
v -0.561989 -0.827916 -0.470994
v -0.442979 -0.44814 -0.455605
v -0.440734 -0.446708 -0.455314
v -0.443077 -0.446708 -0.454851
v -0.443733 -0.446708 -0.455702
v -0.353723 -0.421476 -0.444063
v -0.348237 -0.416708 -0.443353
v -0.354334 -0.416708 -0.439334
v -0.383475 -0.422735 -0.44791
v -0.384348 -0.416708 -0.441158
v -0.413227 -0.431214 -0.451757
v -0.416697 -0.416708 -0.424927
v -0.446827 -0.421924 -0.425853
v -0.421052 -0.416708 -0.422519
v -0.447496 -0.416708 -0.42068
v -0.476579 -0.422521 -0.4297
v -0.477325 -0.416708 -0.423936
v -0.472732 -0.425877 -0.459452
v -0.506331 -0.422355 -0.433547
v -0.507056 -0.416708 -0.427947
v -0.502484 -0.424935 -0.4633
v -0.536084 -0.422833 -0.437395
v -0.532236 -0.424103 -0.467147
v -0.561989 -0.424184 -0.470994
v -0.32397 -0.38951 -0.440215
v -0.325551 -0.386708 -0.42799
v -0.357294 -0.386708 -0.416447
v -0.387322 -0.388009 -0.418158
v -0.364883 -0.386708 -0.415256
v -0.38749 -0.386708 -0.416858
v -0.417075 -0.407445 -0.422005
v -0.418567 -0.386708 -0.410467
v -0.449901 -0.386708 -0.402077
v -0.479179 -0.386708 -0.409599
v -0.509179 -0.386708 -0.411529
v -0.32397 -0.361871 -0.440215
v -0.353723 -0.361871 -0.444063
v -0.387322 -0.361871 -0.418158
v -0.384616 -0.361871 -0.439082
v -0.373651 -0.361871 -0.44664
v -0.417075 -0.361871 -0.422005
v -0.416724 -0.361871 -0.424715
v -0.433899 -0.361871 -0.424181
v -0.446923 -0.361871 -0.425111
v -0.448571 -0.361871 -0.426078
v -0.476579 -0.361871 -0.4297
v -0.474646 -0.361871 -0.444646
v -0.506331 -0.361871 -0.433547
v -0.495852 -0.361871 -0.462442
v -0.502484 -0.361871 -0.4633
v -0.536084 -0.361871 -0.437395
v -0.536406 -0.386708 -0.4349
v -0.532236 -0.361871 -0.467147
v -0.565836 -0.361871 -0.441242
v -0.566355 -0.386708 -0.437226
v -0.561989 -0.361871 -0.470994
v -0.383475 -0.361871 -0.44791
v -0.413227 -0.361871 -0.451757
v -0.446827 -0.361871 -0.425853
v -0.442979 -0.361871 -0.455605
v -0.472732 -0.361871 -0.459452
v -0.618673 -0.827916 -0.266576
v -0.614825 -0.827916 -0.296328
v -0.610978 -0.827916 -0.32608
v -0.60713 -0.827916 -0.355833
v -0.603283 -0.827916 -0.385585
v -0.599436 -0.827916 -0.415337
v -0.595588 -0.827916 -0.44509
v -0.591741 -0.827916 -0.474842
v -0.648425 -0.827916 -0.270423
v -0.644577 -0.827916 -0.300176
v -0.64073 -0.827916 -0.329928
v -0.636883 -0.827916 -0.35968
v -0.633035 -0.827916 -0.389432
v -0.629188 -0.827916 -0.419185
v -0.62534 -0.827916 -0.448937
v -0.621493 -0.827916 -0.478689
v -0.678177 -0.827916 -0.274271
v -0.67433 -0.827916 -0.304023
v -0.670482 -0.827916 -0.333775
v -0.666635 -0.827916 -0.363528
v -0.662787 -0.827916 -0.39328
v -0.65894 -0.827916 -0.423032
v -0.655093 -0.827916 -0.452784
v -0.651245 -0.827916 -0.482537
v -0.707929 -0.827916 -0.278118
v -0.704082 -0.827916 -0.30787
v -0.700235 -0.827916 -0.337623
v -0.696387 -0.827916 -0.367375
v -0.69254 -0.827916 -0.397127
v -0.688692 -0.827916 -0.426879
v -0.684845 -0.827916 -0.456632
v -0.680998 -0.827916 -0.486384
v -0.737682 -0.827916 -0.281966
v -0.733834 -0.827916 -0.311718
v -0.729987 -0.827916 -0.34147
v -0.726139 -0.827916 -0.371222
v -0.722292 -0.827916 -0.400975
v -0.718445 -0.827916 -0.430727
v -0.714597 -0.827916 -0.460479
v -0.71075 -0.827916 -0.490231
v -0.767434 -0.827916 -0.285813
v -0.763587 -0.827916 -0.315565
v -0.759739 -0.827916 -0.345317
v -0.755892 -0.827916 -0.37507
v -0.752044 -0.827916 -0.404822
v -0.748197 -0.827916 -0.434574
v -0.74435 -0.827916 -0.464327
v -0.740502 -0.827916 -0.494079
v -0.797186 -0.827916 -0.28966
v -0.793339 -0.827916 -0.319413
v -0.789491 -0.827916 -0.349165
v -0.785644 -0.827916 -0.378917
v -0.781797 -0.827916 -0.408669
v -0.777949 -0.827916 -0.438422
v -0.774102 -0.827916 -0.468174
v -0.770254 -0.827916 -0.497926
v -0.826939 -0.827916 -0.293508
v -0.823091 -0.827916 -0.32326
v -0.819244 -0.827916 -0.353012
v -0.815396 -0.827916 -0.382765
v -0.811549 -0.827916 -0.412517
v -0.807702 -0.827916 -0.442269
v -0.803854 -0.827916 -0.472021
v -0.800007 -0.827916 -0.501774
v -0.856691 -0.827916 -0.297355
v -0.852843 -0.827916 -0.327107
v -0.848996 -0.827916 -0.35686
v -0.845149 -0.827916 -0.386612
v -0.841301 -0.827916 -0.416364
v -0.837454 -0.827916 -0.446117
v -0.833606 -0.827916 -0.475869
v -0.829759 -0.827916 -0.505621
v -0.886443 -0.827916 -0.301203
v -0.89029 -0.827916 -0.27145
v -0.882596 -0.827916 -0.330955
v -0.878748 -0.827916 -0.360707
v -0.874901 -0.827916 -0.390459
v -0.871053 -0.827916 -0.420212
v -0.867206 -0.827916 -0.449964
v -0.863359 -0.827916 -0.479716
v -0.859511 -0.827916 -0.509468
v -0.912348 -0.827916 -0.334802
v -0.916195 -0.827916 -0.30505
v -0.9085 -0.827916 -0.364554
v -0.904653 -0.827916 -0.394307
v -0.900806 -0.827916 -0.424059
v -0.896958 -0.827916 -0.453811
v -0.893111 -0.827916 -0.483564
v -0.889263 -0.827916 -0.513316
v -0.938253 -0.827916 -0.368402
v -0.9421 -0.827916 -0.33865
v -0.934405 -0.827916 -0.398154
v -0.930558 -0.827916 -0.427906
v -0.926711 -0.827916 -0.457659
v -0.922863 -0.827916 -0.487411
v -0.919016 -0.827916 -0.517163
v -0.964158 -0.827916 -0.402002
v -0.968005 -0.827916 -0.372249
v -0.96031 -0.827916 -0.431754
v -0.956463 -0.827916 -0.461506
v -0.952616 -0.827916 -0.491258
v -0.948768 -0.827916 -0.521011
v -0.990063 -0.827916 -0.435601
v -0.99391 -0.827916 -0.405849
v -0.986215 -0.827916 -0.465354
v -0.982368 -0.827916 -0.495106
v -0.97852 -0.827916 -0.524858
v -1.01981 -0.827916 -0.439449
v -1.02366 -0.827916 -0.409696
v -1.01597 -0.827916 -0.469201
v -1.01212 -0.827916 -0.498953
v -1.00827 -0.827916 -0.528706
v -1.04572 -0.827916 -0.473048
v -1.04957 -0.827916 -0.443296
v -1.04187 -0.827916 -0.502801
v -1.03802 -0.827916 -0.532553
v -1.07162 -0.827916 -0.506648
v -1.07547 -0.827916 -0.476896
v -1.06778 -0.827916 -0.5364
v -1.09753 -0.827916 -0.540248
v -1.10138 -0.827916 -0.510495
v 0.0302364 -0.827916 -0.60616
v 0.00048412 -0.827916 -0.610007
v 0.026389 -0.827916 -0.576407
v -0.00336329 -0.827916 -0.580255
v 0.0340838 -0.827916 -0.635912
v 0.00433152 -0.827916 -0.639759
v -0.00721069 -0.827916 -0.550503
v -0.0369629 -0.827916 -0.55435
v -0.0110581 -0.827916 -0.52075
v -0.0408104 -0.827916 -0.524598
v -0.0331156 -0.827916 -0.584102
v -0.0292681 -0.827916 -0.613855
v -0.0254207 -0.827916 -0.643607
v -0.0523526 -0.827916 -0.435341
v -0.0821048 -0.827916 -0.439188
v -0.0485052 -0.827916 -0.465093
v -0.0782574 -0.827916 -0.46894
v -0.0446578 -0.827916 -0.494845
v -0.07441 -0.827916 -0.498693
v -0.0705626 -0.827916 -0.528445
v -0.0667152 -0.827916 -0.558197
v -0.0628678 -0.827916 -0.58795
v -0.0590204 -0.827916 -0.617702
v -0.055173 -0.827916 -0.647454
v -0.0352765 -0.716708 -0.433133
v -0.0256466 -0.686708 -0.431887
v -0.0222034 -0.686708 -0.434563
v -0.020909 -0.716708 -0.444573
v -0.0226003 -0.683992 -0.431493
v -0.0259562 -0.656708 -0.405542
v -0.00172456 -0.656708 -0.428794
v -0.026307 -0.626708 -0.402829
v -0.000884213 -0.626708 -0.428685
v 0.00956301 -0.626708 -0.446291
v 0.0109994 -0.636357 -0.457398
v 0.00155427 -0.656708 -0.45862
v 0.0122206 -0.656708 -0.466842
v 0.0204377 -0.626708 -0.456178
v 0.00811827 -0.596708 -0.435118
v 0.0306926 -0.596708 -0.454852
v 0.000371471 -0.596708 -0.428523
v 0.0534682 -0.596708 -0.482156
v 0.0416895 -0.566708 -0.460804
v 0.0683061 -0.566708 -0.480238
v 0.0434815 -0.596708 -0.474661
v 0.0701152 -0.596708 -0.510253
v 0.0702939 -0.566708 -0.51023
v 0.0792209 -0.566708 -0.517113
v 0.079329 -0.596708 -0.517949
v 0.00739609 -0.566708 -0.429534
v 0.0336425 -0.566708 -0.45447
v 0.00526418 -0.566708 -0.42789
v 0.0781987 -0.558738 -0.509208
v 0.0747736 -0.536708 -0.482721
v 0.102408 -0.536708 -0.506077
v 0.102809 -0.566708 -0.536275
v 0.107781 -0.536708 -0.535632
v 0.112318 -0.536708 -0.539131
v 0.112973 -0.566708 -0.544197
v 0.0407516 -0.558281 -0.453551
v 0.0374828 -0.536708 -0.428273
v 0.0689778 -0.536708 -0.449901
v 0.0710857 -0.536708 -0.479878
v 0.00715197 -0.564775 -0.427646
v 0.00342392 -0.536708 -0.398817
v 0.0331449 -0.536708 -0.424285
v 0.0666565 -0.53049 -0.419951
v 0.0369042 -0.52202 -0.423799
v 0.0705039 -0.525721 -0.449703
v 0.0743513 -0.525638 -0.479456
v -0.0254207 -0.418778 -0.643607
v -0.0233683 -0.416708 -0.643341
v -0.0256862 -0.416708 -0.641554
v -0.0590204 -0.421705 -0.617702
v -0.0540652 -0.416708 -0.617061
v -0.0596748 -0.416708 -0.612642
v -0.055173 -0.446703 -0.647454
v -0.010247 -0.386708 -0.641645
v -0.0289946 -0.386708 -0.61597
v -0.0628678 -0.387819 -0.58795
v -0.0617616 -0.386708 -0.587807
v -0.0630384 -0.386708 -0.586631
v -0.0315245 -0.386708 -0.614146
v -0.0254207 -0.361871 -0.643607
v -0.0628678 -0.361871 -0.58795
v -0.0590204 -0.361871 -0.617702
v -0.055173 -0.361871 -0.647454
v -0.111857 -0.827916 -0.443036
v -0.10801 -0.827916 -0.472788
v -0.104162 -0.827916 -0.50254
v -0.100315 -0.827916 -0.532292
v -0.0964675 -0.827916 -0.562045
v -0.0926201 -0.827916 -0.591797
v -0.0887727 -0.827916 -0.621549
v -0.0849253 -0.827916 -0.651302
v -0.141609 -0.827916 -0.446883
v -0.137762 -0.827916 -0.476635
v -0.133915 -0.827916 -0.506388
v -0.130067 -0.827916 -0.53614
v -0.12622 -0.827916 -0.565892
v -0.122372 -0.827916 -0.595644
v -0.118525 -0.827916 -0.625397
v -0.114678 -0.827916 -0.655149
v -0.171362 -0.827916 -0.45073
v -0.167514 -0.827916 -0.480483
v -0.163667 -0.827916 -0.510235
v -0.159819 -0.827916 -0.539987
v -0.155972 -0.827916 -0.56974
v -0.152125 -0.827916 -0.599492
v -0.148277 -0.827916 -0.629244
v -0.14443 -0.827916 -0.658996
v -0.201114 -0.827916 -0.454578
v -0.197267 -0.827916 -0.48433
v -0.193419 -0.827916 -0.514082
v -0.189572 -0.827916 -0.543835
v -0.185724 -0.827916 -0.573587
v -0.181877 -0.827916 -0.603339
v -0.178029 -0.827916 -0.633092
v -0.174182 -0.827916 -0.662844
v -0.230866 -0.827916 -0.458425
v -0.227019 -0.827916 -0.488178
v -0.223171 -0.827916 -0.51793
v -0.219324 -0.827916 -0.547682
v -0.215477 -0.827916 -0.577434
v -0.211629 -0.827916 -0.607187
v -0.207782 -0.827916 -0.636939
v -0.203934 -0.827916 -0.666691
v -0.260618 -0.827916 -0.462273
v -0.256771 -0.827916 -0.492025
v -0.252924 -0.827916 -0.521777
v -0.249076 -0.827916 -0.551529
v -0.245229 -0.827916 -0.581282
v -0.241381 -0.827916 -0.611034
v -0.237534 -0.827916 -0.640786
v -0.233687 -0.827916 -0.670539
v -0.290371 -0.827916 -0.46612
v -0.286523 -0.827916 -0.495872
v -0.282676 -0.827916 -0.525625
v -0.278829 -0.827916 -0.555377
v -0.274981 -0.827916 -0.585129
v -0.271134 -0.827916 -0.614881
v -0.267286 -0.827916 -0.644634
v -0.263439 -0.827916 -0.674386
v -0.320123 -0.827916 -0.469967
v -0.316276 -0.827916 -0.49972
v -0.312428 -0.827916 -0.529472
v -0.308581 -0.827916 -0.559224
v -0.304733 -0.827916 -0.588977
v -0.300886 -0.827916 -0.618729
v -0.297039 -0.827916 -0.648481
v -0.293191 -0.827916 -0.678233
v -0.0887727 -0.448969 -0.621549
v -0.0865311 -0.446708 -0.621259
v -0.0890626 -0.446708 -0.619308
v -0.0884828 -0.446708 -0.623791
v -0.122372 -0.447134 -0.595644
v -0.12195 -0.446708 -0.59559
v -0.122428 -0.446708 -0.595213
v -0.122318 -0.446708 -0.596067
v -0.0910143 -0.446708 -0.621839
v -0.122795 -0.446708 -0.595699
v -0.189572 -0.451313 -0.543835
v -0.185005 -0.446708 -0.543244
v -0.190162 -0.446708 -0.539268
v -0.188981 -0.446708 -0.548402
v -0.222766 -0.446708 -0.521062
v -0.194139 -0.446708 -0.544425
v -0.220039 -0.446708 -0.517525
v -0.0926201 -0.422163 -0.591797
v -0.0870979 -0.416708 -0.591083
v -0.0933461 -0.416708 -0.586183
v -0.0849253 -0.425894 -0.651302
v -0.12622 -0.422574 -0.565892
v -0.120286 -0.416708 -0.565125
v -0.126995 -0.416708 -0.559895
v -0.118525 -0.425741 -0.625397
v -0.159819 -0.422519 -0.539987
v -0.153778 -0.416708 -0.539206
v -0.160581 -0.416708 -0.534098
v -0.155972 -0.431266 -0.56974
v -0.152125 -0.425722 -0.599492
v -0.193419 -0.421853 -0.514082
v -0.188202 -0.416708 -0.513408
v -0.19409 -0.416708 -0.508897
v -0.185724 -0.425661 -0.573587
v -0.227019 -0.421035 -0.488178
v -0.222655 -0.416708 -0.487613
v -0.227574 -0.416708 -0.483887
v -0.219324 -0.42558 -0.547682
v -0.256771 -0.423325 -0.492025
v -0.257877 -0.416708 -0.48347
v -0.252924 -0.425476 -0.521777
v -0.290371 -0.421656 -0.46612
v -0.283711 -0.416708 -0.465259
v -0.291005 -0.416708 -0.461213
v -0.287441 -0.446708 -0.488777
v -0.279299 -0.446708 -0.494938
v -0.285606 -0.446708 -0.502968
v -0.282676 -0.425862 -0.525625
v -0.320123 -0.423814 -0.469967
v -0.321119 -0.416708 -0.462265
v -0.316276 -0.425709 -0.49972
v -0.293619 -0.446708 -0.49679
v -0.0964675 -0.3882 -0.562045
v -0.0947338 -0.386708 -0.561821
v -0.0971922 -0.386708 -0.556441
v -0.130067 -0.388422 -0.53614
v -0.12383 -0.386708 -0.535333
v -0.131119 -0.386708 -0.528007
v -0.163667 -0.388219 -0.510235
v -0.156117 -0.386708 -0.509259
v -0.164405 -0.386708 -0.504524
v -0.197267 -0.387682 -0.48433
v -0.193355 -0.386708 -0.483824
v -0.197451 -0.386708 -0.482904
v -0.230792 -0.386708 -0.458998
v -0.260618 -0.389778 -0.462273
v -0.231921 -0.386708 -0.458562
v -0.26248 -0.386708 -0.44788
v -0.28741 -0.386708 -0.435487
v -0.294218 -0.387432 -0.436368
v -0.0964675 -0.361871 -0.562045
v -0.0926201 -0.361871 -0.591797
v -0.0887727 -0.361871 -0.621549
v -0.0849253 -0.361871 -0.651302
v -0.130067 -0.361871 -0.53614
v -0.12622 -0.361871 -0.565892
v -0.122372 -0.361871 -0.595644
v -0.118525 -0.361871 -0.625397
v -0.114678 -0.361871 -0.655149
v -0.163667 -0.361871 -0.510235
v -0.159819 -0.361871 -0.539987
v -0.155972 -0.361871 -0.56974
v -0.152125 -0.361871 -0.599492
v -0.148277 -0.361871 -0.629244
v -0.14443 -0.361871 -0.658996
v -0.197267 -0.361871 -0.48433
v -0.193419 -0.361871 -0.514082
v -0.189572 -0.361871 -0.543835
v -0.185724 -0.361871 -0.573587
v -0.181877 -0.361871 -0.603339
v -0.178029 -0.361871 -0.633092
v -0.177468 -0.361871 -0.637432
v -0.156205 -0.361871 -0.660519
v -0.227019 -0.361871 -0.488178
v -0.223171 -0.361871 -0.51793
v -0.219324 -0.361871 -0.547682
v -0.215477 -0.361871 -0.577434
v -0.211629 -0.361871 -0.607187
v -0.210824 -0.361871 -0.613416
v -0.181493 -0.361871 -0.633539
v -0.260618 -0.361871 -0.462273
v -0.256771 -0.361871 -0.492025
v -0.252924 -0.361871 -0.521777
v -0.249735 -0.361871 -0.546432
v -0.244245 -0.361871 -0.550905
v -0.2343 -0.361871 -0.579869
v -0.241381 -0.361871 -0.611034
v -0.242148 -0.361871 -0.605109
v -0.24085 -0.361871 -0.615142
v -0.294218 -0.361871 -0.436368
v -0.290371 -0.361871 -0.46612
v -0.286523 -0.361871 -0.495872
v -0.284296 -0.361871 -0.5131
v -0.271121 -0.361871 -0.52413
v -0.246208 -0.361871 -0.611658
v -0.320123 -0.361871 -0.469967
v -0.318156 -0.361871 -0.485181
v -0.302095 -0.361871 -0.497886
v -0.174182 -0.361871 -0.662844
v -0.207782 -0.361871 -0.636939
v -0.20682 -0.361871 -0.644377
v -0.183038 -0.361871 -0.663989
v -0.249076 -0.361871 -0.551529
v -0.245229 -0.361871 -0.581282
v -0.237534 -0.361871 -0.640786
v -0.235575 -0.361871 -0.655937
v -0.282676 -0.361871 -0.525625
v -0.278829 -0.361871 -0.555377
v -0.274981 -0.361871 -0.585129
v -0.271134 -0.361871 -0.614881
v -0.267286 -0.361871 -0.644634
v -0.263871 -0.361871 -0.671047
v -0.316276 -0.361871 -0.49972
v -0.312428 -0.361871 -0.529472
v -0.308581 -0.361871 -0.559224
v -0.304733 -0.361871 -0.588977
v -0.300886 -0.361871 -0.618729
v -0.297039 -0.361871 -0.648481
v -0.267413 -0.361871 -0.6749
v -0.293191 -0.361871 -0.678233
v -0.203934 -0.361871 -0.666691
v -0.233687 -0.361871 -0.670539
v -0.263439 -0.361871 -0.674386
v -0.349875 -0.827916 -0.473815
v -0.346028 -0.827916 -0.503567
v -0.34218 -0.827916 -0.533319
v -0.338333 -0.827916 -0.563072
v -0.334486 -0.827916 -0.592824
v -0.330638 -0.827916 -0.622576
v -0.326791 -0.827916 -0.652329
v -0.322943 -0.827916 -0.682081
v -0.379628 -0.827916 -0.477662
v -0.37578 -0.827916 -0.507415
v -0.371933 -0.827916 -0.537167
v -0.368085 -0.827916 -0.566919
v -0.364238 -0.827916 -0.596671
v -0.36039 -0.827916 -0.626424
v -0.356543 -0.827916 -0.656176
v -0.352696 -0.827916 -0.685928
v -0.40938 -0.827916 -0.48151
v -0.405532 -0.827916 -0.511262
v -0.401685 -0.827916 -0.541014
v -0.397838 -0.827916 -0.570767
v -0.39399 -0.827916 -0.600519
v -0.390143 -0.827916 -0.630271
v -0.386295 -0.827916 -0.660023
v -0.382448 -0.827916 -0.689776
v -0.439132 -0.827916 -0.485357
v -0.435285 -0.827916 -0.515109
v -0.431437 -0.827916 -0.544862
v -0.42759 -0.827916 -0.574614
v -0.423742 -0.827916 -0.604366
v -0.419895 -0.827916 -0.634118
v -0.416048 -0.827916 -0.663871
v -0.4122 -0.827916 -0.693623
v -0.468884 -0.827916 -0.489204
v -0.465037 -0.827916 -0.518957
v -0.46119 -0.827916 -0.548709
v -0.457342 -0.827916 -0.578461
v -0.453495 -0.827916 -0.608214
v -0.449647 -0.827916 -0.637966
v -0.4458 -0.827916 -0.667718
v -0.441953 -0.827916 -0.69747
v -0.501582 -0.827916 -0.470278
v -0.482387 -0.827916 -0.490951
v -0.476467 -0.827916 -0.520435
v -0.490942 -0.827916 -0.552556
v -0.492308 -0.827916 -0.541989
v -0.487094 -0.827916 -0.582309
v -0.483247 -0.827916 -0.612061
v -0.4794 -0.827916 -0.641813
v -0.475552 -0.827916 -0.671566
v -0.471705 -0.827916 -0.701318
v -0.530292 -0.827916 -0.482182
v -0.496708 -0.827916 -0.553302
v -0.516847 -0.827916 -0.586156
v -0.517345 -0.827916 -0.582301
v -0.512999 -0.827916 -0.615908
v -0.509152 -0.827916 -0.645661
v -0.505304 -0.827916 -0.675413
v -0.501457 -0.827916 -0.705165
v -0.54281 -0.827916 -0.498764
v -0.558141 -0.827916 -0.500747
v -0.547032 -0.827916 -0.52956
v -0.554294 -0.827916 -0.530499
v -0.551239 -0.827916 -0.554123
v -0.535057 -0.827916 -0.67926
v -0.538904 -0.827916 -0.649508
v -0.531209 -0.827916 -0.709013
v -0.491453 -0.827916 -0.492123
v -0.500072 -0.827916 -0.481955
v -0.481674 -0.827916 -0.521108
v -0.49302 -0.827916 -0.536488
v -0.508119 -0.827916 -0.494278
v -0.528389 -0.827916 -0.496899
v -0.526924 -0.827916 -0.508231
v -0.504617 -0.827916 -0.554325
v -0.539023 -0.827916 -0.528524
v -0.536998 -0.827916 -0.558512
v -0.550446 -0.827916 -0.560251
v -0.496843 -0.746708 -0.49282
v -0.498915 -0.746708 -0.490896
v -0.485655 -0.746708 -0.521623
v -0.492996 -0.746708 -0.53667
v -0.500224 -0.746708 -0.493257
v -0.525729 -0.746708 -0.517471
v -0.505282 -0.746708 -0.554411
v -0.533543 -0.746708 -0.527816
v -0.531786 -0.746708 -0.557838
v -0.498637 -0.734281 -0.493052
v -0.497974 -0.716708 -0.498172
v -0.487924 -0.716708 -0.521916
v -0.490942 -0.733351 -0.552556
v -0.482086 -0.716708 -0.551411
v -0.489749 -0.716708 -0.561782
v -0.525203 -0.716708 -0.521535
v -0.5053 -0.716708 -0.584663
v -0.502965 -0.746708 -0.584361
v -0.529495 -0.716708 -0.527292
v -0.531498 -0.716708 -0.557801
v -0.489531 -0.686708 -0.522124
v -0.497226 -0.686708 -0.503959
v -0.483306 -0.686708 -0.551569
v -0.489908 -0.686708 -0.560551
v -0.524615 -0.686708 -0.52608
v -0.50797 -0.686708 -0.585008
v -0.525108 -0.686708 -0.526725
v -0.527974 -0.686708 -0.557345
v -0.467771 -0.656708 -0.51931
v -0.497181 -0.656708 -0.504306
v -0.483476 -0.656708 -0.551591
v -0.487094 -0.66423 -0.582309
v -0.480015 -0.656708 -0.581393
v -0.486179 -0.656708 -0.589388
v -0.499729 -0.656708 -0.523443
v -0.524541 -0.686137 -0.526652
v -0.521531 -0.656708 -0.549935
v -0.527162 -0.656708 -0.55724
v -0.526573 -0.686708 -0.587414
v -0.524891 -0.656708 -0.587196
v -0.4661 -0.626708 -0.519094
v -0.495661 -0.626708 -0.51606
v -0.483746 -0.626708 -0.551626
v -0.479839 -0.626708 -0.58137
v -0.486134 -0.626708 -0.589739
v -0.499177 -0.626708 -0.523372
v -0.521567 -0.626708 -0.549652
v -0.50309 -0.626708 -0.614627
v -0.503203 -0.656708 -0.614642
v -0.527446 -0.626708 -0.557277
v -0.524796 -0.626708 -0.587184
v -0.466589 -0.596708 -0.519157
v -0.495128 -0.596708 -0.520186
v -0.47698 -0.596708 -0.550751
v -0.479232 -0.596708 -0.581292
v -0.483247 -0.60324 -0.612061
v -0.476928 -0.596708 -0.611244
v -0.48243 -0.596708 -0.61838
v -0.497408 -0.596708 -0.523143
v -0.521496 -0.596708 -0.550199
v -0.526899 -0.596708 -0.557206
v -0.526379 -0.596708 -0.587389
v -0.5227 -0.626708 -0.617163
v -0.522455 -0.596708 -0.617131
v -0.46119 -0.572818 -0.548709
v -0.458857 -0.566708 -0.548407
v -0.464376 -0.566708 -0.524066
v -0.460619 -0.566708 -0.553118
v -0.472373 -0.566708 -0.519906
v -0.494986 -0.566708 -0.521283
v -0.478659 -0.566708 -0.581218
v -0.496311 -0.566708 -0.523001
v -0.497162 -0.566708 -0.553361
v -0.520694 -0.590452 -0.556404
v -0.491919 -0.566708 -0.582933
v -0.516847 -0.587137 -0.586156
v -0.46119 -0.552712 -0.548709
v -0.494789 -0.558696 -0.522804
v -0.349088 -0.446708 -0.479899
v -0.343491 -0.446708 -0.472989
v -0.346028 -0.425973 -0.503567
v -0.379628 -0.425621 -0.477662
v -0.40938 -0.428351 -0.48151
v -0.351752 -0.361871 -0.459303
v -0.336125 -0.361871 -0.472037
v -0.500543 -0.361871 -0.478311
v -0.505402 -0.361871 -0.493927
v -0.528389 -0.361871 -0.496899
v -0.525712 -0.361871 -0.517597
v -0.558141 -0.361871 -0.500747
v -0.546584 -0.361871 -0.529502
v -0.554294 -0.361871 -0.530499
v -0.553533 -0.361871 -0.53638
v -0.531209 -0.361871 -0.709013
v -0.532727 -0.361871 -0.69728
v -0.519755 -0.361871 -0.707531
v -0.349875 -0.361871 -0.473815
v -0.346028 -0.361871 -0.503567
v -0.34218 -0.361871 -0.533319
v -0.338333 -0.361871 -0.563072
v -0.334486 -0.361871 -0.592824
v -0.330638 -0.361871 -0.622576
v -0.326791 -0.361871 -0.652329
v -0.322943 -0.361871 -0.682081
v -0.379628 -0.361871 -0.477662
v -0.37578 -0.361871 -0.507415
v -0.371933 -0.361871 -0.537167
v -0.368085 -0.361871 -0.566919
v -0.364238 -0.361871 -0.596671
v -0.36039 -0.361871 -0.626424
v -0.356543 -0.361871 -0.656176
v -0.352696 -0.361871 -0.685928
v -0.40938 -0.361871 -0.48151
v -0.405532 -0.361871 -0.511262
v -0.401685 -0.361871 -0.541014
v -0.397838 -0.361871 -0.570767
v -0.39399 -0.361871 -0.600519
v -0.390143 -0.361871 -0.630271
v -0.386295 -0.361871 -0.660023
v -0.382448 -0.361871 -0.689776
v -0.439132 -0.361871 -0.485357
v -0.435285 -0.361871 -0.515109
v -0.431437 -0.361871 -0.544862
v -0.42759 -0.361871 -0.574614
v -0.423742 -0.361871 -0.604366
v -0.419895 -0.361871 -0.634118
v -0.416048 -0.361871 -0.663871
v -0.4122 -0.361871 -0.693623
v -0.468884 -0.361871 -0.489204
v -0.465037 -0.361871 -0.518957
v -0.46119 -0.361871 -0.548709
v -0.457342 -0.361871 -0.578461
v -0.453495 -0.361871 -0.608214
v -0.449647 -0.361871 -0.637966
v -0.4458 -0.361871 -0.667718
v -0.441953 -0.361871 -0.69747
v -0.498637 -0.361871 -0.493052
v -0.494789 -0.361871 -0.522804
v -0.490942 -0.361871 -0.552556
v -0.487094 -0.361871 -0.582309
v -0.483247 -0.361871 -0.612061
v -0.4794 -0.361871 -0.641813
v -0.475552 -0.361871 -0.671566
v -0.471705 -0.361871 -0.701318
v -0.524541 -0.361871 -0.526652
v -0.520694 -0.361871 -0.556404
v -0.516847 -0.361871 -0.586156
v -0.512999 -0.361871 -0.615908
v -0.509152 -0.361871 -0.645661
v -0.505304 -0.361871 -0.675413
v -0.501457 -0.361871 -0.705165
v -0.550446 -0.361871 -0.560251
v -0.546599 -0.361871 -0.590004
v -0.542751 -0.361871 -0.619756
v -0.538904 -0.361871 -0.649508
v -0.535057 -0.361871 -0.67926
v -0.587893 -0.827916 -0.504594
v -0.584046 -0.827916 -0.534346
v -0.556221 -0.827916 -0.560998
v -0.580199 -0.827916 -0.564099
v -0.617646 -0.827916 -0.508442
v -0.613798 -0.827916 -0.538194
v -0.609951 -0.827916 -0.567946
v -0.576351 -0.827916 -0.593851
v -0.606103 -0.827916 -0.597698
v -0.647398 -0.827916 -0.512289
v -0.643551 -0.827916 -0.542041
v -0.639703 -0.827916 -0.571793
v -0.635856 -0.827916 -0.601546
v -0.602256 -0.827916 -0.627451
v -0.632008 -0.827916 -0.631298
v -0.67715 -0.827916 -0.516136
v -0.673303 -0.827916 -0.545889
v -0.669455 -0.827916 -0.575641
v -0.665608 -0.827916 -0.605393
v -0.661761 -0.827916 -0.635145
v -0.628161 -0.827916 -0.66105
v -0.657913 -0.827916 -0.664898
v -0.624313 -0.827916 -0.690803
v -0.654066 -0.827916 -0.69465
v -0.706902 -0.827916 -0.519984
v -0.703055 -0.827916 -0.549736
v -0.699208 -0.827916 -0.579488
v -0.69536 -0.827916 -0.609241
v -0.691513 -0.827916 -0.638993
v -0.687665 -0.827916 -0.668745
v -0.683818 -0.827916 -0.698497
v -0.650218 -0.827916 -0.724402
v -0.679971 -0.827916 -0.72825
v -0.736655 -0.827916 -0.523831
v -0.732807 -0.827916 -0.553583
v -0.72896 -0.827916 -0.583336
v -0.725113 -0.827916 -0.613088
v -0.721265 -0.827916 -0.64284
v -0.717418 -0.827916 -0.672593
v -0.71357 -0.827916 -0.702345
v -0.709723 -0.827916 -0.732097
v -0.766407 -0.827916 -0.527679
v -0.76256 -0.827916 -0.557431
v -0.758712 -0.827916 -0.587183
v -0.754865 -0.827916 -0.616935
v -0.751017 -0.827916 -0.646688
v -0.74717 -0.827916 -0.67644
v -0.743323 -0.827916 -0.706192
v -0.739475 -0.827916 -0.735944
v -0.796159 -0.827916 -0.531526
v -0.792312 -0.827916 -0.561278
v -0.788464 -0.827916 -0.591031
v -0.784617 -0.827916 -0.620783
v -0.78077 -0.827916 -0.650535
v -0.776922 -0.827916 -0.680287
v -0.773075 -0.827916 -0.71004
v -0.769227 -0.827916 -0.739792
v -0.558141 -0.425843 -0.500747
v -0.587893 -0.42575 -0.504594
v -0.591741 -0.423533 -0.474842
v -0.598509 -0.416708 -0.475717
v -0.618522 -0.416708 -0.501663
v -0.617646 -0.423543 -0.508442
v -0.624424 -0.416708 -0.509318
v -0.643551 -0.421959 -0.542041
v -0.644224 -0.416708 -0.536834
v -0.648758 -0.416708 -0.542715
v -0.600961 -0.386708 -0.506284
v -0.617646 -0.399603 -0.508442
v -0.594587 -0.386708 -0.47521
v -0.615021 -0.386708 -0.528737
v -0.616592 -0.386708 -0.538555
v -0.643551 -0.411458 -0.542041
v -0.615512 -0.386708 -0.568665
v -0.639703 -0.407343 -0.571793
v -0.648991 -0.416708 -0.572995
v -0.651765 -0.416708 -0.603603
v -0.635856 -0.40655 -0.601546
v -0.587893 -0.361871 -0.504594
v -0.591741 -0.383839 -0.474842
v -0.584046 -0.361871 -0.534346
v -0.581036 -0.361871 -0.557621
v -0.564809 -0.361871 -0.683108
v -0.565889 -0.361871 -0.674752
v -0.556158 -0.361871 -0.681989
v -0.560962 -0.361572 -0.71286
v -0.613798 -0.383891 -0.538194
v -0.581044 -0.361871 -0.564208
v -0.609951 -0.381101 -0.567946
v -0.580991 -0.361871 -0.594451
v -0.606103 -0.372217 -0.597698
v -0.574748 -0.361871 -0.623893
v -0.602256 -0.378246 -0.627451
v -0.569825 -0.361871 -0.653507
v -0.598409 -0.378109 -0.657203
v -0.594561 -0.378515 -0.686955
v -0.590714 -0.378913 -0.716707
v -0.614344 -0.386708 -0.598764
v -0.632853 -0.386708 -0.624762
v -0.632008 -0.380579 -0.631298
v -0.628161 -0.382097 -0.66105
v -0.624313 -0.383554 -0.690803
v -0.613474 -0.386708 -0.719651
v -0.622294 -0.386708 -0.706421
v -0.638087 -0.386708 -0.632084
v -0.632734 -0.386708 -0.661642
v -0.627442 -0.386708 -0.691207
v -0.580199 -0.361871 -0.564099
v -0.576351 -0.361871 -0.593851
v -0.572504 -0.361871 -0.623603
v -0.568656 -0.361871 -0.653355
v -0.825912 -0.827916 -0.535373
v -0.822064 -0.827916 -0.565126
v -0.818217 -0.827916 -0.594878
v -0.814369 -0.827916 -0.62463
v -0.810522 -0.827916 -0.654382
v -0.806675 -0.827916 -0.684135
v -0.802827 -0.827916 -0.713887
v -0.79898 -0.827916 -0.743639
v -0.855664 -0.827916 -0.539221
v -0.851816 -0.827916 -0.568973
v -0.847969 -0.827916 -0.598725
v -0.844122 -0.827916 -0.628478
v -0.840274 -0.827916 -0.65823
v -0.836427 -0.827916 -0.687982
v -0.832579 -0.827916 -0.717734
v -0.828732 -0.827916 -0.747487
v -0.885416 -0.827916 -0.543068
v -0.881569 -0.827916 -0.57282
v -0.877721 -0.827916 -0.602573
v -0.873874 -0.827916 -0.632325
v -0.870026 -0.827916 -0.662077
v -0.866179 -0.827916 -0.69183
v -0.862332 -0.827916 -0.721582
v -0.858484 -0.827916 -0.751334
v -0.915168 -0.827916 -0.546916
v -0.911321 -0.827916 -0.576668
v -0.907474 -0.827916 -0.60642
v -0.903626 -0.827916 -0.636172
v -0.899779 -0.827916 -0.665925
v -0.895931 -0.827916 -0.695677
v -0.892084 -0.827916 -0.725429
v -0.888237 -0.827916 -0.755181
v -0.944921 -0.827916 -0.550763
v -0.941073 -0.827916 -0.580515
v -0.937226 -0.827916 -0.610268
v -0.933379 -0.827916 -0.64002
v -0.929531 -0.827916 -0.669772
v -0.925684 -0.827916 -0.699524
v -0.921836 -0.827916 -0.729277
v -0.917989 -0.827916 -0.759029
v -0.974673 -0.827916 -0.55461
v -0.970826 -0.827916 -0.584363
v -0.966978 -0.827916 -0.614115
v -0.963131 -0.827916 -0.643867
v -0.959283 -0.827916 -0.67362
v -0.955436 -0.827916 -0.703372
v -0.951589 -0.827916 -0.733124
v -0.947741 -0.827916 -0.762876
v -1.00443 -0.827916 -0.558458
v -1.00058 -0.827916 -0.58821
v -0.99673 -0.827916 -0.617962
v -0.992883 -0.827916 -0.647715
v -0.989036 -0.827916 -0.677467
v -0.985188 -0.827916 -0.707219
v -0.981341 -0.827916 -0.736971
v -0.977493 -0.827916 -0.766724
v -1.03418 -0.827916 -0.562305
v -1.03033 -0.827916 -0.592057
v -1.02648 -0.827916 -0.62181
v -1.02264 -0.827916 -0.651562
v -1.01879 -0.827916 -0.681314
v -1.01494 -0.827916 -0.711067
v -1.01109 -0.827916 -0.740819
v -1.00725 -0.822434 -0.770571
v -0.995278 -0.672632 -0.757721
v -0.990709 -0.656671 -0.76206
v -1.00543 -0.656685 -0.748353
v -0.988181 -0.626687 -0.76457
v -1.00873 -0.6267 -0.745434
v -0.988422 -0.596687 -0.764501
v -1.00709 -0.596693 -0.747117
v -0.986823 -0.566698 -0.766146
v -1.00662 -0.566691 -0.747714
v -0.987734 -0.536693 -0.765454
v -1.00515 -0.536685 -0.749231
v -0.981709 -0.506732 -0.771221
v -1.01039 -0.506707 -0.744506
v -0.981695 -0.506517 -0.771235
v -0.979808 -0.476744 -0.773147
v -0.983963 -0.476742 -0.769277
v -1.01034 -0.476707 -0.74471
v -0.980721 -0.44674 -0.772452
v -0.983013 -0.446738 -0.770317
v -1.00798 -0.446697 -0.747063
v -0.981865 -0.44083 -0.771418
v -0.989216 -0.416687 -0.764697
v -1.00068 -0.416666 -0.754024
v -0.995958 -0.410372 -0.758451
v -1.06393 -0.827916 -0.566153
v -1.06008 -0.827916 -0.595905
v -1.05623 -0.827916 -0.625657
v -1.05239 -0.827916 -0.655409
v -1.04854 -0.827916 -0.685162
v -1.04469 -0.821971 -0.714914
v -1.04085 -0.822399 -0.744666
v -1.037 -0.822381 -0.774418
v -1.09368 -0.827916 -0.57
v -1.08983 -0.827916 -0.599752
v -1.08599 -0.827916 -0.629505
v -1.08214 -0.827916 -0.659257
v -1.07829 -0.822774 -0.689009
v -1.07444 -0.821197 -0.718761
v -1.0706 -0.822208 -0.748514
v -1.06675 -0.821624 -0.778266
v -1.12343 -0.827916 -0.573847
v -1.12728 -0.827916 -0.544095
v -1.11959 -0.827916 -0.6036
v -1.11574 -0.827916 -0.633352
v -1.11189 -0.822143 -0.663104
v -1.10804 -0.819895 -0.692856
v -1.10537 -0.806708 -0.713521
v -1.09637 -0.806708 -0.721596
v -1.10035 -0.812706 -0.752361
v -1.10205 -0.806708 -0.739224
v -1.0965 -0.81976 -0.782113
v -1.15319 -0.827916 -0.577695
v -1.15703 -0.827916 -0.547943
v -1.14934 -0.827916 -0.607447
v -1.14549 -0.823082 -0.637199
v -1.14164 -0.821521 -0.666952
v -1.1378 -0.819565 -0.696704
v -1.13631 -0.806708 -0.708186
v -1.10379 -0.806708 -0.752806
v -1.12372 -0.806708 -0.785633
v -1.17909 -0.822127 -0.611294
v -1.18294 -0.827916 -0.581542
v -1.17524 -0.823441 -0.641047
v -1.1714 -0.823369 -0.670799
v -1.16755 -0.817931 -0.700551
v -1.16625 -0.806708 -0.710598
v -1.205 -0.82262 -0.644894
v -1.20884 -0.820551 -0.615142
v -1.20115 -0.824457 -0.674646
v -1.1973 -0.822401 -0.704399
v -1.19488 -0.806708 -0.723142
v -1.2309 -0.822869 -0.678494
v -1.23475 -0.823902 -0.648742
v -1.22705 -0.825976 -0.708246
v -1.21737 -0.806708 -0.737243
v -1.22321 -0.809728 -0.737998
v -1.22217 -0.806708 -0.745992
v -1.26065 -0.82635 -0.682341
v -1.2645 -0.82943 -0.652589
v -1.25681 -0.823417 -0.712094
v -1.25321 -0.806708 -0.739896
v -1.24417 -0.806708 -0.740709
v -1.24721 -0.806708 -0.771352
v -1.24911 -0.807222 -0.771598
v -1.25029 -0.806708 -0.762453
v -1.24896 -0.806708 -0.77277
v -1.10359 -0.776708 -0.72253
v -1.10427 -0.776708 -0.722062
v -1.10409 -0.776708 -0.723415
v -1.13464 -0.776708 -0.721085
v -1.11154 -0.776708 -0.753809
v -1.11615 -0.776708 -0.784654
v -1.16462 -0.776708 -0.723168
v -1.1973 -0.790785 -0.704399
v -1.18536 -0.776708 -0.702854
v -1.19832 -0.776708 -0.696485
v -1.17447 -0.776708 -0.731696
v -1.19345 -0.793361 -0.734151
v -1.1952 -0.776708 -0.720666
v -1.17886 -0.776708 -0.762514
v -1.18961 -0.784499 -0.763903
v -1.18646 -0.776708 -0.788207
v -1.22705 -0.793652 -0.708246
v -1.2284 -0.776708 -0.697821
v -1.22528 -0.776708 -0.721962
v -1.21936 -0.798852 -0.767751
v -1.23821 -0.776708 -0.709689
v -1.25296 -0.805189 -0.741846
v -1.1042 -0.77533 -0.722609
v -1.10336 -0.746708 -0.72912
v -1.08932 -0.746708 -0.750934
v -1.10035 -0.766922 -0.752361
v -1.0965 -0.762134 -0.782113
v -1.07784 -0.746708 -0.7797
v -1.10999 -0.746708 -0.723358
v -1.1364 -0.746708 -0.707504
v -1.16755 -0.761805 -0.700551
v -1.14968 -0.746708 -0.698241
v -1.16861 -0.746708 -0.692335
v -1.15985 -0.762986 -0.760056
v -1.16332 -0.746708 -0.73323
v -1.14539 -0.746708 -0.758185
v -1.19839 -0.746708 -0.69595
v -1.19496 -0.746708 -0.72251
v -1.16777 -0.746708 -0.730829
v -1.22797 -0.746708 -0.70117
v -1.22574 -0.746708 -0.71838
v -1.23444 -0.746708 -0.709202
v -1.037 -0.719969 -0.774418
v -1.03346 -0.716708 -0.77396
v -1.03847 -0.716708 -0.763073
v -1.07444 -0.718951 -0.718761
v -1.0737 -0.716708 -0.718666
v -1.07459 -0.716708 -0.717623
v -1.0706 -0.725521 -0.748514
v -1.05238 -0.716708 -0.746158
v -1.06675 -0.7373 -0.778266
v -1.10804 -0.718421 -0.692856
v -1.10677 -0.716708 -0.692692
v -1.10826 -0.716708 -0.6912
v -1.1042 -0.73906 -0.722609
v -1.1378 -0.730455 -0.696704
v -1.13984 -0.716708 -0.680943
v -1.17013 -0.716708 -0.680611
v -1.15985 -0.736541 -0.760056
v -1.19809 -0.716708 -0.698327
v -1.19345 -0.7386 -0.734151
v -1.2274 -0.716708 -0.705531
v -1.04085 -0.69606 -0.744666
v -1.02284 -0.686647 -0.731976
v -1.03316 -0.686657 -0.722371
v -1.01348 -0.686708 -0.771377
v -1.0483 -0.686666 -0.708267
v -1.06963 -0.686665 -0.688406
v -1.07704 -0.686665 -0.681505
v -1.09819 -0.68664 -0.661807
v -1.14066 -0.686708 -0.674548
v -1.16993 -0.686708 -0.682131
v -1.19781 -0.686708 -0.700445
v -1.04311 -0.663369 -0.713219
v -1.04157 -0.656709 -0.714688
v -1.0456 -0.65671 -0.710936
v -1.01589 -0.656692 -0.738607
v -1.074 -0.672859 -0.684403
v -1.07001 -0.65671 -0.688208
v -1.07809 -0.656702 -0.680685
v -1.10115 -0.656653 -0.659202
v -1.1403 -0.656708 -0.67736
v -1.1714 -0.66835 -0.670799
v -1.15749 -0.656708 -0.669001
v -1.17472 -0.656708 -0.671229
v -1.19845 -0.656708 -0.695554
v -1.0393 -0.626724 -0.716957
v -1.04986 -0.626729 -0.707124
v -1.01399 -0.626704 -0.740535
v -1.07024 -0.626709 -0.688144
v -1.07762 -0.6267 -0.681271
v -1.099 -0.626644 -0.661366
v -1.14164 -0.637048 -0.666952
v -1.12695 -0.626708 -0.665052
v -1.14191 -0.626708 -0.664863
v -1.1714 -0.633589 -0.670799
v -1.16153 -0.626708 -0.669523
v -1.17102 -0.626708 -0.673736
v -1.0412 -0.596714 -0.715353
v -1.04625 -0.596713 -0.710642
v -1.01568 -0.596695 -0.739112
v -1.07226 -0.596698 -0.68642
v -1.07631 -0.596695 -0.682654
v -1.10963 -0.596708 -0.680627
v -1.14067 -0.596708 -0.666825
v -1.04183 -0.56671 -0.714913
v -1.04551 -0.56671 -0.711491
v -1.01698 -0.566687 -0.738064
v -1.07335 -0.566692 -0.685559
v -1.07506 -0.566689 -0.683972
v -1.10382 -0.566665 -0.657186
v -1.14132 -0.566708 -0.669436
v -1.14164 -0.589917 -0.666952
v -1.04264 -0.536706 -0.714315
v -1.0445 -0.536706 -0.712583
v -1.01928 -0.536674 -0.736078
v -1.07431 -0.555199 -0.68473
v -1.07283 -0.53668 -0.686205
v -1.07607 -0.536676 -0.683181
v -1.10345 -0.536664 -0.657684
v -1.04336 -0.506703 -0.713802
v -1.04373 -0.506703 -0.71346
v -1.01603 -0.506695 -0.73926
v -1.07212 -0.506677 -0.687023
v -1.07615 -0.506676 -0.683268
v -1.04353 -0.503061 -0.713665
v -1.04077 -0.47669 -0.716369
v -1.01635 -0.476694 -0.73911
v -1.04514 -0.476693 -0.712304
v -1.07003 -0.476668 -0.689122
v -1.07763 -0.476668 -0.682047
v -1.01824 -0.446683 -0.737506
v -1.03816 -0.446679 -0.718955
v -1.0485 -0.446672 -0.709331
v -1.073 -0.446681 -0.68651
v -1.02194 -0.416661 -0.73422
v -1.0342 -0.416662 -0.722801
v -1.05267 -0.416647 -0.705601
v -1.06792 -0.416659 -0.691401
v -1.0255 -0.38664 -0.731059
v -1.0293 -0.386641 -0.727518
v -1.037 -0.400351 -0.774418
v -1.04025 -0.386708 -0.749259
v -1.05281 -0.386647 -0.705623
v -1.0459 -0.386708 -0.77557
v -1.04085 -0.375903 -0.744666
v -1.04898 -0.356708 -0.745719
v -1.0531 -0.356646 -0.705508
v -1.0548 -0.356708 -0.77672
v -1.05637 -0.326708 -0.776923
v -1.05448 -0.326708 -0.746429
v -1.28656 -0.822666 -0.715941
v -1.29041 -0.831619 -0.686189
v -1.28372 -0.806708 -0.737857
v -1.25569 -0.806708 -0.772449
v -1.3087 -0.806708 -0.749054
v -1.31246 -0.808353 -0.749541
v -1.31631 -0.834303 -0.719788
v -1.31179 -0.806708 -0.75477
v -1.33934 -0.806708 -0.775659
v -1.34222 -0.825418 -0.753388
v -1.28271 -0.80144 -0.745693
v -1.30862 -0.802189 -0.779293
v -1.27886 -0.804714 -0.775445
v 0.213624 -0.827916 -0.854693
v 0.183872 -0.827916 -0.85854
v 0.209777 -0.827916 -0.824941
v 0.180025 -0.827916 -0.828788
v 0.176177 -0.827916 -0.799036
v 0.146425 -0.827916 -0.802883
v 0.17233 -0.827916 -0.769284
v 0.142578 -0.827916 -0.773131
v 0.150272 -0.827916 -0.832636
v 0.15412 -0.827916 -0.862388
v 0.13873 -0.827916 -0.743379
v 0.108978 -0.827916 -0.747226
v 0.134883 -0.827916 -0.713627
v 0.105131 -0.827916 -0.717474
v 0.112825 -0.827916 -0.776978
v 0.116673 -0.827916 -0.806731
v 0.12052 -0.827916 -0.836483
v 0.124368 -0.827916 -0.866235
v 0.0753783 -0.827916 -0.721321
v 0.101283 -0.827916 -0.687722
v 0.0715309 -0.827916 -0.691569
v 0.0792257 -0.827916 -0.751074
v 0.0830731 -0.827916 -0.780826
v 0.0869205 -0.827916 -0.810578
v 0.0907679 -0.827916 -0.84033
v 0.0946153 -0.827916 -0.870083
v 0.0676835 -0.827916 -0.661817
v 0.0379312 -0.827916 -0.665664
v 0.0638361 -0.827916 -0.632065
v 0.0417786 -0.827916 -0.695416
v 0.045626 -0.827916 -0.725169
v 0.0494734 -0.827916 -0.754921
v 0.0533208 -0.827916 -0.784673
v 0.0571682 -0.827916 -0.814426
v 0.0610156 -0.827916 -0.844178
v 0.064863 -0.827916 -0.87393
v 0.00817892 -0.827916 -0.669512
v 0.0120263 -0.827916 -0.699264
v 0.0158737 -0.827916 -0.729016
v 0.0197211 -0.827916 -0.758768
v 0.0235685 -0.827916 -0.788521
v 0.0274159 -0.827916 -0.818273
v 0.0312633 -0.827916 -0.848025
v 0.0351108 -0.827916 -0.877778
v -0.0215733 -0.827916 -0.673359
v -0.0177259 -0.827916 -0.703111
v -0.0138785 -0.827916 -0.732864
v -0.0100311 -0.827916 -0.762616
v -0.00618372 -0.827916 -0.792368
v -0.00233632 -0.827916 -0.82212
v 0.00151108 -0.827916 -0.851873
v 0.00535849 -0.827916 -0.881625
v -0.0513256 -0.827916 -0.677206
v -0.0474782 -0.827916 -0.706959
v -0.0436308 -0.827916 -0.736711
v -0.0397834 -0.827916 -0.766463
v -0.035936 -0.827916 -0.796215
v -0.0320886 -0.827916 -0.825968
v -0.0282412 -0.827916 -0.85572
v -0.0243938 -0.827916 -0.885472
v 0.0830731 -0.423047 -0.780826
v 0.0968143 -0.416708 -0.779049
v 0.0822091 -0.416708 -0.774145
v 0.0869205 -0.43752 -0.810578
v 0.115239 -0.416708 -0.806916
v 0.045626 -0.419832 -0.725169
v 0.0487236 -0.416708 -0.724768
v 0.045218 -0.416708 -0.722014
v 0.0494734 -0.423553 -0.754921
v 0.0566783 -0.416708 -0.753989
v 0.0533208 -0.425843 -0.784673
v 0.0120263 -0.422746 -0.699264
v 0.0179869 -0.416708 -0.698493
v 0.0112402 -0.416708 -0.693185
v 0.0158737 -0.425895 -0.729016
v 0.0197211 -0.425802 -0.758768
v -0.0215733 -0.424127 -0.673359
v -0.0142121 -0.416708 -0.672407
v -0.0177259 -0.425877 -0.703111
v -0.0513256 -0.425847 -0.677206
v 0.0792257 -0.388797 -0.751074
v 0.0833951 -0.386708 -0.750534
v 0.0781957 -0.386708 -0.743109
v 0.0949195 -0.386708 -0.779294
v 0.115506 -0.386708 -0.797705
v 0.116673 -0.412188 -0.806731
v 0.117867 -0.416708 -0.815968
v 0.059201 -0.386708 -0.723413
v 0.0424717 -0.386708 -0.700777
v 0.00817892 -0.388003 -0.669512
v 0.00946545 -0.386708 -0.669345
v 0.00733115 -0.386708 -0.662956
v 0.0363914 -0.386708 -0.696113
v 0.0792257 -0.361871 -0.751074
v 0.0830731 -0.361871 -0.780826
v 0.116673 -0.361871 -0.806731
v 0.0869205 -0.361871 -0.810578
v 0.12052 -0.361871 -0.836483
v 0.0907679 -0.361871 -0.84033
v 0.124368 -0.361871 -0.866235
v 0.0946153 -0.361871 -0.870083
v 0.045626 -0.361871 -0.725169
v 0.0494734 -0.361871 -0.754921
v 0.0533208 -0.361871 -0.784673
v 0.0571682 -0.361871 -0.814426
v 0.0610156 -0.361871 -0.844178
v 0.064863 -0.361871 -0.87393
v 0.00817892 -0.361871 -0.669512
v 0.0120263 -0.361871 -0.699264
v 0.0158737 -0.361871 -0.729016
v 0.0197211 -0.361871 -0.758768
v 0.0235685 -0.361871 -0.788521
v 0.0274159 -0.361871 -0.818273
v 0.0312633 -0.361871 -0.848025
v 0.0316185 -0.361871 -0.850772
v 0.0544781 -0.361871 -0.875273
v -0.0215733 -0.361871 -0.673359
v -0.0177259 -0.361871 -0.703111
v -0.0138785 -0.361871 -0.732864
v -0.0100311 -0.361871 -0.762616
v -0.00618372 -0.361871 -0.792368
v -0.00423101 -0.361871 -0.807469
v 0.00603848 -0.361871 -0.821037
v 0.0293224 -0.361871 -0.848276
v -0.0513256 -0.361871 -0.677206
v -0.0474782 -0.361871 -0.706959
v -0.0436308 -0.361871 -0.736711
v -0.0397834 -0.361871 -0.766463
v -0.0363793 -0.361871 -0.792787
v -0.0297782 -0.361871 -0.795419
v 0.0490478 -0.361871 -0.875975
v 0.0329267 -0.361871 -0.860888
v -0.00233632 -0.361871 -0.82212
v -0.00181204 -0.361871 -0.826175
v 0.0208316 -0.361871 -0.849374
v -0.035936 -0.361871 -0.796215
v -0.0342499 -0.361871 -0.809254
v -0.00771243 -0.361871 -0.822816
v -0.0810779 -0.827916 -0.681054
v -0.0772305 -0.827916 -0.710806
v -0.0733831 -0.827916 -0.740558
v -0.0695357 -0.827916 -0.770311
v -0.0656883 -0.827916 -0.800063
v -0.0618409 -0.827916 -0.829815
v -0.0579935 -0.827916 -0.859567
v -0.054146 -0.827916 -0.88932
v -0.11083 -0.827916 -0.684901
v -0.106983 -0.827916 -0.714653
v -0.103135 -0.827916 -0.744406
v -0.0992879 -0.827916 -0.774158
v -0.0954405 -0.827916 -0.80391
v -0.0915931 -0.827916 -0.833663
v -0.0877457 -0.827916 -0.863415
v -0.0838983 -0.827916 -0.893167
v -0.140582 -0.827916 -0.688749
v -0.136735 -0.827916 -0.718501
v -0.132888 -0.827916 -0.748253
v -0.12904 -0.827916 -0.778005
v -0.125193 -0.827916 -0.807758
v -0.121345 -0.827916 -0.83751
v -0.117498 -0.827916 -0.867262
v -0.113651 -0.827916 -0.897014
v -0.170335 -0.827916 -0.692596
v -0.166487 -0.827916 -0.722348
v -0.16264 -0.827916 -0.752101
v -0.158792 -0.827916 -0.781853
v -0.154945 -0.827916 -0.811605
v -0.151098 -0.827916 -0.841357
v -0.14725 -0.827916 -0.87111
v -0.143403 -0.827916 -0.900862
v -0.200087 -0.827916 -0.696443
v -0.19624 -0.827916 -0.726196
v -0.192392 -0.827916 -0.755948
v -0.188545 -0.827916 -0.7857
v -0.184697 -0.827916 -0.815453
v -0.18085 -0.827916 -0.845205
v -0.177003 -0.827916 -0.874957
v -0.173155 -0.827916 -0.904709
v -0.229839 -0.827916 -0.700291
v -0.225992 -0.827916 -0.730043
v -0.222144 -0.827916 -0.759795
v -0.218297 -0.827916 -0.789548
v -0.21445 -0.827916 -0.8193
v -0.210602 -0.827916 -0.849052
v -0.206755 -0.827916 -0.878804
v -0.202907 -0.827916 -0.908557
v -0.259591 -0.827916 -0.704138
v -0.255744 -0.827916 -0.733891
v -0.251897 -0.827916 -0.763643
v -0.248049 -0.827916 -0.793395
v -0.244202 -0.827916 -0.823147
v -0.240354 -0.827916 -0.8529
v -0.236507 -0.827916 -0.882652
v -0.23266 -0.827916 -0.912404
v -0.289344 -0.827916 -0.707986
v -0.285496 -0.827916 -0.737738
v -0.281649 -0.827916 -0.76749
v -0.277802 -0.827916 -0.797242
v -0.273954 -0.827916 -0.826995
v -0.270107 -0.827916 -0.856747
v -0.266259 -0.827916 -0.886499
v -0.262412 -0.827916 -0.916252
v -0.0810779 -0.361871 -0.681054
v -0.0772305 -0.361871 -0.710806
v -0.0733831 -0.361871 -0.740558
v -0.0695357 -0.361871 -0.770311
v -0.0494112 -0.361871 -0.797958
v -0.0656883 -0.361871 -0.800063
v -0.0651281 -0.361871 -0.804394
v -0.11083 -0.361871 -0.684901
v -0.106983 -0.361871 -0.714653
v -0.103135 -0.361871 -0.744406
v -0.0992879 -0.361871 -0.774158
v -0.0954405 -0.361871 -0.80391
v -0.0939697 -0.361871 -0.815284
v -0.142715 -0.361871 -0.672256
v -0.130679 -0.361871 -0.687468
v -0.1189 -0.361871 -0.716195
v -0.112358 -0.361871 -0.745598
v -0.12904 -0.361871 -0.778005
v -0.129381 -0.361871 -0.775366
v -0.127065 -0.361871 -0.793281
v -0.114099 -0.361871 -0.806323
v -0.131094 -0.361871 -0.778271
v -0.135961 -0.361871 -0.80915
v -0.154945 -0.361871 -0.811605
v -0.155369 -0.361871 -0.808325
v -0.153566 -0.361871 -0.822269
v -0.159899 -0.361871 -0.812246
v -0.179093 -0.361871 -0.844978
v -0.18085 -0.361871 -0.845205
v -0.180934 -0.361871 -0.844552
v -0.180418 -0.361871 -0.848547
v -0.181894 -0.361871 -0.84534
v -0.0632278 -0.361871 -0.81909
v -0.0759047 -0.361871 -0.831634
v -0.0915931 -0.361871 -0.833663
v -0.0895954 -0.361871 -0.849111
v -0.140582 -0.361871 -0.688749
v -0.136735 -0.361871 -0.718501
v -0.132888 -0.361871 -0.748253
v -0.125193 -0.361871 -0.807758
v -0.121345 -0.361871 -0.83751
v -0.108478 -0.361871 -0.866096
v -0.117498 -0.361871 -0.867262
v -0.116619 -0.361871 -0.874062
v -0.172719 -0.361871 -0.67416
v -0.158182 -0.361871 -0.691025
v -0.1652 -0.361871 -0.722182
v -0.16264 -0.361871 -0.752101
v -0.166309 -0.361871 -0.723725
v -0.158792 -0.361871 -0.781853
v -0.151098 -0.361871 -0.841357
v -0.14725 -0.361871 -0.87111
v -0.14467 -0.361871 -0.891064
v -0.192392 -0.361871 -0.755948
v -0.193751 -0.361871 -0.745443
v -0.188545 -0.361871 -0.7857
v -0.184697 -0.361871 -0.815453
v -0.177003 -0.361871 -0.874957
v -0.17331 -0.361871 -0.903513
v -0.198085 -0.361871 -0.756684
v -0.218297 -0.361871 -0.789548
v -0.219222 -0.361871 -0.782392
v -0.21445 -0.361871 -0.8193
v -0.210602 -0.361871 -0.849052
v -0.206755 -0.361871 -0.878804
v -0.176882 -0.361871 -0.905191
v -0.202907 -0.361871 -0.908557
v -0.223875 -0.361871 -0.790269
v -0.240115 -0.361871 -0.822619
v -0.240354 -0.361871 -0.8529
v -0.243587 -0.361871 -0.827905
v -0.236507 -0.361871 -0.882652
v -0.23266 -0.361871 -0.912404
v -0.290204 -0.361871 -0.701334
v -0.270107 -0.361871 -0.856747
v -0.271509 -0.361871 -0.845904
v -0.266259 -0.361871 -0.886499
v -0.262412 -0.361871 -0.916252
v -0.319096 -0.827916 -0.711833
v -0.315249 -0.827916 -0.741585
v -0.311401 -0.827916 -0.771338
v -0.307554 -0.827916 -0.80109
v -0.303706 -0.827916 -0.830842
v -0.299859 -0.827916 -0.860594
v -0.296012 -0.827916 -0.890347
v -0.292164 -0.827916 -0.920099
v -0.348848 -0.827916 -0.71568
v -0.345001 -0.827916 -0.745433
v -0.341153 -0.827916 -0.775185
v -0.337306 -0.827916 -0.804937
v -0.333459 -0.827916 -0.834689
v -0.329611 -0.827916 -0.864442
v -0.325764 -0.827916 -0.894194
v -0.321916 -0.827916 -0.923946
v -0.378601 -0.827916 -0.719528
v -0.374753 -0.827916 -0.74928
v -0.370906 -0.827916 -0.779032
v -0.367058 -0.827916 -0.808785
v -0.363211 -0.827916 -0.838537
v -0.359364 -0.827916 -0.868289
v -0.355516 -0.827916 -0.898041
v -0.408353 -0.827916 -0.723375
v -0.404505 -0.827916 -0.753128
v -0.400658 -0.827916 -0.78288
v -0.396811 -0.827916 -0.812632
v -0.392963 -0.827916 -0.842384
v -0.389116 -0.827916 -0.872137
v -0.385268 -0.827916 -0.901889
v -0.438105 -0.827916 -0.727223
v -0.434258 -0.827916 -0.756975
v -0.43041 -0.827916 -0.786727
v -0.426563 -0.827916 -0.81648
v -0.422716 -0.827916 -0.846232
v -0.420046 -0.827916 -0.866875
v -0.393637 -0.827916 -0.872721
v -0.467857 -0.827916 -0.73107
v -0.46401 -0.827916 -0.760822
v -0.460163 -0.827916 -0.790575
v -0.456315 -0.827916 -0.820327
v -0.452748 -0.827916 -0.847912
v -0.449304 -0.827916 -0.84967
v -0.44339 -0.827916 -0.879155
v -0.44862 -0.827916 -0.879831
v -0.45032 -0.827916 -0.86669
v -0.49761 -0.827916 -0.734917
v -0.493762 -0.827916 -0.76467
v -0.489915 -0.827916 -0.794422
v -0.486067 -0.827916 -0.824174
v -0.483956 -0.827916 -0.840499
v -0.527362 -0.827916 -0.738765
v -0.523515 -0.827916 -0.768517
v -0.519667 -0.827916 -0.798269
v -0.516486 -0.827916 -0.822867
v -0.509218 -0.827916 -0.827168
v -0.452468 -0.827916 -0.850079
v -0.51582 -0.827916 -0.828022
v -0.557114 -0.827916 -0.742612
v -0.560962 -0.827916 -0.71286
v -0.553267 -0.827916 -0.772365
v -0.549419 -0.827916 -0.802117
v -0.546283 -0.827916 -0.826369
v -0.579172 -0.827916 -0.805964
v -0.583019 -0.827916 -0.776212
v -0.57752 -0.827916 -0.818732
v -0.676123 -0.827916 -0.758002
v -0.705876 -0.827916 -0.761849
v -0.735628 -0.827916 -0.765697
v -0.702028 -0.827916 -0.791602
v -0.73178 -0.827916 -0.795449
v -0.76538 -0.827916 -0.769544
v -0.761533 -0.827916 -0.799296
v -0.727933 -0.827916 -0.825201
v -0.757685 -0.827916 -0.829049
v -0.795132 -0.827916 -0.773391
v -0.791376 -0.827916 -0.802441
v -0.785174 -0.827916 -0.802354
v -0.824885 -0.827916 -0.777239
v -0.821416 -0.827916 -0.804058
v -0.854637 -0.827916 -0.781086
v -0.851237 -0.827916 -0.807381
v -0.884389 -0.827916 -0.784934
v -0.880833 -0.827916 -0.812437
v -0.914142 -0.827916 -0.788781
v -0.91087 -0.827916 -0.814077
v -0.943894 -0.827916 -0.792629
v -0.923685 -0.827916 -0.820265
v -0.940046 -0.811657 -0.822381
v -0.938687 -0.806708 -0.832894
v -0.973646 -0.822483 -0.796476
v -0.969799 -0.821608 -0.826228
v -0.967065 -0.806708 -0.847368
v -1.0034 -0.822065 -0.800323
v -0.999551 -0.822791 -0.830076
v -0.978839 -0.806708 -0.857647
v -0.995704 -0.815787 -0.859828
v -0.880542 -0.827916 -0.814686
v -0.910294 -0.827916 -0.818533
v -0.965951 -0.799723 -0.85598
v -0.999551 -0.720907 -0.830076
v -0.994516 -0.716708 -0.829425
v -1.00208 -0.716708 -0.810545
v -0.995704 -0.740706 -0.859828
v -0.973219 -0.716708 -0.85692
v -1.0034 -0.708253 -0.800323
v -0.991535 -0.686708 -0.798789
v -1.00586 -0.686708 -0.781295
v -0.973734 -0.686708 -0.826737
v -0.969263 -0.686708 -0.830372
v -0.965951 -0.708806 -0.85598
v -0.965383 -0.716708 -0.860377
v -0.964407 -0.656698 -0.786555
v -0.964395 -0.656657 -0.786567
v -0.964433 -0.656657 -0.786531
v -0.969799 -0.678959 -0.826228
v -0.939524 -0.656634 -0.80973
v -0.924524 -0.656633 -0.823699
v -0.937472 -0.686708 -0.84229
v -0.90262 -0.641585 -0.844177
v -0.906861 -0.626661 -0.840305
v -0.930713 -0.62666 -0.818091
v -0.905327 -0.656699 -0.841578
v -0.89897 -0.626671 -0.847653
v -0.962722 -0.626668 -0.78828
v -0.968741 -0.626675 -0.782675
v -0.935607 -0.626659 -0.813533
v -0.933631 -0.603961 -0.815492
v -0.933016 -0.596677 -0.816102
v -0.934676 -0.596677 -0.814556
v -0.905517 -0.59667 -0.841712
v -0.899504 -0.596674 -0.847312
v -0.960114 -0.596686 -0.790865
v -0.971585 -0.596688 -0.780182
v -0.902777 -0.58099 -0.844345
v -0.900232 -0.566704 -0.84679
v -0.906256 -0.566703 -0.841179
v -0.874656 -0.566715 -0.870609
v -0.876068 -0.596721 -0.869138
v -0.929194 -0.566701 -0.819817
v -0.940804 -0.566703 -0.809005
v -0.957846 -0.566701 -0.793133
v -0.974659 -0.566701 -0.777475
v -0.869427 -0.566718 -0.87548
v -0.87197 -0.54006 -0.873249
v -0.871501 -0.536701 -0.873703
v -0.842674 -0.566725 -0.900395
v -0.845633 -0.53669 -0.897795
v -0.841004 -0.560777 -0.901981
v -0.834647 -0.536691 -0.908026
v -0.900193 -0.536705 -0.846982
v -0.906583 -0.536704 -0.841031
v -0.872247 -0.536702 -0.873008
v -0.929038 -0.536703 -0.820118
v -0.940041 -0.5367 -0.809871
v -0.958061 -0.5367 -0.793089
v -0.974348 -0.5367 -0.77792
v -0.793188 -0.536661 -0.946638
v -0.790544 -0.506679 -0.949256
v -0.798331 -0.506683 -0.942003
v -0.793336 -0.536661 -0.9465
v -0.763252 -0.50668 -0.974674
v -0.764476 -0.536685 -0.973377
v -0.818668 -0.53668 -0.922908
v -0.816148 -0.506697 -0.925411
v -0.837661 -0.506704 -0.905375
v -0.871985 -0.534435 -0.873265
v -0.86889 -0.506724 -0.876291
v -0.877519 -0.506727 -0.868254
v -0.843323 -0.506705 -0.900102
v -0.89561 -0.506735 -0.851406
v -0.91502 -0.506741 -0.833329
v -0.923274 -0.50674 -0.825642
v -0.948983 -0.506739 -0.801699
v -0.952068 -0.506739 -0.798826
v -0.981678 -0.506732 -0.77125
v -0.76183 -0.50668 -0.975997
v -0.762452 -0.493856 -0.975485
v -0.788831 -0.47669 -0.951007
v -0.803005 -0.476703 -0.937806
v -0.763208 -0.476672 -0.97487
v -0.814186 -0.47671 -0.927393
v -0.840852 -0.476718 -0.902559
v -0.866942 -0.476737 -0.87826
v -0.881347 -0.476744 -0.864845
v -0.84144 -0.476718 -0.902011
v -0.893587 -0.476749 -0.853446
v -0.917767 -0.476753 -0.830926
v -0.950832 -0.487095 -0.800079
v -0.950158 -0.476752 -0.80076
v -0.951874 -0.476752 -0.799162
v -0.921468 -0.476753 -0.82748
v -0.788618 -0.446692 -0.951361
v -0.803153 -0.446704 -0.937824
v -0.763043 -0.446674 -0.97518
v -0.841257 -0.462817 -0.902254
v -0.841038 -0.446721 -0.902542
v -0.841768 -0.446722 -0.901862
v -0.814504 -0.446709 -0.927253
v -0.867893 -0.446732 -0.877531
v -0.879592 -0.446737 -0.866635
v -0.89478 -0.446742 -0.85249
v -0.916872 -0.446749 -0.831916
v -0.950703 -0.446749 -0.800409
v -0.951265 -0.446749 -0.799885
v -0.92216 -0.446749 -0.82699
v -0.791315 -0.416676 -0.949006
v -0.7981 -0.416682 -0.942686
v -0.765999 -0.416656 -0.972582
v -0.841309 -0.442894 -0.902309
v -0.837485 -0.416703 -0.906006
v -0.817471 -0.416691 -0.924646
v -0.870588 -0.416716 -0.875177
v -0.87499 -0.416717 -0.871077
v -0.843579 -0.416706 -0.90033
v -0.898536 -0.416719 -0.849148
v -0.910943 -0.416724 -0.837594
v -0.950942 -0.444744 -0.800196
v -0.945675 -0.416725 -0.805247
v -0.92605 -0.416726 -0.823524
v -0.975691 -0.416706 -0.777293
v -0.95538 -0.416721 -0.796209
v -0.793582 -0.410196 -0.946928
v -0.797953 -0.391924 -0.985505
v -0.824514 -0.402551 -0.918159
v -0.831552 -0.39068 -0.9596
v -0.830073 -0.386708 -0.971038
v -0.809028 -0.386708 -0.986937
v -0.8723 -0.412645 -0.873603
v -0.855444 -0.395923 -0.889388
v -0.865152 -0.387254 -0.933695
v -0.864767 -0.386708 -0.93667
v -0.844132 -0.386708 -0.961227
v -0.903226 -0.407512 -0.844828
v -0.902599 -0.393809 -0.878038
v -0.898752 -0.387168 -0.90779
v -0.898281 -0.386708 -0.91143
v -0.868915 -0.386708 -0.934182
v -0.93415 -0.403451 -0.816049
v -0.936199 -0.390098 -0.852133
v -0.934317 -0.386708 -0.866685
v -0.922573 -0.386708 -0.880621
v -0.900607 -0.386708 -0.90803
v -0.965061 -0.404132 -0.787258
v -0.969799 -0.390497 -0.826228
v -0.968204 -0.386708 -0.838558
v -0.947467 -0.386708 -0.85359
v -1.0034 -0.394213 -0.800323
v -1.00054 -0.386708 -0.822402
v -0.986865 -0.386708 -0.828435
v -0.827705 -0.384082 -0.989352
v -0.861305 -0.384558 -0.963447
v -0.857457 -0.383145 -0.9932
v -0.894904 -0.384976 -0.937542
v -0.891057 -0.383176 -0.967295
v -0.88721 -0.381258 -0.997047
v -0.932352 -0.385251 -0.881885
v -0.928504 -0.383318 -0.911638
v -0.924657 -0.38157 -0.94139
v -0.920809 -0.380655 -0.971142
v -0.916962 -0.381447 -1.00089
v -0.965951 -0.384454 -0.85598
v -0.962104 -0.382169 -0.885733
v -0.958256 -0.381104 -0.915485
v -0.954409 -0.380207 -0.945237
v -0.950562 -0.381438 -0.97499
v -0.946714 -0.385171 -1.00474
v -0.999551 -0.385548 -0.830076
v -0.995704 -0.382833 -0.859828
v -0.991856 -0.381046 -0.88958
v -0.988009 -0.380179 -0.919332
v -0.984161 -0.37985 -0.949085
v -0.980314 -0.381313 -0.978837
v -0.976466 -0.381605 -1.00859
v -1.03315 -0.822591 -0.804171
v -1.0293 -0.820928 -0.833923
v -1.02546 -0.818479 -0.863675
v -1.02394 -0.806708 -0.875364
v -0.994581 -0.806708 -0.868509
v -1.0629 -0.82108 -0.808018
v -1.05906 -0.818519 -0.83777
v -1.05521 -0.808482 -0.867523
v -1.05459 -0.806708 -0.872273
v -1.09265 -0.815407 -0.811866
v -1.08905 -0.806708 -0.839717
v -1.0875 -0.806708 -0.841449
v -1.05987 -0.806708 -0.868126
v -1.11301 -0.806708 -0.814498
v -1.02131 -0.776708 -0.893388
v -1.02161 -0.777051 -0.893428
v -0.993448 -0.776708 -0.87727
v -1.05136 -0.797365 -0.897275
v -1.08881 -0.80601 -0.841618
v -1.08496 -0.797864 -0.87137
v -1.08111 -0.788579 -0.901122
v -1.12241 -0.7968 -0.815713
v -1.12375 -0.776708 -0.805363
v -1.11856 -0.794407 -0.845465
v -1.11471 -0.796096 -0.875217
v -1.13558 -0.776708 -0.817416
v -1.14831 -0.793306 -0.849313
v -1.15101 -0.776708 -0.82848
v -1.0293 -0.751128 -0.833923
v -1.02615 -0.746708 -0.833515
v -1.02972 -0.746708 -0.830696
v -1.02546 -0.764555 -0.863675
v -1.00214 -0.746708 -0.86066
v -1.0152 -0.746708 -0.892599
v -0.991856 -0.761042 -0.88958
v -1.02161 -0.775526 -0.893428
v -1.0629 -0.762569 -0.808018
v -1.05006 -0.746708 -0.806357
v -1.06564 -0.746708 -0.786845
v -1.05906 -0.754616 -0.83777
v -1.05751 -0.746708 -0.849756
v -1.04556 -0.746708 -0.866275
v -1.02485 -0.746708 -0.893846
v -1.09342 -0.746708 -0.805986
v -1.08838 -0.746708 -0.811312
v -1.09099 -0.746708 -0.824756
v -1.08881 -0.755372 -0.841618
v -1.12241 -0.772971 -0.815713
v -1.0962 -0.746708 -0.812324
v -1.03315 -0.725673 -0.804171
v -1.00846 -0.716708 -0.800977
v -0.991856 -0.738406 -0.88958
v -1.05521 -0.741241 -0.867523
v -1.09265 -0.74356 -0.811866
v -1.03315 -0.391051 -0.804171
v -1.03119 -0.386708 -0.819359
v -1.0629 -0.387691 -0.808018
v -1.06306 -0.386708 -0.806797
v -1.06207 -0.386708 -0.814426
v -1.0636 -0.386708 -0.808109
v -1.11471 -0.386762 -0.875217
v -1.11472 -0.386708 -0.875151
v -1.11449 -0.386708 -0.875189
v -1.11468 -0.386708 -0.875502
v -1.11507 -0.386708 -0.875263
v -1.0293 -0.384345 -0.833923
v -1.02546 -0.381509 -0.863675
v -1.02161 -0.380836 -0.893428
v -1.01776 -0.378853 -0.92318
v -1.01391 -0.379058 -0.952932
v -1.01007 -0.379589 -0.982684
v -1.00622 -0.378414 -1.01244
v -1.06537 -0.356708 -0.788939
v -1.05906 -0.384403 -0.83777
v -1.05521 -0.38215 -0.867523
v -1.05136 -0.38091 -0.897275
v -1.04751 -0.379979 -0.927027
v -1.04367 -0.377143 -0.956779
v -1.03982 -0.374708 -0.986532
v -1.03686 -0.356708 -1.00938
v -1.03124 -0.356708 -1.01567
v -1.07664 -0.356708 -0.809794
v -1.08881 -0.382278 -0.841618
v -1.09071 -0.356708 -0.826898
v -1.08496 -0.380552 -0.87137
v -1.08111 -0.380353 -0.901122
v -1.07727 -0.37808 -0.930875
v -1.07342 -0.377444 -0.960627
v -1.07118 -0.356708 -0.977937
v -1.05699 -0.356708 -0.988752
v -1.1079 -0.356708 -0.844087
v -1.11732 -0.356708 -0.855035
v -1.11087 -0.381167 -0.90497
v -1.10702 -0.377012 -0.934722
v -1.10377 -0.356708 -0.959854
v -1.09444 -0.356708 -0.963345
v -1.14446 -0.378897 -0.879065
v -1.14062 -0.37965 -0.908817
v -1.13677 -0.376363 -0.938569
v -1.13446 -0.356708 -0.956468
v -1.16652 -0.369073 -0.942417
v -1.17037 -0.377624 -0.912665
v -1.16518 -0.356708 -0.952792
v -1.17776 -0.356708 -0.91362
v -1.19194 -0.356708 -0.945703
v -1.06616 -0.326708 -0.782864
v -1.03597 -0.352582 -1.01628
v -1.08309 -0.326708 -0.810629
v -1.09134 -0.326708 -0.822043
v -1.06957 -0.335748 -0.990379
v -1.06572 -0.331667 -1.02013
v -1.11856 -0.332446 -0.845465
v -1.11893 -0.326708 -0.842615
v -1.09306 -0.326708 -0.963167
v -1.10452 -0.326708 -0.954071
v -1.07511 -0.326708 -0.991095
v -1.07263 -0.326708 -1.02102
v -1.13677 -0.327946 -0.938569
v -1.13377 -0.326708 -0.938182
v -1.13686 -0.326708 -0.937838
v -1.16652 -0.336145 -0.942417
v -1.16786 -0.326708 -0.932046
v -1.17836 -0.326708 -0.913698
v 0.217472 -0.827916 -0.884445
v 0.187719 -0.827916 -0.888293
v 0.221319 -0.827916 -0.914198
v 0.191567 -0.827916 -0.918045
v 0.225167 -0.827916 -0.94395
v 0.195414 -0.827916 -0.947797
v 0.229014 -0.827916 -0.973702
v 0.199262 -0.827916 -0.97755
v 0.232861 -0.827916 -1.00345
v 0.203109 -0.827916 -1.0073
v 0.236709 -0.827916 -1.03321
v 0.206957 -0.827916 -1.03705
v 0.240556 -0.827916 -1.06296
v 0.210804 -0.827916 -1.06681
v 0.244404 -0.827916 -1.09271
v 0.214651 -0.827916 -1.09656
v 0.157967 -0.827916 -0.89214
v 0.161815 -0.827916 -0.921892
v 0.165662 -0.827916 -0.951645
v 0.169509 -0.827916 -0.981397
v 0.173357 -0.827916 -1.01115
v 0.177204 -0.827916 -1.0409
v 0.181052 -0.827916 -1.07065
v 0.184899 -0.827916 -1.10041
v 0.128215 -0.827916 -0.895988
v 0.132062 -0.827916 -0.92574
v 0.13591 -0.827916 -0.955492
v 0.139757 -0.827916 -0.985244
v 0.143605 -0.827916 -1.015
v 0.147452 -0.827916 -1.04475
v 0.151299 -0.827916 -1.0745
v 0.155147 -0.827916 -1.10425
v 0.0984627 -0.827916 -0.899835
v 0.10231 -0.827916 -0.929587
v 0.106157 -0.827916 -0.959339
v 0.110005 -0.827916 -0.989092
v 0.113852 -0.827916 -1.01884
v 0.1177 -0.827916 -1.0486
v 0.121547 -0.827916 -1.07835
v 0.125395 -0.827916 -1.1081
v 0.0687104 -0.827916 -0.903682
v 0.0725578 -0.827916 -0.933435
v 0.0764052 -0.827916 -0.963187
v 0.0802526 -0.827916 -0.992939
v 0.0841001 -0.827916 -1.02269
v 0.0879475 -0.827916 -1.05244
v 0.0917949 -0.827916 -1.0822
v 0.0956423 -0.827916 -1.11195
v 0.0389582 -0.827916 -0.90753
v 0.0428056 -0.827916 -0.937282
v 0.046653 -0.827916 -0.967034
v 0.0505004 -0.827916 -0.996786
v 0.0543478 -0.827916 -1.02654
v 0.0581952 -0.827916 -1.05629
v 0.0620426 -0.827916 -1.08604
v 0.06589 -0.827916 -1.1158
v 0.00920589 -0.827916 -0.911377
v 0.0130533 -0.827916 -0.941129
v 0.0169007 -0.827916 -0.970882
v 0.0207481 -0.827916 -1.00063
v 0.0245955 -0.827916 -1.03039
v 0.0284429 -0.827916 -1.06014
v 0.0322903 -0.827916 -1.08989
v 0.0361377 -0.827916 -1.11964
v -0.0205464 -0.827916 -0.915225
v -0.016699 -0.827916 -0.944977
v -0.0128516 -0.827916 -0.974729
v -0.00900417 -0.827916 -1.00448
v -0.00515675 -0.827916 -1.03423
v -0.00130935 -0.827916 -1.06399
v 0.00253805 -0.827916 -1.09374
v 0.00638545 -0.827916 -1.12349
v 0.236673 -0.827916 -1.03293
v 0.236606 -0.827916 -1.03322
v 0.23332 -0.827916 -1.06389
v 0.23515 -0.827916 -1.09391
v 0.236031 -0.746708 -1.02796
v 0.235249 -0.746708 -1.0334
v 0.234591 -0.746708 -1.06373
v 0.23435 -0.746708 -1.09401
v 0.236709 -0.734013 -1.03321
v 0.237483 -0.716708 -1.03919
v 0.235627 -0.716708 -1.0636
v 0.238598 -0.716708 -1.09346
v -0.0502986 -0.827916 -0.919072
v -0.0464512 -0.827916 -0.948824
v -0.0426038 -0.827916 -0.978577
v -0.0387564 -0.827916 -1.00833
v -0.034909 -0.827916 -1.03808
v -0.0310616 -0.827916 -1.06783
v -0.0272142 -0.827916 -1.09759
v -0.0233668 -0.827916 -1.12734
v -0.0800509 -0.827916 -0.922919
v -0.0762035 -0.827916 -0.952672
v -0.0723561 -0.827916 -0.982424
v -0.0685087 -0.827916 -1.01218
v -0.0646613 -0.827916 -1.04193
v -0.0608139 -0.827916 -1.07168
v -0.0569665 -0.827916 -1.10143
v -0.109803 -0.827916 -0.926767
v -0.105956 -0.827916 -0.956519
v -0.102108 -0.827916 -0.986271
v -0.098261 -0.827916 -1.01602
v -0.0944136 -0.827916 -1.04578
v -0.0905662 -0.827916 -1.07553
v -0.139555 -0.827916 -0.930614
v -0.135708 -0.827916 -0.960366
v -0.131861 -0.827916 -0.990119
v -0.128013 -0.827916 -1.01987
v -0.124166 -0.827916 -1.04962
v -0.169308 -0.827916 -0.934462
v -0.16546 -0.827916 -0.964214
v -0.161613 -0.827916 -0.993966
v -0.157766 -0.827916 -1.02372
v -0.19906 -0.827916 -0.938309
v -0.195213 -0.827916 -0.968061
v -0.191365 -0.827916 -0.997813
v -0.228812 -0.827916 -0.942156
v -0.224965 -0.827916 -0.971909
v -0.258565 -0.827916 -0.946004
v -0.288317 -0.827916 -0.949851
v 0.248251 -0.827916 -1.12246
v 0.218499 -0.827916 -1.12631
v 0.251612 -0.827916 -1.15228
v 0.251996 -0.827916 -1.15143
v 0.222346 -0.827916 -1.15606
v 0.25216 -0.827916 -1.1527
v 0.255946 -0.827916 -1.18197
v 0.226194 -0.827916 -1.18582
v 0.259793 -0.827916 -1.21172
v 0.230041 -0.827916 -1.21557
v 0.263641 -0.827916 -1.24147
v 0.233888 -0.827916 -1.24532
v 0.267488 -0.827916 -1.27122
v 0.237736 -0.827916 -1.27507
v 0.271335 -0.827916 -1.30098
v 0.241583 -0.827916 -1.30482
v 0.275183 -0.827916 -1.33073
v 0.245431 -0.827916 -1.33458
v 0.188746 -0.827916 -1.13016
v 0.192594 -0.827916 -1.15991
v 0.196441 -0.827916 -1.18966
v 0.200289 -0.827916 -1.21942
v 0.204136 -0.827916 -1.24917
v 0.207983 -0.827916 -1.27892
v 0.211831 -0.827916 -1.30867
v 0.215678 -0.827916 -1.33842
v 0.158994 -0.827916 -1.13401
v 0.162842 -0.827916 -1.16376
v 0.166689 -0.827916 -1.19351
v 0.170536 -0.827916 -1.22326
v 0.174384 -0.827916 -1.25301
v 0.178231 -0.827916 -1.28277
v 0.182079 -0.827916 -1.31252
v 0.185926 -0.827916 -1.34227
v 0.129242 -0.827916 -1.13785
v 0.133089 -0.827916 -1.16761
v 0.136937 -0.827916 -1.19736
v 0.140784 -0.827916 -1.22711
v 0.144632 -0.827916 -1.25686
v 0.148479 -0.827916 -1.28661
v 0.152326 -0.827916 -1.31637
v 0.0994897 -0.827916 -1.1417
v 0.103337 -0.827916 -1.17145
v 0.107184 -0.827916 -1.20121
v 0.111032 -0.827916 -1.23096
v 0.114879 -0.827916 -1.26071
v 0.0697374 -0.827916 -1.14555
v 0.0735848 -0.827916 -1.1753
v 0.0774322 -0.827916 -1.20505
v 0.0812796 -0.827916 -1.2348
v 0.0399851 -0.827916 -1.1494
v 0.0438325 -0.827916 -1.17915
v 0.0476799 -0.827916 -1.2089
v 0.0102328 -0.827916 -1.15324
v 0.0140802 -0.827916 -1.18299
v 0.239575 -0.827916 -1.12359
v 0.249905 -0.827916 -1.13525
v 0.252098 -0.827916 -1.15222
v 0.237488 -0.746708 -1.12386
v 0.239684 -0.716708 -1.12357
v 0.27903 -0.827916 -1.36048
v 0.249278 -0.827916 -1.36433
v 0.282878 -0.827916 -1.39023
v 0.253125 -0.827916 -1.39408
v 0.255494 -0.827916 -1.4124
v 0.286725 -0.816507 -1.41999
v 0.272677 -0.806708 -1.4218
v 0.219526 -0.827916 -1.36818
v 0.223373 -0.827916 -1.39793
v -1.06379 -0.296708 -0.777882
v -1.05972 -0.296708 -0.747107
v -1.06318 -0.266708 -0.777805
v -1.06195 -0.266708 -0.747396
v 0.0718736 -0.361871 -0.873024
v 0.0634366 -0.361871 -0.8629
v 0.0368521 -0.361871 -0.847302
v 0.0307129 -0.361871 -0.843769
v 0.00190773 -0.361871 -0.821572
v -0.00294381 -0.361871 -0.817423
v -0.0350323 -0.361871 -0.803204
v 0.064863 -0.28742 -0.87393
v 0.0351108 -0.282493 -0.877778
v 0.00151108 -0.282898 -0.851873
v 0.00535849 -0.278595 -0.881625
v -0.0320886 -0.285082 -0.825968
v -0.0282412 -0.279816 -0.85572
v -0.0243938 -0.276899 -0.885472
v -0.063894 -0.361871 -0.813938
v -0.081564 -0.361871 -0.832366
v -0.0905749 -0.361871 -0.841537
v -0.106948 -0.361871 -0.865898
v -0.115996 -0.361871 -0.878875
v -0.170335 -0.361871 -0.692596
v -0.166487 -0.361871 -0.722348
v -0.140097 -0.361871 -0.900434
v -0.143403 -0.361871 -0.900862
v -0.200087 -0.361871 -0.696443
v -0.19624 -0.361871 -0.726196
v -0.173155 -0.361871 -0.904709
v -0.229839 -0.361871 -0.700291
v -0.225992 -0.361871 -0.730043
v -0.222144 -0.361871 -0.759795
v -0.259591 -0.361871 -0.704138
v -0.255744 -0.361871 -0.733891
v -0.251897 -0.361871 -0.763643
v -0.248049 -0.361871 -0.793395
v -0.244202 -0.361871 -0.823147
v -0.289344 -0.361871 -0.707986
v -0.285496 -0.361871 -0.737738
v -0.281649 -0.361871 -0.76749
v -0.277802 -0.361871 -0.797242
v -0.273954 -0.361871 -0.826995
v -0.0618409 -0.286855 -0.829815
v -0.0579935 -0.280518 -0.859567
v -0.054146 -0.276991 -0.88932
v -0.0877457 -0.284386 -0.863415
v -0.0838983 -0.279401 -0.893167
v -0.113651 -0.285694 -0.897014
v -0.396811 -0.361871 -0.812632
v -0.398256 -0.361871 -0.801455
v -0.391848 -0.361871 -0.81199
v -0.387587 -0.361871 -0.841689
v -0.392963 -0.361871 -0.842384
v -0.382049 -0.361871 -0.871223
v -0.389116 -0.361871 -0.872137
v -0.387349 -0.361871 -0.885799
v -0.43041 -0.361871 -0.786727
v -0.431686 -0.361871 -0.776861
v -0.421781 -0.361871 -0.785611
v -0.426563 -0.361871 -0.81648
v -0.422716 -0.361871 -0.846232
v -0.418868 -0.364697 -0.875984
v -0.400276 -0.356708 -0.90383
v -0.415021 -0.364693 -0.905736
v -0.405447 -0.356708 -0.934748
v -0.411173 -0.362193 -0.935489
v -0.46401 -0.361871 -0.760822
v -0.464572 -0.361871 -0.756473
v -0.461544 -0.361871 -0.760503
v -0.460163 -0.361871 -0.790575
v -0.456315 -0.361871 -0.820327
v -0.452468 -0.363456 -0.850079
v -0.44862 -0.364337 -0.879831
v -0.444773 -0.369057 -0.909584
v -0.440926 -0.370182 -0.939336
v -0.49761 -0.361871 -0.734917
v -0.49787 -0.361871 -0.732903
v -0.495263 -0.361871 -0.734614
v -0.493762 -0.361871 -0.76467
v -0.489915 -0.361871 -0.794422
v -0.486067 -0.364489 -0.824174
v -0.48222 -0.368641 -0.853927
v -0.478373 -0.370399 -0.883679
v -0.474525 -0.373618 -0.913431
v -0.470678 -0.380159 -0.943183
v -0.527362 -0.361871 -0.738765
v -0.523515 -0.361654 -0.768517
v -0.519667 -0.364496 -0.798269
v -0.51582 -0.370213 -0.828022
v -0.511972 -0.37352 -0.857774
v -0.508125 -0.379935 -0.887526
v -0.504277 -0.382056 -0.917278
v -0.50043 -0.38275 -0.947031
v -0.296448 -0.361871 -0.708904
v -0.319096 -0.361871 -0.711833
v -0.316139 -0.361871 -0.734702
v -0.285923 -0.361871 -0.858792
v -0.296012 -0.361871 -0.890347
v -0.299185 -0.361871 -0.865803
v -0.292164 -0.361871 -0.920099
v -0.348848 -0.361871 -0.71568
v -0.321098 -0.361871 -0.742342
v -0.345001 -0.361871 -0.745433
v -0.34132 -0.361871 -0.773895
v -0.329611 -0.361871 -0.864442
v -0.332067 -0.361871 -0.845453
v -0.310499 -0.361871 -0.86197
v -0.325764 -0.361871 -0.894194
v -0.321916 -0.361871 -0.923946
v -0.378601 -0.361871 -0.719528
v -0.374753 -0.361871 -0.74928
v -0.341497 -0.361871 -0.775229
v -0.370906 -0.361871 -0.779032
v -0.342634 -0.361871 -0.805626
v -0.367058 -0.361871 -0.808785
v -0.339866 -0.361871 -0.835518
v -0.363211 -0.361871 -0.838537
v -0.359364 -0.361871 -0.868289
v -0.357612 -0.361871 -0.881832
v -0.34379 -0.361871 -0.896525
v -0.339321 -0.361871 -0.926197
v -0.408353 -0.361871 -0.723375
v -0.404505 -0.361871 -0.753128
v -0.400658 -0.361871 -0.78288
v -0.386225 -0.326708 -0.894492
v -0.438105 -0.361871 -0.727223
v -0.434258 -0.361871 -0.756975
v -0.388045 -0.326708 -0.902248
v -0.411173 -0.350984 -0.935489
v -0.412183 -0.326708 -0.927684
v -0.467857 -0.361871 -0.73107
v -0.418043 -0.326708 -0.936377
v -0.315249 -0.361871 -0.741585
v -0.311401 -0.361871 -0.771338
v -0.307554 -0.361871 -0.80109
v -0.303706 -0.361871 -0.830842
v -0.299859 -0.361871 -0.860594
v -0.341153 -0.361871 -0.775185
v -0.337306 -0.361871 -0.804937
v -0.333459 -0.361871 -0.834689
v -0.347136 -0.361871 -0.896958
v -0.356322 -0.361871 -0.891811
v -0.347068 -0.296708 -0.927199
v -0.385667 -0.296708 -0.898809
v -0.386413 -0.296708 -0.902037
v -0.411628 -0.296708 -0.931974
v -0.413296 -0.296708 -0.935763
v -0.355516 -0.288288 -0.898041
v -0.351669 -0.270707 -0.927794
v -0.384979 -0.266708 -0.901851
v -0.385282 -0.266708 -0.90178
v -0.363383 -0.266708 -0.929309
v -0.385294 -0.266708 -0.901892
v -0.383977 -0.266708 -0.931972
v -0.411173 -0.291165 -0.935489
v -0.385268 -0.266683 -0.901889
v -0.381421 -0.265782 -0.931641
v -0.568546 -0.416708 -0.955839
v -0.57233 -0.416708 -0.926079
v -0.563782 -0.407976 -0.924973
v -0.559935 -0.408084 -0.954726
v -0.614827 -0.416708 -0.840825
v -0.618559 -0.416708 -0.811058
v -0.608924 -0.406772 -0.809812
v -0.605076 -0.406768 -0.839564
v -0.609828 -0.416708 -0.870428
v -0.601229 -0.407956 -0.869316
v -0.600117 -0.416708 -0.877915
v -0.557114 -0.36564 -0.742612
v -0.553267 -0.369141 -0.772365
v -0.549419 -0.377213 -0.802117
v -0.545572 -0.379905 -0.831869
v -0.541725 -0.380287 -0.861621
v -0.537877 -0.38178 -0.891374
v -0.528356 -0.386708 -0.920392
v -0.534721 -0.386708 -0.915777
v -0.512372 -0.386708 -0.948575
v -0.586866 -0.379446 -0.74646
v -0.583019 -0.379227 -0.776212
v -0.579172 -0.381942 -0.805964
v -0.575324 -0.384224 -0.835716
v -0.55901 -0.386708 -0.863857
v -0.574106 -0.386708 -0.845137
v -0.544185 -0.386708 -0.892189
v -0.602798 -0.386708 -0.74852
v -0.592485 -0.386708 -0.777436
v -0.584009 -0.386708 -0.80659
v -0.577825 -0.386708 -0.83604
v -1.06652 -0.296708 -0.780034
v -1.08644 -0.296708 -0.811061
v -1.09172 -0.296708 -0.819089
v -1.11961 -0.296708 -0.837354
v -1.10317 -0.312285 -0.964474
v -1.10087 -0.296708 -0.982243
v -1.09572 -0.296708 -0.993761
v -1.09548 -0.305344 -1.02398
v -1.09763 -0.296708 -1.00728
v -1.1223 -0.296708 -0.936698
v -1.13807 -0.296708 -0.928496
v -1.10969 -0.296708 -0.965317
v -1.09976 -0.296708 -1.02453
v -1.17037 -0.296807 -0.912665
v -1.17029 -0.296708 -0.912655
v -1.06627 -0.266708 -0.781976
v -1.08674 -0.266708 -0.811101
v -1.09168 -0.266708 -0.819419
v -1.12024 -0.266708 -0.832477
v -1.09932 -0.291151 -0.994227
v -1.13615 -0.266708 -0.938489
v -1.13719 -0.266708 -0.935286
v -1.13292 -0.278851 -0.968322
v -1.13662 -0.266708 -0.939752
v -1.12971 -0.266708 -0.993155
v -1.12493 -0.266708 -0.997538
v -1.12257 -0.266708 -1.02748
v -1.14629 -0.266708 -0.90955
v -1.15623 -0.296708 -0.880587
v -1.15172 -0.266708 -0.880003
v -1.14417 -0.266708 -0.969776
v -1.06463 -0.236708 -0.777991
v -1.06626 -0.236708 -0.782061
v -1.09265 -0.246398 -0.811866
v -1.09375 -0.236708 -0.803408
v -1.11581 -0.236708 -0.845109
v -1.09774 -0.236708 -0.812523
v -1.11856 -0.239782 -0.845465
v -1.11793 -0.236708 -0.850316
v -1.13677 -0.2658 -0.938569
v -1.12908 -0.26144 -0.998074
v -1.12523 -0.266263 -1.02783
v -1.14682 -0.236708 -0.90962
v -1.14932 -0.236708 -0.879692
v -1.15363 -0.236708 -0.94075
v -1.15066 -0.236708 -0.970615
v -1.14346 -0.236708 -0.999935
v -1.15147 -0.236708 -1.03122
v -1.06577 -0.206708 -0.778139
v -1.06659 -0.206708 -0.779522
v -1.11489 -0.206708 -0.844991
v -1.09779 -0.206708 -0.812529
v -1.11789 -0.206708 -0.850644
v -1.16652 -0.217543 -0.942417
v -1.16848 -0.206708 -0.927246
v -1.16496 -0.206708 -0.911966
v -1.16267 -0.220556 -0.972169
v -1.15883 -0.217065 -1.00192
v -1.15498 -0.232247 -1.03167
v -1.17355 -0.206708 -0.943326
v -1.17073 -0.206708 -0.973211
v -1.17054 -0.206708 -1.00344
v -1.18036 -0.206708 -1.03496
v -1.06675 -0.203645 -0.778266
v -1.08491 -0.176708 -0.810864
v -1.09265 -0.197974 -0.811866
v -1.0918 -0.176708 -0.818495
v -1.11856 -0.181088 -0.845465
v -1.14559 -0.206708 -0.870366
v -1.14246 -0.176708 -0.878806
v -1.12046 -0.176708 -0.845711
v -1.14446 -0.181468 -0.879065
v -1.14409 -0.176708 -0.88198
v -1.17037 -0.19639 -0.912665
v -1.19316 -0.176708 -0.915612
v -1.19183 -0.176708 -0.945689
v -1.19243 -0.17855 -0.976017
v -1.19323 -0.176708 -0.969801
v -1.18858 -0.202018 -1.00577
v -1.18473 -0.201338 -1.03552
v -1.19352 -0.176708 -0.976158
v -1.21833 -0.192997 -1.00962
v -1.22076 -0.176708 -0.990861
v -1.21448 -0.195034 -1.03937
v -1.09265 -0.171481 -0.811866
v -1.14153 -0.146708 -0.878686
v -1.14409 -0.146708 -0.881958
v -1.19627 -0.174935 -0.946264
v -1.19802 -0.146708 -0.932732
v -1.17696 -0.146708 -0.913517
v -1.22218 -0.166992 -0.979864
v -1.2238 -0.146708 -0.967301
v -1.20952 -0.146708 -0.947977
v -1.14446 -0.137995 -0.879065
v 0.128215 -0.361871 -0.895988
v 0.0984627 -0.361871 -0.899835
v 0.100573 -0.361871 -0.916153
v 0.132062 -0.361871 -0.92574
v 0.114993 -0.361871 -0.927947
v 0.134093 -0.361871 -0.941446
v 0.066624 -0.361871 -0.887548
v 0.0853636 -0.361871 -0.901529
v 0.117277 -0.361871 -0.927652
v 0.100358 -0.361871 -0.914492
v 0.134966 -0.361871 -0.948196
v 0.082111 -0.361871 -0.901949
v 0.0667092 -0.361871 -0.888206
v 0.13591 -0.361871 -0.955492
v 0.108706 -0.361871 -0.95901
v 0.10367 -0.361871 -0.929411
v 0.110005 -0.361871 -0.989092
v 0.106658 -0.361871 -0.963211
v 0.139757 -0.361871 -0.985244
v 0.0890689 -0.361871 -0.90105
v 0.101072 -0.361871 -0.920011
v 0.0687104 -0.283219 -0.903682
v 0.10231 -0.361871 -0.929587
v 0.0725578 -0.290674 -0.933435
v 0.106157 -0.361871 -0.959339
v 0.0764052 -0.290142 -0.963187
v 0.0890439 -0.361871 -0.991802
v 0.0802526 -0.290467 -0.992939
v 0.0827457 -0.296708 -1.01222
v 0.0389582 -0.278629 -0.90753
v 0.0428056 -0.277869 -0.937282
v 0.046653 -0.285022 -0.967034
v 0.0505004 -0.289371 -0.996786
v 0.0742737 -0.296708 -1.02396
v 0.0543478 -0.289853 -1.02654
v 0.0673686 -0.296708 -1.0551
v 0.0581952 -0.288703 -1.05629
v 0.0596732 -0.296708 -1.06772
v 0.00920589 -0.276271 -0.911377
v 0.0130533 -0.273888 -0.941129
v 0.0169007 -0.272718 -0.970882
v 0.0207481 -0.27217 -1.00063
v 0.0245955 -0.288803 -1.03039
v 0.0284429 -0.288771 -1.06014
v 0.0438117 -0.296708 -1.0884
v 0.0322903 -0.288627 -1.08989
v 0.0338864 -0.296708 -1.10223
v -0.0205464 -0.275182 -0.915225
v -0.016699 -0.272397 -0.944977
v -0.0128516 -0.269711 -0.974729
v -0.00900417 -0.268565 -1.00448
v -0.00515675 -0.269092 -1.03423
v -0.00130935 -0.286908 -1.06399
v 0.00253805 -0.287985 -1.09374
v 0.0192048 -0.296708 -1.12183
v 0.00638545 -0.288233 -1.12349
v -0.175945 -0.361871 -0.93532
v -0.19906 -0.361871 -0.938309
v -0.198291 -0.361871 -0.944254
v -0.228812 -0.361871 -0.942156
v -0.225302 -0.361871 -0.969304
v -0.258565 -0.361871 -0.946004
v -0.226221 -0.361871 -0.972071
v -0.254717 -0.361871 -0.975756
v -0.225296 -0.361871 -1.0022
v -0.25087 -0.351462 -1.00551
v -0.223993 -0.326708 -1.03228
v -0.247022 -0.354631 -1.03526
v -0.220872 -0.326708 -1.06213
v -0.243175 -0.349726 -1.06501
v -0.142973 -0.361871 -0.904187
v -0.170171 -0.361871 -0.927789
v -0.179822 -0.361871 -0.935821
v -0.197376 -0.361871 -0.951331
v -0.206474 -0.361871 -0.969517
v -0.224965 -0.361871 -0.971909
v -0.22211 -0.361871 -0.993984
v -0.213423 -0.298742 -1.06117
v -0.213838 -0.296708 -1.05796
v -0.210919 -0.296708 -1.06084
v -0.222509 -0.361871 -1.00184
v -0.222247 -0.296708 -1.03206
v -0.239944 -0.326708 -1.09
v -0.239328 -0.321888 -1.09477
v -0.209575 -0.29926 -1.09092
v -0.0502986 -0.274585 -0.919072
v -0.0464512 -0.272278 -0.948824
v -0.0426038 -0.269694 -0.978577
v -0.0387564 -0.267753 -1.00833
v -0.034909 -0.266722 -1.03808
v -0.0310616 -0.267173 -1.06783
v -0.0272142 -0.286999 -1.09759
v -0.0233668 -0.287275 -1.12734
v -0.0800509 -0.275691 -0.922919
v -0.0762035 -0.272971 -0.952672
v -0.0723561 -0.270388 -0.982424
v -0.0685087 -0.26878 -1.01218
v -0.0646613 -0.267804 -1.04193
v -0.0608139 -0.271384 -1.07168
v -0.0569665 -0.286662 -1.10143
v -0.0531191 -0.286913 -1.13119
v -0.109803 -0.278216 -0.926767
v -0.105956 -0.274662 -0.956519
v -0.102108 -0.272332 -0.986271
v -0.098261 -0.269961 -1.01602
v -0.0944136 -0.272692 -1.04578
v -0.0905662 -0.277774 -1.07553
v -0.0867188 -0.287233 -1.10528
v -0.0828714 -0.287362 -1.13503
v -0.139555 -0.285181 -0.930614
v -0.135708 -0.277263 -0.960366
v -0.131861 -0.273671 -0.990119
v -0.128013 -0.276442 -1.01987
v -0.124166 -0.280655 -1.04962
v -0.120318 -0.287839 -1.07938
v -0.116471 -0.287745 -1.10913
v -0.112624 -0.296416 -1.13888
v -0.169308 -0.361871 -0.934462
v -0.16546 -0.283449 -0.964214
v -0.161613 -0.281169 -0.993966
v -0.157766 -0.279373 -1.02372
v -0.153918 -0.288731 -1.05347
v -0.150071 -0.28855 -1.08322
v -0.146223 -0.293478 -1.11298
v -0.113276 -0.296708 -1.13896
v -0.145392 -0.296708 -1.1194
v -0.195213 -0.287473 -0.968061
v -0.191365 -0.286595 -0.997813
v -0.187518 -0.28899 -1.02757
v -0.18367 -0.290136 -1.05732
v -0.179823 -0.29025 -1.08707
v -0.157535 -0.296708 -1.11444
v -0.177582 -0.296708 -1.1044
v -0.221117 -0.361871 -1.00166
v -0.21727 -0.291541 -1.03141
v -0.205477 -0.296708 -1.09039
v -0.288317 -0.361871 -0.949851
v -0.289732 -0.361871 -0.938911
v -0.270058 -0.361871 -0.94749
v -0.266872 -0.361871 -0.977328
v -0.284469 -0.3662 -0.979604
v -0.276375 -0.356708 -1.00881
v -0.280622 -0.359018 -1.00936
v -0.277114 -0.356708 -1.03648
v -0.272927 -0.369985 -1.06886
v -0.276738 -0.356708 -1.03939
v -0.257651 -0.356708 -1.06688
v -0.312306 -0.356708 -0.952953
v -0.314222 -0.370933 -0.983451
v -0.3175 -0.356708 -0.958102
v -0.310374 -0.366326 -1.0132
v -0.277207 -0.356708 -1.03916
v -0.306527 -0.372148 -1.04296
v -0.302679 -0.370437 -1.07271
v -0.26908 -0.376305 -1.09861
v -0.298832 -0.374458 -1.10246
v -0.265232 -0.384286 -1.12836
v -0.294985 -0.381409 -1.13221
v -0.261385 -0.381216 -1.15812
v -0.291137 -0.383214 -1.16196
v -0.32572 -0.356708 -0.984938
v -0.321917 -0.356708 -1.0147
v -0.336279 -0.372279 -1.0468
v -0.338387 -0.356708 -1.0305
v -0.332432 -0.37872 -1.07656
v -0.328584 -0.382578 -1.10631
v -0.324737 -0.382503 -1.13606
v -0.32089 -0.383666 -1.16581
v -0.354489 -0.385692 -1.13991
v -0.358337 -0.381721 -1.11015
v -0.324585 -0.386708 -1.16629
v -0.354341 -0.386708 -1.14105
v -0.410554 -0.356708 -0.940281
v -0.421898 -0.356708 -0.967125
v -0.437078 -0.373697 -0.969088
v -0.46683 -0.380893 -0.972936
v -0.433231 -0.382234 -0.99884
v -0.462983 -0.381886 -1.00269
v -0.496583 -0.385187 -0.976783
v -0.477256 -0.386708 -1.00453
v -0.495754 -0.386708 -0.983187
v -0.460106 -0.386708 -1.02494
v -0.276775 -0.356616 -1.03911
v -0.244095 -0.326708 -1.09538
v -0.252709 -0.356708 -1.0965
v -0.318069 -0.355023 -0.953699
v -0.337788 -0.326708 -0.956249
v -0.334008 -0.326708 -0.98601
v -0.340127 -0.349573 -1.01705
v -0.342666 -0.326708 -0.997415
v -0.421306 -0.326708 -0.967049
v -0.412871 -0.356708 -0.996208
v -0.412499 -0.326708 -0.99616
v -0.2446 -0.326708 -1.1257
v -0.23548 -0.317513 -1.12452
v -0.24142 -0.326708 -1.15554
v -0.231633 -0.316839 -1.15427
v -0.341937 -0.296708 -0.956785
v -0.337518 -0.296708 -0.986464
v -0.343139 -0.296708 -0.993754
v -0.363359 -0.296708 -1.02005
v -0.358271 -0.326708 -1.0194
v -0.366031 -0.316919 -1.05065
v -0.369036 -0.296708 -1.02742
v -0.356162 -0.326708 -1.04937
v -0.419007 -0.296708 -0.966751
v -0.418782 -0.296708 -0.996972
v -0.347821 -0.270315 -0.957546
v -0.343974 -0.290007 -0.987298
v -0.375377 -0.266708 -0.961109
v -0.373726 -0.287933 -0.991146
v -0.377562 -0.266708 -0.961482
v -0.369879 -0.290134 -1.0209
v -0.377653 -0.266708 -0.961404
v -0.407326 -0.289935 -0.965241
v -0.403479 -0.287679 -0.994993
v -0.399631 -0.286994 -1.02475
v -0.398385 -0.296708 -1.03438
v -0.409265 -0.296708 -1.02599
v -0.377574 -0.266628 -0.961393
v -0.683742 -0.488126 -1.04882
v -0.705372 -0.506676 -1.02858
v -0.692212 -0.50667 -1.04083
v -0.700805 -0.476708 -1.06369
v -0.710717 -0.476644 -1.02376
v -0.696304 -0.476708 -1.06979
v -0.582486 -0.476708 -1.19964
v -0.58866 -0.465482 -1.20044
v -0.590071 -0.476708 -1.18953
v -0.612522 -0.476708 -1.17327
v -0.62226 -0.461437 -1.17453
v -0.624496 -0.476708 -1.15724
v -0.621179 -0.446708 -1.18289
v -0.601939 -0.446708 -1.20216
v -0.650801 -0.476708 -1.11772
v -0.659707 -0.462972 -1.11888
v -0.661261 -0.476708 -1.10686
v -0.657645 -0.446708 -1.13482
v -0.647391 -0.446708 -1.14753
v -0.631802 -0.476708 -1.14552
v -0.627351 -0.446708 -1.17519
v -0.677645 -0.476708 -1.09095
v -0.686604 -0.446708 -1.0921
v -0.695192 -0.446708 -1.07839
v -0.667502 -0.446708 -1.11988
v -0.726374 -0.446708 -1.03675
v -0.719296 -0.446639 -1.01592
v -0.721678 -0.476649 -1.01355
v -0.705067 -0.446708 -1.06424
v -0.608623 -0.416708 -1.20302
v -0.620061 -0.416708 -1.19153
v -0.655859 -0.417186 -1.14863
v -0.655828 -0.416708 -1.14887
v -0.634316 -0.416708 -1.17609
v -0.692977 -0.416708 -1.09293
v -0.693385 -0.416708 -1.09237
v -0.673066 -0.416708 -1.1206
v -0.655981 -0.416708 -1.14864
v -0.730753 -0.426199 -1.03731
v -0.730206 -0.416708 -1.04155
v -0.7131 -0.416708 -1.06528
v -0.510448 -0.416708 -1.03908
v -0.51961 -0.416708 -1.03264
v -0.522488 -0.40795 -1.01038
v -0.488888 -0.408616 -1.03629
v -0.492735 -0.395926 -1.00654
v -0.487872 -0.416708 -1.04414
v -0.4818 -0.416708 -1.0911
v -0.481193 -0.402654 -1.09579
v -0.487127 -0.416708 -1.09656
v -0.547882 -0.416708 -0.983417
v -0.557044 -0.416708 -0.977077
v -0.526335 -0.408885 -0.98063
v -0.530182 -0.398727 -0.950878
v -0.538233 -0.416708 -1.01242
v -0.618412 -0.404581 -1.20429
v -0.652012 -0.394473 -1.17838
v -0.649234 -0.386708 -1.19986
v -0.643658 -0.386708 -1.20755
v -0.693306 -0.416136 -1.09297
v -0.689459 -0.393098 -1.12272
v -0.688055 -0.386708 -1.13358
v -0.676087 -0.386708 -1.15124
v -0.658744 -0.386708 -1.17925
v -0.726906 -0.396126 -1.06707
v -0.724872 -0.386708 -1.0828
v -0.715667 -0.386708 -1.09586
v -0.696508 -0.386708 -1.12364
v -0.49811 -0.386708 -0.976981
v -0.648165 -0.38592 -1.20813
v -0.685611 -0.383975 -1.15248
v -0.681764 -0.3805 -1.18223
v -0.677917 -0.381848 -1.21198
v -0.723059 -0.384715 -1.09682
v -0.719211 -0.381871 -1.12657
v -0.715364 -0.379729 -1.15632
v -0.711516 -0.380469 -1.18608
v -0.707669 -0.37858 -1.21583
v -0.761093 -0.47667 -0.97684
v -0.73726 -0.476656 -0.999036
v -0.734669 -0.506671 -1.00129
v -0.725893 -0.506667 -1.00947
v -0.737585 -0.446655 -0.998889
v -0.76169 -0.446673 -0.97644
v -0.740814 -0.416636 -0.996037
v -0.75609 -0.416649 -0.981811
v -0.733085 -0.416708 -1.03762
v -0.764353 -0.402428 -1.01141
v -0.761088 -0.386708 -1.03666
v -0.757767 -0.386708 -1.04081
v -0.73657 -0.386708 -1.06832
v -0.796251 -0.386708 -0.998667
v -0.784356 -0.386708 -1.014
v -0.760506 -0.385958 -1.04116
v -0.756658 -0.382134 -1.07091
v -0.752811 -0.380883 -1.10067
v -0.748963 -0.379595 -1.13042
v -0.745116 -0.379435 -1.16017
v -0.741269 -0.378497 -1.18992
v -0.737421 -0.380425 -1.21968
v -0.794105 -0.384736 -1.01526
v -0.790258 -0.382021 -1.04501
v -0.786411 -0.380315 -1.07476
v -0.782563 -0.378934 -1.10451
v -0.778716 -0.38031 -1.13427
v -0.774868 -0.379453 -1.16402
v -0.771021 -0.379572 -1.19377
v -0.767174 -0.378901 -1.22352
v -0.823858 -0.382628 -1.0191
v -0.82001 -0.38022 -1.04886
v -0.816163 -0.380328 -1.07861
v -0.812315 -0.380446 -1.10836
v -0.808468 -0.380917 -1.13811
v -0.804621 -0.380975 -1.16787
v -0.800773 -0.380574 -1.19762
v -0.796926 -0.379202 -1.22737
v -0.85361 -0.380845 -1.02295
v -0.849762 -0.380505 -1.0527
v -0.845915 -0.381273 -1.08246
v -0.842068 -0.382047 -1.11221
v -0.83822 -0.381181 -1.14196
v -0.834373 -0.381652 -1.17171
v -0.830525 -0.379813 -1.20147
v -0.826678 -0.379925 -1.23122
v -0.883362 -0.381618 -1.0268
v -0.879515 -0.383469 -1.05655
v -0.875667 -0.382677 -1.0863
v -0.87182 -0.38256 -1.11606
v -0.867973 -0.382333 -1.14581
v -0.864125 -0.381085 -1.17556
v -0.860278 -0.379777 -1.20531
v -0.85643 -0.379486 -1.23507
v -0.913115 -0.385378 -1.03065
v -0.909267 -0.384611 -1.0604
v -0.90542 -0.383904 -1.09015
v -0.901572 -0.382993 -1.1199
v -0.897725 -0.382449 -1.14966
v -0.893878 -0.382248 -1.17941
v -0.89003 -0.3811 -1.20916
v -0.886183 -0.380043 -1.23891
v -0.942867 -0.385824 -1.03449
v -0.939019 -0.383548 -1.06425
v -0.935172 -0.383883 -1.094
v -0.931325 -0.38348 -1.12375
v -0.927477 -0.38279 -1.1535
v -0.92363 -0.382479 -1.18326
v -0.919782 -0.381542 -1.21301
v -0.915935 -0.380449 -1.24276
v -0.972619 -0.380255 -1.03834
v -0.968772 -0.381206 -1.06809
v -0.964924 -0.381095 -1.09785
v -0.961077 -0.383584 -1.1276
v -0.957229 -0.383724 -1.15735
v -0.953382 -0.382952 -1.1871
v -0.949535 -0.382122 -1.21686
v -0.945687 -0.381871 -1.24661
v -0.58629 -0.446708 -1.21876
v -0.57759 -0.446708 -1.22926
v -0.560264 -0.476708 -1.22702
v -0.551213 -0.455924 -1.2561
v -0.554025 -0.476708 -1.23435
v -0.555932 -0.446708 -1.25671
v -0.577613 -0.416708 -1.22926
v -0.585588 -0.416708 -1.2242
v -0.563875 -0.416708 -1.25773
v -0.548188 -0.416708 -1.27949
v -0.549691 -0.446708 -1.26786
v -0.498376 -0.390676 -1.43076
v -0.528128 -0.387159 -1.43461
v -0.502224 -0.396404 -1.40101
v -0.531976 -0.39124 -1.40486
v -0.584813 -0.408608 -1.23019
v -0.582006 -0.386708 -1.25189
v -0.577286 -0.386708 -1.25947
v -0.547365 -0.411836 -1.28585
v -0.567672 -0.386708 -1.28847
v -0.57327 -0.388983 -1.31945
v -0.574327 -0.386708 -1.31128
v -0.543518 -0.393372 -1.3156
v -0.539671 -0.396107 -1.34535
v -0.569423 -0.387972 -1.3492
v -0.568425 -0.386708 -1.35692
v -0.535823 -0.39398 -1.3751
v -0.556969 -0.386708 -1.37784
v -0.544351 -0.386708 -1.40646
v -0.529317 -0.386708 -1.43476
v -0.616035 -0.386708 -1.22267
v -0.602788 -0.386708 -1.23252
v -0.60687 -0.388067 -1.29354
v -0.607949 -0.386708 -1.2852
v -0.600785 -0.386708 -1.29276
v -0.593696 -0.386708 -1.32209
v -0.604569 -0.386708 -1.31133
v -0.574709 -0.386708 -1.34988
v -0.616357 -0.386708 -1.29477
v -0.580965 -0.385322 -1.25994
v -0.577118 -0.382969 -1.2897
v -0.565575 -0.38332 -1.37895
v -0.561728 -0.379867 -1.4087
v -0.557881 -0.378722 -1.43846
v -0.614565 -0.384303 -1.23404
v -0.610717 -0.384181 -1.26379
v -0.603023 -0.385846 -1.32329
v -0.599175 -0.381192 -1.35305
v -0.595328 -0.382487 -1.3828
v -0.59148 -0.380472 -1.41255
v -0.587633 -0.379083 -1.4423
v -0.644317 -0.383466 -1.23789
v -0.64047 -0.383152 -1.26764
v -0.636622 -0.384326 -1.29739
v -0.632775 -0.381181 -1.32714
v -0.628927 -0.381314 -1.35689
v -0.62508 -0.379156 -1.38665
v -0.621233 -0.377287 -1.4164
v -0.617385 -0.377669 -1.44615
v -0.674069 -0.379209 -1.24173
v -0.670222 -0.382692 -1.27149
v -0.666374 -0.38013 -1.30124
v -0.662527 -0.380485 -1.33099
v -0.65868 -0.378998 -1.36074
v -0.654832 -0.376387 -1.39049
v -0.650985 -0.375351 -1.42025
v -0.647137 -0.380853 -1.45
v -0.703822 -0.37933 -1.24558
v -0.699974 -0.381158 -1.27533
v -0.696127 -0.379215 -1.30508
v -0.692279 -0.37997 -1.33484
v -0.688432 -0.378524 -1.36459
v -0.684585 -0.378561 -1.39434
v -0.680737 -0.376678 -1.42409
v -0.67689 -0.383746 -1.45385
v -1.27399 -0.393546 -1.04706
v -1.27462 -0.386708 -1.04222
v -1.27114 -0.386708 -1.04669
v -1.24808 -0.176898 -1.01346
v -1.24816 -0.176708 -1.01291
v -1.24424 -0.194881 -1.04322
v -1.2429 -0.146708 -0.982543
v -1.25061 -0.146708 -0.993929
v -1.25193 -0.14262 -0.983711
v -1.03879 -0.389204 -1.2284
v -1.02933 -0.386708 -1.25742
v -1.03494 -0.387615 -1.25815
v -1.02963 -0.386708 -1.22721
v -1.00237 -0.373118 -1.04219
v -1.00002 -0.356708 -1.06037
v -0.993123 -0.356708 -1.07124
v -0.989038 -0.356708 -1.10096
v -0.990829 -0.372413 -1.13145
v -0.993275 -0.356708 -1.11253
v -0.986982 -0.384011 -1.1612
v -0.983134 -0.382304 -1.19095
v -0.979287 -0.382783 -1.2207
v -0.975439 -0.381987 -1.25045
v -1.0126 -0.356708 -1.04351
v -1.00114 -0.356708 -1.13278
v -1.00943 -0.356708 -1.1641
v -1.01289 -0.384924 -1.1948
v -1.01584 -0.356708 -1.17192
v -1.00904 -0.382833 -1.22455
v -1.00519 -0.383488 -1.2543
v -1.04264 -0.37179 -1.19865
v -1.04454 -0.356708 -1.18395
v -1.03912 -0.386708 -1.22583
v -1.04165 -0.386708 -1.22877
v -1.06492 -0.386708 -1.26023
v -1.06854 -0.375211 -1.23224
v -0.998524 -0.352329 -1.07194
v -0.994677 -0.34474 -1.10169
v -1.03212 -0.34243 -1.04604
v -1.02828 -0.335093 -1.07579
v -1.02522 -0.326708 -1.09939
v -1.0215 -0.326708 -1.10516
v -1.02058 -0.346569 -1.13529
v -1.02433 -0.326708 -1.10628
v -1.01673 -0.351219 -1.16505
v -1.06346 -0.326708 -1.0376
v -1.05634 -0.326708 -1.04917
v -1.04003 -0.326708 -1.07731
v -1.05033 -0.327238 -1.13914
v -1.05054 -0.326708 -1.13756
v -1.04649 -0.34861 -1.16889
v -1.05119 -0.326708 -1.13925
v -1.07624 -0.348974 -1.17274
v -1.07946 -0.326708 -1.14786
v -1.05717 -0.356708 -1.20052
v -1.07239 -0.348973 -1.20249
v -1.07076 -0.356708 -1.21513
v -1.10599 -0.349712 -1.17659
v -1.1091 -0.326708 -1.15257
v -1.10214 -0.349886 -1.20634
v -1.10057 -0.356708 -1.21848
v -1.13574 -0.326826 -1.18044
v -1.13576 -0.326708 -1.18027
v -1.1319 -0.348367 -1.21019
v -1.1293 -0.356708 -1.23024
v -1.13836 -0.326708 -1.18077
v -1.16165 -0.345129 -1.21403
v -1.16542 -0.326708 -1.18483
v -1.13669 -0.356708 -1.24106
v -1.1578 -0.345259 -1.24379
v -1.15614 -0.356708 -1.25664
v -1.02443 -0.326307 -1.10554
v -1.06188 -0.323915 -1.04988
v -1.05803 -0.316543 -1.07964
v -1.05418 -0.323315 -1.10939
v -1.09163 -0.304641 -1.05373
v -1.08778 -0.301479 -1.08348
v -1.08393 -0.31437 -1.11324
v -1.08009 -0.320702 -1.14299
v -1.10054 -0.296708 -1.05488
v -1.09171 -0.296708 -1.08399
v -1.11369 -0.298512 -1.11708
v -1.11397 -0.296708 -1.1149
v -1.10984 -0.320924 -1.14684
v -1.14344 -0.318981 -1.12093
v -1.14627 -0.296708 -1.09902
v -1.13959 -0.320926 -1.15068
v -1.16438 -0.296708 -1.12364
v -1.16934 -0.322712 -1.15453
v -1.172 -0.296708 -1.13398
v -1.1655 -0.326222 -1.18428
v -1.19525 -0.320407 -1.18813
v -1.1991 -0.320203 -1.15838
v -1.19429 -0.326708 -1.19557
v -1.12138 -0.292347 -1.05758
v -1.12517 -0.266708 -1.0283
v -1.11753 -0.28884 -1.08733
v -1.14412 -0.266708 -1.06052
v -1.14729 -0.285562 -1.09118
v -1.15021 -0.266708 -1.06859
v -1.17704 -0.288091 -1.09503
v -1.17997 -0.266708 -1.07235
v -1.17319 -0.287826 -1.12478
v -1.15113 -0.259855 -1.06143
v -1.15452 -0.236708 -1.03527
v -1.18088 -0.24963 -1.06527
v -1.18285 -0.236708 -1.05007
v -1.19617 -0.236708 -1.06725
v -1.20679 -0.259234 -1.09887
v -1.20993 -0.236708 -1.07461
v -1.19945 -0.266708 -1.09792
v -1.20578 -0.266708 -1.10668
v -1.18425 -0.206708 -1.03924
v -1.21064 -0.224975 -1.06912
v -1.21303 -0.206708 -1.05066
v -1.2915 -0.326708 -1.29133
v -1.30271 -0.298272 -1.29278
v -1.30479 -0.326708 -1.27676
v -1.30349 -0.296708 -1.29288
v -1.31143 -0.266708 -1.2939
v -1.32627 -0.296708 -1.26557
v -1.33592 -0.266708 -1.26682
v -1.33631 -0.265088 -1.26687
v -1.33639 -0.266708 -1.26629
v -1.33492 -0.236708 -1.27762
v -1.31971 -0.236708 -1.29497
v -1.34508 -0.236708 -1.26801
v -1.22827 -0.206708 -1.0714
v -1.23654 -0.228149 -1.10272
v -1.23957 -0.206708 -1.07929
v -1.22869 -0.236708 -1.1017
v -1.23537 -0.236708 -1.11176
v -1.26629 -0.225829 -1.10657
v -1.26917 -0.206708 -1.08434
v -1.26467 -0.236708 -1.11916
v -1.33247 -0.209507 -1.29662
v -1.36519 -0.236708 -1.24036
v -1.36991 -0.228966 -1.24097
v -1.37048 -0.236708 -1.23661
v -1.3677 -0.206708 -1.25811
v -1.35429 -0.206708 -1.2692
v -1.33371 -0.206708 -1.29678
v -1.38725 -0.206708 -1.24321
v -1.24039 -0.200915 -1.07297
v -1.27014 -0.199935 -1.07682
v -1.27399 -0.200207 -1.04706
v -1.29989 -0.196912 -1.08066
v -1.30374 -0.197222 -1.05091
v -1.29847 -0.206708 -1.09171
v -1.36607 -0.179036 -1.27072
v -1.36589 -0.176708 -1.27205
v -1.34167 -0.176708 -1.29781
v -1.39209 -0.176708 -1.24383
v -1.40051 -0.176708 -1.23832
v -1.40135 -0.206708 -1.23181
v -1.36708 -0.176708 -1.27085
v -1.42128 -0.206708 -1.21736
v -1.43156 -0.176708 -1.21869
v -1.4335 -0.176708 -1.21712
v -1.43558 -0.206708 -1.20105
v -1.348 -0.146708 -1.29863
v -1.36443 -0.146708 -1.2834
v -1.39967 -0.159476 -1.24481
v -1.39878 -0.146708 -1.25166
v -1.37711 -0.146708 -1.27215
v -1.43129 -0.146708 -1.21865
v -1.43348 -0.146708 -1.21722
v -1.4057 -0.146708 -1.24559
v -1.36222 -0.133726 -1.30047
v -1.39582 -0.124726 -1.27457
v -1.39401 -0.116708 -1.28856
v -1.38356 -0.116708 -1.30323
v -1.43327 -0.143256 -1.21891
v -1.42942 -0.118707 -1.24866
v -1.42918 -0.116708 -1.25048
v -1.40239 -0.116708 -1.27542
v -1.39197 -0.114908 -1.30432
v -1.42557 -0.111422 -1.27841
v -1.42172 -0.111279 -1.30817
v -1.46677 -0.176708 -1.19299
v -1.46647 -0.146708 -1.19609
v -1.46687 -0.175906 -1.193
v -1.45655 -0.116708 -1.22192
v -1.46341 -0.116708 -1.21973
v -1.43103 -0.116708 -1.24887
v -1.47099 -0.116708 -1.22379
v -1.49212 -0.116708 -1.23165
v -1.49277 -0.122339 -1.2266
v -1.51592 -0.116708 -1.25985
v -1.51868 -0.118437 -1.2602
v -1.51959 -0.116708 -1.25311
v -1.50424 -0.116708 -1.22809
v -1.51844 -0.116708 -1.26204
v -1.46302 -0.115691 -1.22276
v -1.45917 -0.110663 -1.25251
v -1.45532 -0.106952 -1.28226
v -1.45148 -0.104874 -1.31201
v -1.49045 -0.116708 -1.19605
v -1.49662 -0.115635 -1.19685
v -1.49485 -0.116708 -1.21048
v -1.48892 -0.105481 -1.25636
v -1.48508 -0.104544 -1.28611
v -1.48123 -0.100644 -1.31586
v -1.52252 -0.114747 -1.23045
v -1.51483 -0.100218 -1.28996
v -1.51098 -0.100771 -1.31971
v -1.52414 -0.116708 -1.26091
v -1.54843 -0.109292 -1.26405
v -1.54458 -0.100661 -1.2938
v -1.54073 -0.10817 -1.32356
v -1.55061 -0.116708 -1.32483
v -1.57318 -0.116708 -1.30656
v -1.57433 -0.108649 -1.29765
v -1.58569 -0.116708 -1.29912
v 0.00823214 -0.296708 -1.13777
v -0.00413153 -0.296708 -1.1551
v -0.0195194 -0.287299 -1.15709
v -0.0173835 -0.296708 -1.17361
v -0.0492717 -0.285936 -1.16094
v -0.0472034 -0.296708 -1.17693
v -0.0720018 -0.296708 -1.16388
v -0.0799541 -0.296708 -1.15759
v -0.112526 -0.296708 -1.13963
v -0.35731 -0.443325 -1.35202
v -0.387062 -0.434299 -1.35587
v -0.361157 -0.446624 -1.32227
v -0.390909 -0.434488 -1.32612
v -0.355883 -0.446708 -1.36305
v -0.384429 -0.446708 -1.37623
v -0.370166 -0.446708 -1.41418
v -0.379367 -0.439479 -1.41537
v -0.380106 -0.446708 -1.40965
v -0.388648 -0.446708 -1.41657
v -0.317042 -0.399713 -1.19556
v -0.319885 -0.386708 -1.17358
v -0.295305 -0.386708 -1.19275
v -0.350642 -0.406218 -1.16966
v -0.346794 -0.406616 -1.19941
v -0.304694 -0.416708 -1.29105
v -0.311665 -0.416708 -1.28562
v -0.3055 -0.412167 -1.28482
v -0.28729 -0.383547 -1.19172
v -0.286382 -0.386708 -1.19874
v -0.41522 -0.386708 -1.32926
v -0.419532 -0.386708 -1.3387
v -0.420662 -0.381957 -1.32996
v -0.438249 -0.386708 -1.33224
v -0.829499 -0.390116 -1.44333
v -0.801098 -0.386708 -1.42903
v -0.799746 -0.388583 -1.43948
v -0.831495 -0.386708 -1.4279
v -0.795899 -0.393644 -1.46924
v -0.825651 -0.396678 -1.47308
v -0.855403 -0.402573 -1.47693
v -0.859251 -0.400338 -1.44718
v -0.885156 -0.402791 -1.48078
v -0.889003 -0.400743 -1.45103
v -0.92645 -0.394684 -1.39537
v -0.899534 -0.386708 -1.36959
v -0.896698 -0.393807 -1.39152
v -0.930151 -0.386708 -1.36675
v -0.892851 -0.394395 -1.42127
v -0.922603 -0.399669 -1.42512
v -0.918755 -0.401277 -1.45487
v -0.914908 -0.401285 -1.48463
v -0.733574 -0.37901 -1.24943
v -0.729726 -0.378329 -1.27918
v -0.725879 -0.377646 -1.30893
v -0.722032 -0.376356 -1.33868
v -0.718184 -0.376574 -1.36844
v -0.714337 -0.376059 -1.39819
v -0.710489 -0.379697 -1.42794
v -0.706642 -0.383972 -1.45769
v -0.763326 -0.379017 -1.25328
v -0.759479 -0.379117 -1.28303
v -0.755631 -0.37839 -1.31278
v -0.751784 -0.379138 -1.34253
v -0.747937 -0.377016 -1.37228
v -0.744089 -0.377722 -1.40204
v -0.740242 -0.381736 -1.43179
v -0.736394 -0.385152 -1.46154
v -0.793078 -0.377281 -1.25712
v -0.789231 -0.37803 -1.28687
v -0.785384 -0.377823 -1.31663
v -0.781536 -0.377949 -1.34638
v -0.777689 -0.377551 -1.37613
v -0.773841 -0.379441 -1.40588
v -0.769994 -0.384759 -1.43564
v -0.766147 -0.384199 -1.46539
v -0.822831 -0.378821 -1.26097
v -0.818983 -0.377645 -1.29072
v -0.815136 -0.378607 -1.32047
v -0.811288 -0.380089 -1.35023
v -0.807441 -0.380548 -1.37998
v -0.803594 -0.383509 -1.40973
v -0.787773 -0.386708 -1.43794
v -0.775587 -0.386708 -1.46661
v -0.852583 -0.377819 -1.26482
v -0.848736 -0.379439 -1.29457
v -0.844888 -0.380164 -1.32432
v -0.841041 -0.379047 -1.35407
v -0.837193 -0.380946 -1.38383
v -0.833346 -0.384098 -1.41358
v -0.882335 -0.380538 -1.26866
v -0.878488 -0.380048 -1.29842
v -0.87464 -0.380051 -1.32817
v -0.870793 -0.380239 -1.35792
v -0.866946 -0.382997 -1.38767
v -0.846542 -0.386708 -1.41529
v -0.864933 -0.386708 -1.40324
v -0.912088 -0.37934 -1.27251
v -0.90824 -0.381182 -1.30226
v -0.904393 -0.381864 -1.33202
v -0.900545 -0.384632 -1.36177
v -0.877918 -0.386708 -1.38909
v -0.94184 -0.381164 -1.27636
v -0.937992 -0.382245 -1.30611
v -0.934145 -0.381265 -1.33586
v -0.930298 -0.386385 -1.36562
v -1.13072 -0.416708 -1.4532
v -1.13159 -0.416708 -1.45215
v -1.13087 -0.417156 -1.45205
v -0.96005 -0.392401 -1.36946
v -0.963001 -0.386708 -1.34664
v -0.93249 -0.386708 -1.3659
v -0.956202 -0.398968 -1.39922
v -0.952355 -0.403707 -1.42897
v -0.948508 -0.407716 -1.45872
v -0.93736 -0.416708 -1.48753
v -0.946199 -0.416708 -1.47657
v -0.993649 -0.393505 -1.34356
v -0.996926 -0.386708 -1.31822
v -0.969564 -0.386708 -1.34044
v -0.989802 -0.398273 -1.37331
v -0.985955 -0.398378 -1.40306
v -0.982107 -0.403774 -1.43282
v -0.976258 -0.416708 -1.46231
v -0.978413 -0.416708 -1.46139
v -1.01865 -0.386708 -1.28629
v -1.0311 -0.387747 -1.2879
v -1.03037 -0.386708 -1.29354
v -1.0234 -0.396052 -1.34741
v -1.0262 -0.386708 -1.32575
v -1.01955 -0.403948 -1.37716
v -1.01186 -0.416708 -1.40641
v -1.01658 -0.416708 -1.40018
v -1.00211 -0.416708 -1.4354
v -1.06275 -0.386708 -1.27707
v -1.04332 -0.386708 -1.28948
v -1.0647 -0.388052 -1.262
v -1.04149 -0.386708 -1.34975
v -1.04931 -0.407574 -1.38101
v -1.05168 -0.386708 -1.36268
v -1.04759 -0.416708 -1.39428
v -1.03912 -0.416708 -1.44019
v -1.04161 -0.41455 -1.44051
v -1.04221 -0.416708 -1.43591
v -1.0414 -0.416708 -1.44211
v -1.0906 -0.395376 -1.2956
v -1.07427 -0.386708 -1.32373
v -1.08675 -0.403273 -1.32535
v -1.06651 -0.386708 -1.29248
v -1.06555 -0.386708 -1.35286
v -1.08291 -0.415814 -1.3551
v -1.07906 -0.409135 -1.38485
v -1.07528 -0.416708 -1.41407
v -1.04689 -0.416708 -1.44119
v -1.08421 -0.416708 -1.35527
v -1.09669 -0.416708 -1.32663
v -1.08537 -0.416708 -1.38567
v -1.09727 -0.403727 -1.47796
v -1.0876 -0.386708 -1.47671
v -1.09888 -0.386708 -1.46551
v -1.09525 -0.416708 -1.49358
v -1.08257 -0.416708 -1.50631
v -1.07184 -0.386708 -1.50492
v -1.13087 -0.411841 -1.45205
v -1.12374 -0.386708 -1.45113
v -1.13288 -0.386708 -1.43648
v -1.10513 -0.416708 -1.47897
v -1.15573 -0.416708 -1.39477
v -1.16832 -0.397175 -1.3964
v -1.1698 -0.416708 -1.3849
v -1.16718 -0.386708 -1.40516
v -1.14483 -0.386708 -1.42361
v -1.14718 -0.416708 -1.42391
v -0.971592 -0.382676 -1.28021
v -0.967745 -0.385547 -1.30996
v -0.963897 -0.385327 -1.33971
v -1.00134 -0.385657 -1.28405
v -0.997497 -0.385894 -1.31381
v -1.02725 -0.384253 -1.31765
v -1.06085 -0.385695 -1.29175
v -1.057 -0.38133 -1.3215
v -1.05315 -0.38296 -1.35125
v -1.09727 -0.373613 -1.47796
v -1.09381 -0.356708 -1.50471
v -1.09131 -0.356708 -1.50744
v -1.13087 -0.375489 -1.45205
v -1.12867 -0.356708 -1.46908
v -1.11815 -0.356708 -1.48066
v -1.16447 -0.358445 -1.42615
v -1.16432 -0.356708 -1.42733
v -1.14244 -0.356708 -1.45355
v -1.09342 -0.349731 -1.50771
v -1.12659 -0.326708 -1.48175
v -1.1271 -0.326708 -1.4812
v -1.10105 -0.326708 -1.5087
v -1.14894 -0.326708 -1.45439
v -1.16281 -0.326708 -1.43897
v -1.12702 -0.324969 -1.48181
v -1.12576 -0.296708 -1.49159
v -1.1092 -0.296708 -1.50975
v -1.15767 -0.296708 -1.45552
v -1.16122 -0.296708 -1.45125
v -1.13328 -0.296708 -1.48261
v -1.11525 -0.266708 -1.51053
v -1.12459 -0.266708 -1.50062
v -1.16062 -0.283267 -1.4559
v -1.1599 -0.266708 -1.46147
v -1.14082 -0.266708 -1.48359
v -1.12317 -0.25438 -1.51156
v -1.15677 -0.238871 -1.48565
v -1.15654 -0.236708 -1.48743
v -1.1342 -0.236708 -1.51298
v -1.14643 -0.206708 -1.51457
v -1.15425 -0.206708 -1.50514
v -1.15293 -0.1868 -1.5154
v -1.17416 -0.386708 -1.39715
v -1.20005 -0.386708 -1.37025
v -1.20192 -0.383071 -1.37049
v -1.20222 -0.386708 -1.36812
v -1.19974 -0.356708 -1.38731
v -1.19029 -0.356708 -1.39924
v -1.16531 -0.356708 -1.42626
v -1.21451 -0.356708 -1.37212
v -1.19701 -0.326708 -1.40011
v -1.19823 -0.326708 -1.39895
v -1.17418 -0.326708 -1.4274
v -1.22331 -0.326708 -1.37326
v -1.23351 -0.326708 -1.36007
v -1.2343 -0.356708 -1.35395
v -1.26865 -0.326708 -1.3223
v -1.26911 -0.330836 -1.31868
v -1.2565 -0.356708 -1.31705
v -1.24598 -0.326708 -1.34594
v -1.24335 -0.356708 -1.3456
v -1.27156 -0.326708 -1.319
v -1.19807 -0.323196 -1.40024
v -1.19653 -0.296708 -1.41212
v -1.18166 -0.296708 -1.42837
v -1.22967 -0.296708 -1.37408
v -1.23206 -0.296708 -1.37131
v -1.206 -0.296708 -1.40127
v -1.25404 -0.296708 -1.34698
v -1.26735 -0.296708 -1.33229
v -1.30257 -0.296708 -1.29386
v -1.27852 -0.296708 -1.3199
v -1.18867 -0.266708 -1.42928
v -1.1953 -0.266708 -1.42164
v -1.16441 -0.266708 -1.45639
v -1.23167 -0.290906 -1.37434
v -1.23029 -0.266708 -1.38499
v -1.21286 -0.266708 -1.40216
v -1.26278 -0.266708 -1.34811
v -1.26573 -0.266708 -1.34489
v -1.2397 -0.266708 -1.37538
v -1.28746 -0.266708 -1.32105
v -1.30111 -0.266708 -1.30519
v -1.19422 -0.256843 -1.43
v -1.19209 -0.236708 -1.44649
v -1.18132 -0.236708 -1.45858
v -1.15807 -0.236708 -1.48582
v -1.22782 -0.239802 -1.40409
v -1.22748 -0.236708 -1.40675
v -1.20619 -0.236708 -1.43154
v -1.26527 -0.260642 -1.34843
v -1.26327 -0.236708 -1.36387
v -1.25251 -0.236708 -1.37703
v -1.22949 -0.236708 -1.40431
v -1.29724 -0.236708 -1.32232
v -1.29923 -0.236708 -1.31974
v -1.27467 -0.236708 -1.34965
v -1.19037 -0.214865 -1.45975
v -1.18979 -0.206708 -1.46429
v -1.16814 -0.206708 -1.48712
v -1.21526 -0.206708 -1.43272
v -1.22586 -0.206708 -1.41923
v -1.19375 -0.206708 -1.46018
v -1.26142 -0.214929 -1.37819
v -1.26089 -0.206708 -1.3823
v -1.23704 -0.206708 -1.40528
v -1.29887 -0.232562 -1.32253
v -1.29674 -0.206708 -1.33901
v -1.28669 -0.206708 -1.3512
v -1.26451 -0.206708 -1.37859
v -1.33223 -0.206708 -1.29847
v -1.30946 -0.206708 -1.3239
v -1.18087 -0.176708 -1.48877
v -1.18778 -0.176708 -1.47977
v -1.15596 -0.176708 -1.5158
v -1.22397 -0.180453 -1.43384
v -1.22372 -0.176708 -1.43578
v -1.20229 -0.176708 -1.46129
v -1.24923 -0.176708 -1.40686
v -1.25938 -0.176708 -1.39393
v -1.22533 -0.176708 -1.43402
v -1.29361 -0.176708 -1.3521
v -1.29531 -0.176708 -1.35006
v -1.27099 -0.176708 -1.37942
v -1.31719 -0.176708 -1.3249
v -1.33077 -0.176708 -1.30974
v -1.18653 -0.158977 -1.4895
v -1.18563 -0.146708 -1.49646
v -1.16985 -0.146708 -1.51759
v -1.21598 -0.146708 -1.46306
v -1.22108 -0.146708 -1.45624
v -1.1906 -0.146708 -1.49003
v -1.25656 -0.146708 -1.40781
v -1.25779 -0.146708 -1.40626
v -1.23657 -0.146708 -1.43547
v -1.29502 -0.169796 -1.35228
v -1.29403 -0.146708 -1.35992
v -1.27803 -0.146708 -1.38033
v -1.32305 -0.146708 -1.32566
v -1.32967 -0.146708 -1.31826
v -1.3007 -0.146708 -1.35302
v -1.18268 -0.134664 -1.51925
v -1.22013 -0.142808 -1.46359
v -1.21628 -0.132889 -1.49335
v -1.21243 -0.11731 -1.5231
v -1.25757 -0.145923 -1.40794
v -1.25373 -0.134131 -1.43769
v -1.25202 -0.116708 -1.45089
v -1.23445 -0.116708 -1.46545
v -1.22778 -0.116708 -1.49483
v -1.21383 -0.116708 -1.52328
v -1.28948 -0.116708 -1.38181
v -1.29136 -0.116708 -1.38057
v -1.27692 -0.116708 -1.41044
v -1.27579 -0.116708 -1.44054
v -1.32862 -0.141383 -1.32638
v -1.32604 -0.116708 -1.34636
v -1.31666 -0.116708 -1.35508
v -1.31323 -0.128791 -1.44538
v -1.31522 -0.116708 -1.43002
v -1.28764 -0.116708 -1.44208
v -1.31177 -0.116708 -1.45665
v -1.35837 -0.118328 -1.33022
v -1.3582 -0.116708 -1.33155
v -1.3284 -0.116708 -1.44735
v -1.35955 -0.116708 -1.33038
v -1.24988 -0.110006 -1.46744
v -1.24603 -0.106821 -1.49719
v -1.24218 -0.11158 -1.52695
v -1.29117 -0.116284 -1.38203
v -1.28732 -0.111978 -1.41179
v -1.28348 -0.114377 -1.44154
v -1.27963 -0.105412 -1.47129
v -1.27578 -0.102868 -1.50104
v -1.27194 -0.0998151 -1.53079
v -1.32477 -0.113792 -1.35613
v -1.32092 -0.109724 -1.38588
v -1.31708 -0.10668 -1.41563
v -1.30938 -0.100854 -1.47514
v -1.30553 -0.099279 -1.50489
v -1.28071 -0.116708 -1.53193
v -1.30431 -0.116708 -1.5144
v -1.35452 -0.107889 -1.35998
v -1.35068 -0.105593 -1.38973
v -1.34683 -0.10834 -1.41948
v -1.34298 -0.104588 -1.44923
v -1.33646 -0.116708 -1.47864
v -1.33969 -0.116708 -1.47468
v -1.31515 -0.116708 -1.50613
v -1.38812 -0.106879 -1.33407
v -1.38428 -0.1034 -1.36382
v -1.38043 -0.101799 -1.39358
v -1.37658 -0.103545 -1.42333
v -1.41788 -0.10736 -1.33792
v -1.41403 -0.100884 -1.36767
v -1.40852 -0.116708 -1.39721
v -1.41038 -0.116708 -1.39585
v -1.38418 -0.116708 -1.42431
v -1.44763 -0.101935 -1.34177
v -1.47738 -0.102841 -1.34561
v -1.4839 -0.116708 -1.34646
v -1.51014 -0.116708 -1.32621
v -1.47656 -0.116708 -1.35195
v -1.53949 -0.116708 -1.33316
v -1.55131 -0.116708 -1.56692
v -1.55825 -0.0867083 -1.56782
v -1.57152 -0.0867083 -1.55336
v -1.57296 -0.116708 -1.5422
v -1.60057 -0.116708 -1.51279
v -1.60305 -0.0867083 -1.51311
v -1.60776 -0.0867083 -1.50697
v -1.60822 -0.116708 -1.50345
v -1.57527 -0.116708 -1.53977
v -1.58178 -0.0867083 -1.54061
v -1.625 -0.116708 -1.4857
v -1.62736 -0.0867083 -1.48601
v -1.64287 -0.0867083 -1.46941
v -1.64307 -0.116708 -1.4679
v -0.30832 -0.448532 -1.49693
v -0.334763 -0.446708 -1.4701
v -0.312168 -0.456711 -1.46718
v -0.31754 -0.446708 -1.49813
v -0.307931 -0.446708 -1.49995
v -0.343274 -0.446708 -1.46056
v -0.372142 -0.446708 -1.44469
v -0.345767 -0.45162 -1.44128
v -0.259368 -0.446708 -1.5511
v -0.254256 -0.446708 -1.58069
v -0.267026 -0.420023 -1.58234
v -0.270873 -0.429169 -1.55259
v -0.246148 -0.446708 -1.60989
v -0.263178 -0.418354 -1.6121
v -0.240905 -0.446708 -1.63947
v -0.259331 -0.417731 -1.64185
v -0.296838 -0.446708 -1.49545
v -0.278568 -0.44164 -1.49309
v -0.304473 -0.422492 -1.52669
v -0.274721 -0.436131 -1.52284
v -0.302613 -0.416708 -1.54107
v -0.291544 -0.416708 -1.55526
v -0.274431 -0.416708 -1.5833
v -0.265614 -0.416708 -1.61241
v -0.260627 -0.416708 -1.64202
v -0.34192 -0.43784 -1.47103
v -0.338128 -0.416708 -1.50035
v -0.337813 -0.416708 -1.50075
v -0.31386 -0.416708 -1.5279
v -0.37552 -0.442617 -1.44512
v -0.373111 -0.416708 -1.46375
v -0.363566 -0.416708 -1.47383
v -0.407599 -0.446708 -1.43098
v -0.405272 -0.420586 -1.44897
v -0.404826 -0.416708 -1.45242
v -0.300626 -0.407125 -1.55644
v -0.296778 -0.402051 -1.58619
v -0.292931 -0.396933 -1.61594
v -0.289405 -0.386708 -1.64321
v -0.286356 -0.386708 -1.64534
v -0.338073 -0.416235 -1.50078
v -0.334225 -0.400403 -1.53053
v -0.330378 -0.395709 -1.56029
v -0.32653 -0.393881 -1.59004
v -0.322683 -0.392051 -1.61979
v -0.31971 -0.386708 -1.64279
v -0.371672 -0.405447 -1.47488
v -0.367825 -0.386818 -1.50463
v -0.363977 -0.389943 -1.53438
v -0.36056 -0.386708 -1.56081
v -0.358813 -0.386708 -1.56396
v -0.353392 -0.386708 -1.59351
v -0.346671 -0.386708 -1.62289
v -0.320603 -0.386708 -1.64977
v -0.348588 -0.402106 -1.65339
v -0.352246 -0.386708 -1.6251
v -0.395179 -0.386708 -1.47792
v -0.402392 -0.386708 -1.47124
v -0.368235 -0.386708 -1.50468
v -0.39373 -0.386775 -1.53823
v -0.393817 -0.386708 -1.53755
v -0.364173 -0.386708 -1.56466
v -0.389882 -0.388794 -1.56798
v -0.357266 -0.386708 -1.59401
v -0.386035 -0.398893 -1.59773
v -0.354034 -0.386708 -1.62384
v -0.382188 -0.399253 -1.62749
v -0.37834 -0.402451 -1.65724
v -0.409792 -0.416708 -1.44956
v -0.432988 -0.386708 -1.46857
v -0.435024 -0.400082 -1.45282
v -0.394051 -0.386708 -1.53827
v -0.419635 -0.396653 -1.57183
v -0.422639 -0.386708 -1.54859
v -0.415787 -0.394438 -1.60158
v -0.41194 -0.403575 -1.63133
v -0.408092 -0.405025 -1.66109
v -0.289083 -0.385271 -1.6457
v -0.318836 -0.384238 -1.64954
v -0.36013 -0.386553 -1.56413
v -0.356283 -0.386231 -1.59389
v -0.352435 -0.385593 -1.62364
v -0.401425 -0.385858 -1.47872
v -0.397577 -0.385626 -1.50848
v -0.431177 -0.383788 -1.48257
v -0.427329 -0.383898 -1.51232
v -0.423482 -0.38455 -1.54208
v -0.46466 -0.386708 -1.45757
v -0.464776 -0.386894 -1.45667
v -0.453234 -0.386847 -1.54592
v -0.453274 -0.386708 -1.54562
v -0.452536 -0.386708 -1.54583
v -0.449387 -0.392896 -1.57568
v -0.445539 -0.3938 -1.60543
v -0.441692 -0.403286 -1.63518
v -0.437845 -0.404186 -1.66493
v -0.494529 -0.388783 -1.46051
v -0.468624 -0.392386 -1.42691
v -0.489996 -0.386708 -1.49018
v -0.490681 -0.386871 -1.49027
v -0.490572 -0.386708 -1.49111
v -0.482987 -0.388176 -1.54977
v -0.48391 -0.386708 -1.54263
v -0.479139 -0.392094 -1.57952
v -0.475292 -0.399748 -1.60928
v -0.471444 -0.404883 -1.63903
v -0.467597 -0.407592 -1.66878
v -0.527748 -0.386708 -1.43755
v -0.505105 -0.386708 -1.46188
v -0.491797 -0.386708 -1.49041
v -0.516391 -0.386708 -1.52384
v -0.516586 -0.386741 -1.52387
v -0.51662 -0.386708 -1.52361
v -0.512739 -0.391398 -1.55362
v -0.508891 -0.391163 -1.58337
v -0.505044 -0.399758 -1.61312
v -0.501197 -0.405067 -1.64288
v -0.497349 -0.406639 -1.67263
v -0.550186 -0.388279 -1.49796
v -0.551175 -0.386708 -1.49031
v -0.540956 -0.386708 -1.49677
v -0.546338 -0.386929 -1.52771
v -0.542491 -0.393479 -1.55747
v -0.538644 -0.391363 -1.58722
v -0.534796 -0.401587 -1.61697
v -0.530949 -0.404273 -1.64672
v -0.527101 -0.407591 -1.67647
v -0.557583 -0.386708 -1.49892
v -0.547314 -0.386708 -1.52784
v -0.572243 -0.389849 -1.56131
v -0.573582 -0.386708 -1.55096
v -0.568396 -0.399978 -1.59107
v -0.564549 -0.401678 -1.62082
v -0.560701 -0.406002 -1.65057
v -0.556854 -0.407311 -1.68032
v -0.605843 -0.387537 -1.53541
v -0.606315 -0.386708 -1.53176
v -0.601842 -0.386708 -1.53489
v -0.587852 -0.386708 -1.56333
v -0.604908 -0.386708 -1.54264
v -0.598148 -0.396142 -1.59491
v -0.601371 -0.386708 -1.56999
v -0.594301 -0.399627 -1.62467
v -0.590453 -0.404216 -1.65442
v -0.586606 -0.406008 -1.68417
v -0.635595 -0.387603 -1.53926
v -0.636015 -0.386708 -1.53601
v -0.620389 -0.386708 -1.56754
v -0.631748 -0.388544 -1.56901
v -0.6279 -0.401925 -1.59876
v -0.624053 -0.406443 -1.62851
v -0.620206 -0.4052 -1.65826
v -0.616358 -0.408723 -1.68802
v -0.6615 -0.397821 -1.57286
v -0.665348 -0.390308 -1.5431
v -0.657653 -0.399871 -1.60261
v -0.653805 -0.40596 -1.63236
v -0.649958 -0.407323 -1.66211
v -0.646111 -0.407253 -1.69186
v -0.460929 -0.382634 -1.48642
v -0.457082 -0.381901 -1.51617
v -0.486834 -0.384064 -1.52002
v -0.524281 -0.383436 -1.46436
v -0.520434 -0.384509 -1.49411
v -0.554033 -0.382885 -1.46821
v -0.583786 -0.380925 -1.47206
v -0.579938 -0.383915 -1.50181
v -0.576091 -0.38323 -1.53156
v -0.613538 -0.38423 -1.4759
v -0.60969 -0.382858 -1.50566
v -0.601996 -0.385034 -1.56516
v -0.64329 -0.383118 -1.47975
v -0.639443 -0.382598 -1.5095
v -0.673042 -0.383533 -1.4836
v -0.669195 -0.38335 -1.51335
v -0.666987 -0.386708 -1.53042
v -0.691252 -0.406624 -1.5767
v -0.6951 -0.39212 -1.54695
v -0.687405 -0.408182 -1.60645
v -0.683558 -0.408197 -1.63621
v -0.67971 -0.408817 -1.66596
v -0.675863 -0.409197 -1.69571
v -0.697223 -0.386708 -1.53053
v -0.7287 -0.387843 -1.52105
v -0.722211 -0.386708 -1.52021
v -0.724852 -0.399685 -1.5508
v -0.721005 -0.405667 -1.58055
v -0.717157 -0.407737 -1.6103
v -0.71331 -0.407609 -1.64005
v -0.709463 -0.409161 -1.66981
v -0.705615 -0.410593 -1.69956
v -0.746909 -0.407047 -1.61415
v -0.750757 -0.405258 -1.5844
v -0.743062 -0.408971 -1.6439
v -0.729675 -0.416708 -1.67242
v -0.740447 -0.416708 -1.66412
v -0.735768 -0.416708 -1.70031
v -0.735367 -0.416008 -1.70341
v -0.773555 -0.416708 -1.6176
v -0.777135 -0.416708 -1.61434
v -0.780509 -0.408389 -1.58825
v -0.77589 -0.416708 -1.62396
v -0.772814 -0.410488 -1.64775
v -0.771171 -0.416708 -1.66046
v -0.736726 -0.416708 -1.70358
v -0.792051 -0.396232 -1.49899
v -0.821804 -0.397755 -1.50284
v -0.788204 -0.397143 -1.52874
v -0.817956 -0.406529 -1.53259
v -0.784357 -0.407234 -1.55849
v -0.814109 -0.407201 -1.56234
v -0.810262 -0.406741 -1.59209
v -0.807288 -0.416708 -1.61509
v -0.789069 -0.416708 -1.64985
v -0.851556 -0.401929 -1.50668
v -0.847709 -0.408019 -1.53644
v -0.843861 -0.415435 -1.56619
v -0.82943 -0.416708 -1.59457
v -0.843347 -0.416708 -1.57016
v -0.881308 -0.400847 -1.51053
v -0.877461 -0.40717 -1.54028
v -0.850553 -0.416708 -1.56705
v -0.874604 -0.416708 -1.56238
v -0.911061 -0.414256 -1.51438
v -0.900413 -0.416708 -1.54325
v -0.909618 -0.416708 -1.52554
v -0.887976 -0.396308 -1.69289
v -0.879905 -0.386708 -1.69185
v -0.88853 -0.386708 -1.68861
v -0.88566 -0.416708 -1.7108
v -0.875887 -0.416708 -1.72158
v -0.881959 -0.386708 -1.72236
v -0.702795 -0.383726 -1.48745
v -0.698947 -0.383953 -1.5172
v -0.732547 -0.384911 -1.49129
v -0.729849 -0.386708 -1.51215
v -0.762299 -0.384368 -1.49514
v -0.761111 -0.386708 -1.50433
v -0.769164 -0.386708 -1.49603
v -0.887976 -0.382297 -1.69289
v -0.884129 -0.382611 -1.72264
v -0.920759 -0.416708 -1.67331
v -0.925672 -0.416708 -1.66752
v -0.921576 -0.420344 -1.66699
v -1.02581 -0.416708 -1.56268
v -1.03114 -0.416708 -1.56016
v -1.02622 -0.418495 -1.55952
v -1.06014 -0.416708 -1.53118
v -1.06367 -0.421878 -1.50386
v -0.924563 -0.416708 -1.51612
v -0.901539 -0.416708 -1.69465
v -0.919701 -0.386708 -1.68149
v -0.951108 -0.416708 -1.64056
v -0.955175 -0.40392 -1.64108
v -0.955843 -0.416708 -1.63592
v -0.954281 -0.386708 -1.648
v -0.930333 -0.386708 -1.66812
v -0.982627 -0.416708 -1.58413
v -0.984478 -0.386708 -1.58437
v -0.99517 -0.386708 -1.56573
v -0.994043 -0.416708 -1.57444
v -0.979608 -0.416708 -1.61399
v -0.982762 -0.386708 -1.6144
v -0.960868 -0.386708 -1.64182
v -1.02525 -0.416708 -1.52914
v -1.03007 -0.408255 -1.52977
v -1.03079 -0.416708 -1.52423
v -1.02743 -0.416708 -1.55022
v -1.02504 -0.386708 -1.56865
v -1.0586 -0.386708 -1.53346
v -1.06056 -0.386708 -1.5279
v -1.0329 -0.386708 -1.56038
v -0.917728 -0.367929 -1.69674
v -0.917 -0.356708 -1.70237
v -0.896546 -0.356708 -1.72425
v -0.947649 -0.356708 -1.67036
v -0.952015 -0.356708 -1.66552
v -0.922308 -0.356708 -1.69733
v -0.992623 -0.375346 -1.58542
v -0.988775 -0.37455 -1.61518
v -0.987394 -0.356708 -1.62586
v -0.971795 -0.356708 -1.64323
v -1.0192 -0.356708 -1.58886
v -1.02296 -0.356708 -1.58477
v -0.995868 -0.356708 -1.61609
v -1.05982 -0.383644 -1.53361
v -1.05807 -0.356708 -1.54713
v -1.04447 -0.356708 -1.56188
v -1.06917 -0.356708 -1.53482
v -0.905236 -0.326708 -1.72537
v -0.915489 -0.326708 -1.71405
v -0.951328 -0.341059 -1.67083
v -0.950729 -0.326708 -1.67546
v -0.929756 -0.326708 -1.69829
v -0.979519 -0.326708 -1.64423
v -0.985901 -0.326708 -1.6374
v -0.95448 -0.326708 -1.67124
v -1.02237 -0.345708 -1.58927
v -1.02127 -0.326708 -1.59785
v -1.00445 -0.326708 -1.6172
v -1.05354 -0.326708 -1.56305
v -1.05648 -0.326708 -1.55947
v -1.02808 -0.326708 -1.59001
v -1.09212 -0.326708 -1.51779
v -1.07486 -0.326708 -1.53556
v -0.913854 -0.296708 -1.72649
v -0.913887 -0.296708 -1.72645
v -0.937185 -0.296708 -1.69925
v -0.949255 -0.296708 -1.68687
v -0.984928 -0.303826 -1.64493
v -0.984619 -0.296708 -1.64732
v -0.962717 -0.296708 -1.67231
v -1.01167 -0.296708 -1.61814
v -1.01986 -0.296708 -1.6087
v -0.986598 -0.296708 -1.64514
v -1.05597 -0.316924 -1.56337
v -1.05516 -0.296708 -1.56965
v -1.03492 -0.296708 -1.59089
v -1.08466 -0.296708 -1.53683
v -1.0906 -0.296708 -1.52957
v -1.06067 -0.296708 -1.56397
v -0.913881 -0.296674 -1.72649
v -0.947481 -0.282249 -1.70059
v -0.945416 -0.266708 -1.71655
v -0.935245 -0.266708 -1.72925
v -0.98108 -0.268916 -1.67468
v -0.980823 -0.266708 -1.67667
v -0.957594 -0.266708 -1.70189
v -1.01853 -0.285019 -1.61902
v -1.0165 -0.266708 -1.63472
v -1.00543 -0.266708 -1.64758
v -0.982489 -0.266708 -1.67486
v -1.05213 -0.267033 -1.59312
v -1.05209 -0.266708 -1.5934
v -1.02887 -0.266708 -1.62036
v -1.08957 -0.286483 -1.53746
v -1.08748 -0.266708 -1.55365
v -1.07704 -0.266708 -1.56609
v -1.05231 -0.266708 -1.59314
v -1.09952 -0.266708 -1.53875
v -0.943633 -0.245484 -1.73034
v -0.969811 -0.236708 -1.70347
v -0.978763 -0.236708 -1.6926
v -0.947245 -0.236708 -1.73081
v -1.01468 -0.241642 -1.64878
v -1.0143 -0.236708 -1.65172
v -0.993232 -0.236708 -1.67625
v -1.04037 -0.236708 -1.62185
v -1.04992 -0.236708 -1.61017
v -1.01654 -0.236708 -1.64902
v -1.08573 -0.238883 -1.56721
v -1.08559 -0.236708 -1.56824
v -1.0625 -0.236708 -1.59446
v -1.12116 -0.236708 -1.52717
v -1.10934 -0.236708 -1.54002
v -1.08639 -0.236708 -1.5673
v -0.977233 -0.219043 -1.70443
v -0.976335 -0.206708 -1.71138
v -0.956675 -0.206708 -1.73202
v -1.00432 -0.206708 -1.67769
v -1.0121 -0.206708 -1.66875
v -0.982322 -0.206708 -1.70509
v -1.04828 -0.213825 -1.62287
v -1.04784 -0.206708 -1.62624
v -1.02771 -0.206708 -1.65046
v -1.07398 -0.206708 -1.59595
v -1.0833 -0.206708 -1.58596
v -1.0505 -0.206708 -1.62316
v -1.11933 -0.211954 -1.54131
v -1.11893 -0.206708 -1.54439
v -1.09752 -0.206708 -1.56874
v -1.12149 -0.206708 -1.54159
v -0.969418 -0.176708 -1.73367
v -0.974191 -0.176708 -1.72796
v -1.01083 -0.187467 -1.67853
v -1.01011 -0.176708 -1.68415
v -0.991681 -0.176708 -1.7063
v -1.03739 -0.176708 -1.65171
v -1.04578 -0.176708 -1.64224
v -1.01488 -0.176708 -1.67905
v -1.08188 -0.187218 -1.59697
v -1.08121 -0.176708 -1.60218
v -1.06116 -0.176708 -1.62454
v -1.11121 -0.176708 -1.57051
v -1.11638 -0.176708 -1.56412
v -1.08575 -0.176708 -1.59747
v -1.1522 -0.176708 -1.521
v -1.13487 -0.176708 -1.54332
v -0.973386 -0.167394 -1.73419
v -1.00612 -0.146708 -1.70817
v -1.00716 -0.146708 -1.70695
v -0.982687 -0.146708 -1.73539
v -1.04443 -0.162081 -1.65262
v -1.04298 -0.146708 -1.66384
v -1.02861 -0.146708 -1.68083
v -1.07754 -0.146708 -1.62665
v -1.07813 -0.146708 -1.62599
v -1.05198 -0.146708 -1.6536
v -1.11548 -0.165377 -1.57106
v -1.11395 -0.146708 -1.58286
v -1.1005 -0.146708 -1.59937
v -1.14484 -0.146708 -1.54461
v -1.14984 -0.146708 -1.5393
v -1.12311 -0.146708 -1.57205
v -1.00699 -0.14608 -1.70828
v -1.00314 -0.131966 -1.73803
v -1.04058 -0.136762 -1.68238
v -1.03674 -0.122794 -1.71213
v -1.03513 -0.116708 -1.7246
v -1.02271 -0.116708 -1.74056
v -1.07803 -0.146101 -1.62672
v -1.07418 -0.125538 -1.65647
v -1.07227 -0.116708 -1.67126
v -1.06225 -0.116708 -1.68518
v -1.0435 -0.116708 -1.713
v -1.11163 -0.130738 -1.60081
v -1.10867 -0.116708 -1.62373
v -1.10437 -0.116708 -1.63012
v -1.08259 -0.116708 -1.65756
v -1.14908 -0.142325 -1.54516
v -1.14523 -0.117858 -1.57491
v -1.14497 -0.116708 -1.5769
v -1.12512 -0.116708 -1.60256
v -1.03289 -0.113545 -1.74188
v -1.07034 -0.114038 -1.68622
v -1.06649 -0.10971 -1.71598
v -1.06264 -0.111867 -1.74573
v -1.10778 -0.115901 -1.63057
v -1.10394 -0.1106 -1.66032
v -1.10009 -0.10654 -1.69007
v -1.09624 -0.11036 -1.71982
v -1.09239 -0.105225 -1.74958
v -1.14138 -0.113493 -1.60466
v -1.13754 -0.108489 -1.63441
v -1.13369 -0.104513 -1.66417
v -1.12984 -0.100988 -1.69392
v -1.12599 -0.104511 -1.72367
v -1.11027 -0.116708 -1.75189
v -1.12367 -0.116708 -1.74162
v -1.17928 -0.116708 -1.54556
v -1.17605 -0.116708 -1.54864
v -1.14616 -0.116708 -1.57503
v -1.21231 -0.116708 -1.52404
v -1.23542 -0.116708 -1.55632
v -1.23834 -0.117668 -1.5567
v -1.23888 -0.116708 -1.5525
v -1.23811 -0.116708 -1.55844
v -1.26809 -0.120497 -1.56055
v -1.26862 -0.116708 -1.55644
v -1.17883 -0.116007 -1.549
v -1.17498 -0.110158 -1.57876
v -1.17114 -0.107384 -1.60851
v -1.16729 -0.103244 -1.63826
v -1.16344 -0.0994722 -1.66801
v -1.14232 -0.116708 -1.69553
v -1.16171 -0.116708 -1.68143
v -1.15345 -0.116708 -1.72722
v -1.20858 -0.109822 -1.55285
v -1.20474 -0.108158 -1.5826
v -1.20089 -0.103503 -1.61236
v -1.19704 -0.104243 -1.64211
v -1.17283 -0.116708 -1.66923
v -1.19631 -0.116708 -1.64773
v -1.15664 -0.116708 -1.75788
v -1.18165 -0.110873 -1.76112
v -1.18327 -0.116708 -1.74863
v -1.23449 -0.104084 -1.58645
v -1.23064 -0.110289 -1.6162
v -1.22679 -0.110772 -1.64596
v -1.22584 -0.116708 -1.65334
v -1.18877 -0.116708 -1.76204
v -1.24495 -0.116708 -1.5878
v -1.24964 -0.116708 -1.61866
v -1.2339 -0.116708 -1.64687
v -1.3548 -0.116708 -1.78351
v -1.36017 -0.100686 -1.7842
v -1.3612 -0.116708 -1.7762
v -0.18773 -0.476708 -1.72334
v -0.187769 -0.446708 -1.72334
v -0.189559 -0.446708 -1.71355
v -0.1905 -0.476708 -1.70628
v -0.179289 -0.476708 -1.7525
v -0.181287 -0.446708 -1.75276
v -0.172873 -0.476708 -1.78192
v -0.173453 -0.446708 -1.78199
v -0.1691 -0.476708 -1.81168
v -0.167415 -0.446708 -1.81146
v -0.194688 -0.476708 -1.69399
v -0.202839 -0.446708 -1.69504
v -0.188284 -0.439924 -1.72341
v -0.186873 -0.416708 -1.73432
v -0.18163 -0.416708 -1.7528
v -0.174294 -0.416708 -1.7821
v -0.168116 -0.416708 -1.81155
v -0.219505 -0.416708 -1.6972
v -0.222436 -0.416708 -1.69324
v -0.223823 -0.446708 -1.68251
v -0.197813 -0.416708 -1.72464
v -0.258855 -0.416708 -1.64553
v -0.242536 -0.416708 -1.66993
v -0.235727 -0.446708 -1.66905
v -0.181822 -0.386708 -1.75282
v -0.187773 -0.386708 -1.72736
v -0.173536 -0.386708 -1.782
v -0.167997 -0.386708 -1.81154
v -0.163237 -0.416708 -1.84117
v -0.163393 -0.386708 -1.84119
v -0.214639 -0.386708 -1.69657
v -0.222876 -0.386708 -1.68983
v -0.190511 -0.386708 -1.7237
v -0.244263 -0.386708 -1.67015
v -0.257392 -0.386708 -1.65685
v -0.314988 -0.391576 -1.6793
v -0.317895 -0.386708 -1.65682
v -0.307278 -0.386708 -1.6783
v -0.31377 -0.386708 -1.68871
v -0.34474 -0.397249 -1.68314
v -0.343152 -0.386708 -1.69542
v -0.374493 -0.399941 -1.68699
v -0.364206 -0.386708 -1.71591
v -0.370645 -0.392821 -1.71674
v -0.369535 -0.386708 -1.72533
v -0.404245 -0.400575 -1.69084
v -0.401225 -0.386708 -1.71419
v -0.382493 -0.386708 -1.71827
v -0.181377 -0.356708 -1.75277
v -0.187318 -0.356708 -1.73088
v -0.174867 -0.356708 -1.78217
v -0.16783 -0.356708 -1.81151
v -0.215604 -0.356708 -1.69669
v -0.223227 -0.356708 -1.68712
v -0.193838 -0.356708 -1.72413
v -0.24382 -0.356708 -1.67009
v -0.256751 -0.356708 -1.6618
v -0.285641 -0.356708 -1.67232
v -0.290845 -0.356708 -1.67617
v -0.31326 -0.356708 -1.69266
v -0.341263 -0.356708 -1.71003
v -0.346238 -0.356708 -1.71359
v -0.369334 -0.356708 -1.72688
v -0.400398 -0.376682 -1.72059
v -0.396681 -0.356708 -1.74933
v -0.181526 -0.326708 -1.75279
v -0.187878 -0.326708 -1.72655
v -0.174401 -0.326708 -1.78211
v -0.168211 -0.326708 -1.81156
v -0.212556 -0.326708 -1.6963
v -0.223472 -0.326708 -1.68523
v -0.190269 -0.326708 -1.72367
v -0.244071 -0.326708 -1.67012
v -0.256789 -0.326708 -1.66151
v -0.282493 -0.326708 -1.67509
v -0.285236 -0.333643 -1.67545
v -0.285116 -0.326708 -1.67637
v -0.312816 -0.326708 -1.69609
v -0.338929 -0.326708 -1.71264
v -0.340893 -0.335776 -1.71289
v -0.340784 -0.326708 -1.71374
v -0.368783 -0.326708 -1.73115
v -0.396724 -0.326708 -1.749
v -0.188284 -0.300889 -1.72341
v -0.188177 -0.296708 -1.7234
v -0.188344 -0.296708 -1.72294
v -0.180721 -0.296708 -1.75268
v -0.17458 -0.296708 -1.78214
v -0.16883 -0.296708 -1.81164
v -0.212784 -0.296708 -1.69633
v -0.22389 -0.296708 -1.682
v -0.24207 -0.296708 -1.66987
v -0.256475 -0.296708 -1.66393
v -0.270412 -0.296708 -1.67353
v -0.284338 -0.296708 -1.68239
v -0.312486 -0.296708 -1.69865
v -0.33586 -0.296708 -1.71224
v -0.340627 -0.296708 -1.71495
v -0.368376 -0.296708 -1.73429
v -0.396385 -0.296708 -1.75032
v -0.39655 -0.297958 -1.75034
v -0.396542 -0.296708 -1.75041
v -0.18542 -0.266708 -1.72304
v -0.188985 -0.266708 -1.718
v -0.163862 -0.296708 -1.84125
v -0.164649 -0.266708 -1.84135
v -0.168779 -0.266708 -1.81164
v -0.207008 -0.266708 -1.69558
v -0.224671 -0.266708 -1.67595
v -0.240083 -0.266708 -1.66961
v -0.256365 -0.266708 -1.66478
v -0.271662 -0.266708 -1.67369
v -0.284505 -0.266708 -1.6811
v -0.31252 -0.266708 -1.69838
v -0.32945 -0.266708 -1.71142
v -0.340012 -0.266708 -1.71971
v -0.368181 -0.266708 -1.7358
v -0.384574 -0.266708 -1.74879
v -0.395507 -0.266708 -1.75841
v -0.188284 -0.255292 -1.72341
v -0.207954 -0.236708 -1.6957
v -0.225477 -0.236708 -1.66972
v -0.192104 -0.236708 -1.7239
v -0.187462 -0.236708 -1.72977
v -0.230548 -0.236708 -1.66838
v -0.256364 -0.236708 -1.66479
v -0.267851 -0.236708 -1.6732
v -0.284048 -0.236708 -1.68463
v -0.311661 -0.236708 -1.70502
v -0.319594 -0.236708 -1.71014
v -0.339602 -0.236708 -1.72288
v -0.367431 -0.236708 -1.7416
v -0.374172 -0.236708 -1.74745
v -0.39487 -0.236708 -1.76334
v -0.188284 -0.211975 -1.72341
v -0.187588 -0.206708 -1.72332
v -0.188594 -0.206708 -1.72102
v -0.17092 -0.236708 -1.75141
v -0.170148 -0.206708 -1.75131
v -0.150956 -0.206708 -1.77815
v -0.164121 -0.236708 -1.78079
v -0.150837 -0.207339 -1.77907
v -0.14728 -0.236708 -1.80658
v -0.203728 -0.206708 -1.69516
v -0.225576 -0.206708 -1.66896
v -0.236022 -0.206708 -1.66908
v -0.255715 -0.206708 -1.66981
v -0.258863 -0.206708 -1.67204
v -0.283509 -0.206708 -1.6888
v -0.311606 -0.206708 -1.70545
v -0.317194 -0.206708 -1.70983
v -0.339098 -0.206708 -1.72678
v -0.362244 -0.206708 -1.74591
v -0.366798 -0.217992 -1.74649
v -0.366428 -0.206708 -1.74936
v -0.394434 -0.206708 -1.76671
v -0.188019 -0.176708 -1.72338
v -0.188363 -0.176708 -1.7228
v -0.160737 -0.176708 -1.7501
v -0.153367 -0.176708 -1.75951
v -0.205423 -0.176708 -1.69538
v -0.225403 -0.176708 -1.67029
v -0.255484 -0.195311 -1.6716
v -0.255094 -0.176708 -1.67461
v -0.282816 -0.176708 -1.69416
v -0.300539 -0.176708 -1.70768
v -0.311141 -0.195271 -1.70905
v -0.310362 -0.176708 -1.71507
v -0.337963 -0.176708 -1.73556
v -0.351281 -0.176708 -1.74449
v -0.36578 -0.176708 -1.75437
v -0.393546 -0.176708 -1.77357
v -0.187233 -0.146708 -1.72327
v -0.188612 -0.146708 -1.72088
v -0.172529 -0.146708 -1.75162
v -0.150837 -0.155839 -1.77907
v -0.155802 -0.146708 -1.77971
v -0.14879 -0.146708 -1.7949
v -0.213433 -0.146708 -1.69641
v -0.223017 -0.146708 -1.68874
v -0.25313 -0.146708 -1.6898
v -0.280264 -0.146708 -1.70505
v -0.281388 -0.147603 -1.7052
v -0.281343 -0.146708 -1.70555
v -0.309117 -0.146708 -1.7247
v -0.332687 -0.146708 -1.74208
v -0.337046 -0.153114 -1.74265
v -0.336786 -0.146708 -1.74466
v -0.365009 -0.146708 -1.76033
v -0.386731 -0.146708 -1.77932
v -0.392703 -0.157697 -1.78009
v -0.392244 -0.146708 -1.78364
v -0.188284 -0.146185 -1.72341
v -0.184437 -0.142218 -1.75316
v -0.180589 -0.135596 -1.78291
v -0.14699 -0.145816 -1.80882
v -0.176742 -0.132399 -1.81267
v -0.221884 -0.142725 -1.69751
v -0.219286 -0.116708 -1.71759
v -0.212316 -0.116708 -1.72652
v -0.20357 -0.116708 -1.75564
v -0.210342 -0.128261 -1.78676
v -0.212083 -0.116708 -1.7733
v -0.206494 -0.12597 -1.81651
v -0.172895 -0.128335 -1.84242
v -0.202647 -0.136743 -1.84627
v -0.169047 -0.139178 -1.87217
v -0.1988 -0.137728 -1.87602
v -0.251636 -0.142567 -1.70135
v -0.229866 -0.116708 -1.72879
v -0.247789 -0.131241 -1.73111
v -0.238408 -0.116708 -1.76014
v -0.243941 -0.121076 -1.76086
v -0.240094 -0.12961 -1.79061
v -0.236247 -0.137426 -1.82036
v -0.232399 -0.138142 -1.85011
v -0.277541 -0.130133 -1.73495
v -0.276177 -0.116708 -1.7455
v -0.249598 -0.116708 -1.76159
v -0.250836 -0.116708 -1.792
v -0.302946 -0.116708 -1.73824
v -0.307547 -0.116708 -1.73684
v -0.31421 -0.116708 -1.73969
v -0.335332 -0.116708 -1.7559
v -0.295751 -0.137275 -1.82806
v -0.316267 -0.116708 -1.83071
v -0.298545 -0.116708 -1.80645
v -0.360171 -0.116708 -1.77589
v -0.362951 -0.119565 -1.77625
v -0.362737 -0.116708 -1.7779
v -0.390055 -0.116708 -1.80057
v -0.218037 -0.111154 -1.72726
v -0.214189 -0.106391 -1.75701
v -0.273694 -0.106555 -1.7647
v -0.269846 -0.103082 -1.79446
v -0.307293 -0.115727 -1.7388
v -0.303446 -0.10925 -1.76855
v -0.299599 -0.102737 -1.7983
v -0.333198 -0.112238 -1.7724
v -0.329351 -0.105466 -1.80215
v -0.325503 -0.107395 -1.8319
v -0.359103 -0.110667 -1.806
v -0.355256 -0.105713 -1.83575
v -0.388855 -0.113917 -1.80985
v -0.385008 -0.105528 -1.8396
v -0.433997 -0.40415 -1.69468
v -0.407611 -0.386708 -1.72152
v -0.43015 -0.407381 -1.72444
v -0.415931 -0.386708 -1.75285
v -0.426302 -0.393312 -1.75419
v -0.425709 -0.386708 -1.75878
v -0.463749 -0.40545 -1.69853
v -0.459902 -0.406474 -1.72828
v -0.453931 -0.416708 -1.75776
v -0.456252 -0.416708 -1.75651
v -0.455621 -0.416708 -1.76139
v -0.452998 -0.386708 -1.78168
v -0.493502 -0.407761 -1.70238
v -0.489654 -0.411514 -1.73213
v -0.481047 -0.416708 -1.76127
v -0.485807 -0.416486 -1.76188
v -0.464812 -0.386708 -1.78942
v -0.48507 -0.416708 -1.76759
v -0.479207 -0.416708 -1.79128
v -0.481764 -0.416708 -1.79315
v -0.481045 -0.386708 -1.79871
v -0.523254 -0.407797 -1.70623
v -0.519407 -0.406648 -1.73598
v -0.486874 -0.416708 -1.76202
v -0.516129 -0.416708 -1.76132
v -0.51068 -0.416708 -1.80347
v -0.508844 -0.386708 -1.81766
v -0.553006 -0.409531 -1.71007
v -0.549159 -0.411084 -1.73983
v -0.523275 -0.416708 -1.76673
v -0.545312 -0.40984 -1.76958
v -0.543496 -0.416708 -1.78362
v -0.52813 -0.386708 -1.82786
v -0.537617 -0.409303 -1.82908
v -0.537799 -0.416708 -1.82767
v -0.537054 -0.386708 -1.83343
v -0.582759 -0.407925 -1.71392
v -0.578911 -0.409772 -1.74367
v -0.562477 -0.416708 -1.7718
v -0.576253 -0.416708 -1.76423
v -0.539359 -0.416708 -1.82931
v -0.564878 -0.416708 -1.8522
v -0.565366 -0.386708 -1.84842
v -0.612511 -0.410978 -1.71777
v -0.608663 -0.410949 -1.74752
v -0.594359 -0.416708 -1.77592
v -0.604816 -0.414518 -1.77727
v -0.603907 -0.416708 -1.7843
v -0.586402 -0.386708 -1.86564
v -0.584118 -0.416708 -1.86535
v -0.592658 -0.416708 -1.87129
v -0.592226 -0.386708 -1.87463
v -0.642263 -0.409523 -1.72162
v -0.638416 -0.415433 -1.75137
v -0.609156 -0.416708 -1.77784
v -0.638023 -0.416708 -1.7544
v -0.61999 -0.416708 -1.89385
v -0.620362 -0.386708 -1.89098
v -0.398943 -0.356708 -1.75065
v -0.424912 -0.356708 -1.76494
v -0.452344 -0.356708 -1.78673
v -0.454358 -0.356708 -1.78807
v -0.479943 -0.356708 -1.80723
v -0.506518 -0.356708 -1.82506
v -0.507864 -0.35886 -1.82524
v -0.507784 -0.356708 -1.82586
v -0.535564 -0.356708 -1.84495
v -0.560975 -0.356708 -1.86235
v -0.563522 -0.358218 -1.86268
v -0.563358 -0.356708 -1.86395
v -0.591048 -0.356708 -1.88374
v -0.609324 -0.356708 -1.89886
v -0.619179 -0.368947 -1.90013
v -0.61838 -0.356708 -1.9063
v -0.399319 -0.326708 -1.7507
v -0.424402 -0.326708 -1.76888
v -0.452267 -0.326708 -1.78733
v -0.452892 -0.326708 -1.78788
v -0.479652 -0.326708 -1.80948
v -0.502104 -0.326708 -1.82449
v -0.507456 -0.326708 -1.82839
v -0.535168 -0.326708 -1.84802
v -0.556078 -0.326708 -1.86172
v -0.563073 -0.326708 -1.86615
v -0.590805 -0.326708 -1.88562
v -0.606605 -0.326708 -1.8985
v -0.61822 -0.326708 -1.90754
v -0.423835 -0.296708 -1.77327
v -0.447162 -0.296708 -1.78714
v -0.452207 -0.321389 -1.78779
v -0.451926 -0.296708 -1.78997
v -0.479688 -0.296708 -1.8092
v -0.500708 -0.296708 -1.82431
v -0.507276 -0.296708 -1.82979
v -0.533914 -0.296708 -1.85772
v -0.535542 -0.296708 -1.85907
v -0.561193 -0.296708 -1.88069
v -0.576966 -0.296708 -1.89467
v -0.589426 -0.310816 -1.89628
v -0.588379 -0.296708 -1.90438
v -0.615842 -0.296708 -1.92593
v -0.423422 -0.266708 -1.77647
v -0.433582 -0.266708 -1.78538
v -0.450378 -0.266708 -1.80193
v -0.478207 -0.266708 -1.82066
v -0.479483 -0.266708 -1.82157
v -0.505955 -0.266708 -1.84
v -0.525855 -0.266708 -1.85781
v -0.533769 -0.290853 -1.85884
v -0.533166 -0.266708 -1.8635
v -0.561066 -0.266708 -1.88167
v -0.575172 -0.266708 -1.89444
v -0.588188 -0.266708 -1.90586
v -0.615763 -0.266708 -1.92655
v -0.42273 -0.236708 -1.78181
v -0.425921 -0.236708 -1.78439
v -0.450092 -0.236708 -1.80415
v -0.4699 -0.236708 -1.82033
v -0.478112 -0.262804 -1.82139
v -0.47747 -0.236708 -1.82635
v -0.505209 -0.236708 -1.84577
v -0.521979 -0.236708 -1.85731
v -0.532965 -0.236708 -1.86506
v -0.560446 -0.236708 -1.88646
v -0.571392 -0.236708 -1.89395
v -0.588023 -0.236708 -1.90713
v -0.614329 -0.236708 -1.92975
v -0.615331 -0.240833 -1.92988
v -0.414119 -0.206708 -1.78286
v -0.422455 -0.228638 -1.78394
v -0.421717 -0.206708 -1.78965
v -0.449725 -0.206708 -1.80698
v -0.465155 -0.206708 -1.81971
v -0.477102 -0.206708 -1.8292
v -0.504439 -0.206708 -1.85173
v -0.510192 -0.206708 -1.85579
v -0.532263 -0.206708 -1.87048
v -0.55987 -0.206708 -1.89092
v -0.562083 -0.206708 -1.89275
v -0.587259 -0.206708 -1.91304
v -0.605549 -0.206708 -1.92862
v -0.40421 -0.176708 -1.78158
v -0.421118 -0.176708 -1.79428
v -0.44875 -0.176708 -1.81453
v -0.453169 -0.176708 -1.81816
v -0.476353 -0.176708 -1.83499
v -0.503789 -0.176708 -1.85496
v -0.504017 -0.177951 -1.85499
v -0.503999 -0.176708 -1.85513
v -0.531363 -0.176708 -1.87745
v -0.549785 -0.176708 -1.89116
v -0.559674 -0.200059 -1.89244
v -0.558987 -0.176708 -1.89775
v -0.586419 -0.176708 -1.91954
v -0.594873 -0.176708 -1.92724
v -0.420408 -0.146708 -1.79977
v -0.43996 -0.146708 -1.81646
v -0.44836 -0.165874 -1.81754
v -0.447652 -0.146708 -1.82302
v -0.47537 -0.146708 -1.8426
v -0.488218 -0.146708 -1.85295
v -0.502866 -0.146708 -1.86389
v -0.530538 -0.146708 -1.88382
v -0.537557 -0.146708 -1.88958
v -0.558135 -0.146708 -1.90434
v -0.582016 -0.146708 -1.92557
v -0.585579 -0.15528 -1.92604
v -0.394266 -0.116708 -1.81055
v -0.418608 -0.139192 -1.81369
v -0.416276 -0.116708 -1.83172
v -0.426902 -0.116708 -1.84502
v -0.444512 -0.135246 -1.84729
v -0.442717 -0.116708 -1.86118
v -0.474265 -0.141776 -1.85114
v -0.461901 -0.116708 -1.87979
v -0.470417 -0.12629 -1.88089
v -0.467833 -0.116708 -1.90088
v -0.50017 -0.13072 -1.88474
v -0.481186 -0.116708 -1.91254
v -0.496322 -0.12122 -1.91449
v -0.529922 -0.14299 -1.88859
v -0.526074 -0.121815 -1.91834
v -0.555827 -0.130443 -1.92219
v -0.41476 -0.109128 -1.84345
v -0.381161 -0.108329 -1.86935
v -0.410913 -0.102824 -1.8732
v -0.440665 -0.106348 -1.87705
v -0.46657 -0.113385 -1.91065
v -0.436818 -0.10165 -1.9068
v -0.628096 -0.416708 -1.90128
v -0.648094 -0.446708 -1.91045
v -0.646059 -0.446708 -1.90361
v -0.647345 -0.416708 -1.91624
v -0.67672 -0.446708 -1.923
v -0.676497 -0.416708 -1.92473
v -0.684288 -0.446708 -1.90855
v -0.69538 -0.416708 -1.90998
v -0.745782 -0.416708 -1.85679
v -0.712283 -0.434905 -1.88192
v -0.72195 -0.416708 -1.88317
v -0.745883 -0.416998 -1.85602
v -0.71613 -0.425905 -1.85217
v -0.710652 -0.416708 -1.89453
v -0.773648 -0.416708 -1.82936
v -0.74973 -0.442207 -1.82626
v -0.746488 -0.416708 -1.85609
v -0.806101 -0.446708 -1.77305
v -0.814972 -0.416708 -1.78959
v -0.816929 -0.43397 -1.77445
v -0.786046 -0.446708 -1.77935
v -0.802011 -0.416708 -1.80277
v -0.78333 -0.427044 -1.80036
v -0.780325 -0.416708 -1.82359
v -0.828065 -0.416708 -1.77589
v -0.850529 -0.420892 -1.74855
v -0.854376 -0.436955 -1.7188
v -0.853035 -0.416708 -1.74887
v -0.850048 -0.416708 -1.75227
v -0.672015 -0.408012 -1.72546
v -0.668168 -0.415194 -1.75522
v -0.667626 -0.416708 -1.75941
v -0.628637 -0.386708 -1.90135
v -0.646598 -0.386708 -1.92202
v -0.691468 -0.416708 -1.72798
v -0.703571 -0.416708 -1.71537
v -0.671707 -0.416708 -1.75567
v -0.672086 -0.386708 -1.93722
v -0.674836 -0.390795 -1.93758
v -0.735104 -0.416708 -1.70544
v -0.706694 -0.386708 -1.91145
v -0.708701 -0.386708 -1.90962
v -0.67723 -0.386708 -1.93789
v -0.735631 -0.386708 -1.88494
v -0.743593 -0.386708 -1.87372
v -0.78333 -0.390122 -1.80036
v -0.782177 -0.386708 -1.80021
v -0.783496 -0.386708 -1.79907
v -0.779482 -0.403169 -1.83011
v -0.782277 -0.386708 -1.8085
v -0.778332 -0.386708 -1.83901
v -0.757451 -0.386708 -1.85751
v -0.81401 -0.386708 -1.79703
v -0.785317 -0.386708 -1.83087
v -0.833264 -0.386708 -1.77657
v -0.849424 -0.386708 -1.75709
v -0.856863 -0.386708 -1.74937
v -0.645541 -0.356708 -1.93019
v -0.655294 -0.356708 -1.93505
v -0.708435 -0.382151 -1.91167
v -0.706779 -0.356708 -1.92448
v -0.689127 -0.356708 -1.93943
v -0.742035 -0.364962 -1.88577
v -0.741636 -0.356708 -1.88886
v -0.717827 -0.356708 -1.91289
v -0.78333 -0.385063 -1.80036
v -0.772318 -0.356708 -1.85943
v -0.776233 -0.356708 -1.85524
v -0.744357 -0.356708 -1.88607
v -0.813082 -0.376635 -1.80421
v -0.795177 -0.356708 -1.83214
v -0.811612 -0.356708 -1.81557
v -0.846682 -0.358809 -1.7783
v -0.846511 -0.356708 -1.77962
v -0.822642 -0.356708 -1.80544
v -0.881644 -0.356708 -1.74186
v -0.872781 -0.356708 -1.75143
v -0.847599 -0.356708 -1.77842
v -0.645403 -0.326708 -1.93126
v -0.652685 -0.326708 -1.93471
v -0.701007 -0.326708 -1.94096
v -0.70498 -0.326708 -1.93839
v -0.723273 -0.326708 -1.91359
v -0.740465 -0.326708 -1.89791
v -0.775635 -0.340042 -1.85986
v -0.775233 -0.326708 -1.86297
v -0.751721 -0.326708 -1.88702
v -0.8027 -0.326708 -1.83311
v -0.810301 -0.326708 -1.82571
v -0.778209 -0.326708 -1.8602
v -0.830846 -0.326708 -1.8065
v -0.845097 -0.326708 -1.79056
v -0.880281 -0.331058 -1.7524
v -0.880057 -0.326708 -1.75413
v -0.855104 -0.326708 -1.77939
v -0.621273 -0.296708 -1.93065
v -0.645084 -0.322885 -1.93373
v -0.704588 -0.325436 -1.94142
v -0.738188 -0.314891 -1.91552
v -0.73434 -0.298501 -1.94527
v -0.771788 -0.306441 -1.88962
v -0.769794 -0.296708 -1.90503
v -0.759214 -0.296708 -1.91824
v -0.7364 -0.296708 -1.94554
v -0.809235 -0.319366 -1.83396
v -0.805387 -0.298292 -1.86371
v -0.805137 -0.296708 -1.86564
v -0.781516 -0.296708 -1.89087
v -0.842834 -0.311951 -1.80805
v -0.840534 -0.296708 -1.82584
v -0.830539 -0.296708 -1.83671
v -0.806805 -0.296708 -1.86389
v -0.876434 -0.299155 -1.78215
v -0.876099 -0.296708 -1.78474
v -0.854271 -0.296708 -1.80953
v -0.620473 -0.266708 -1.93055
v -0.76794 -0.271508 -1.91937
v -0.767584 -0.266708 -1.92212
v -0.747816 -0.266708 -1.94701
v -0.793062 -0.266708 -1.89237
v -0.80298 -0.266708 -1.88233
v -0.76981 -0.266708 -1.91961
v -0.838987 -0.275763 -1.83781
v -0.838348 -0.266708 -1.84274
v -0.819313 -0.266708 -1.86551
v -0.865982 -0.266708 -1.81105
v -0.874035 -0.266708 -1.8007
v -0.842189 -0.266708 -1.83822
v -0.758297 -0.236708 -1.94837
v -0.765269 -0.236708 -1.94002
v -0.80154 -0.2438 -1.89346
v -0.800936 -0.236708 -1.89813
v -0.782443 -0.236708 -1.92124
v -0.830529 -0.236708 -1.86696
v -0.83605 -0.236708 -1.86052
v -0.804472 -0.236708 -1.89384
v -0.872587 -0.248318 -1.8119
v -0.871731 -0.236708 -1.81851
v -0.853869 -0.236708 -1.83973
v -0.764093 -0.218177 -1.94912
v -0.793784 -0.206708 -1.92271
v -0.798546 -0.206708 -1.91662
v -0.767806 -0.206708 -1.9496
v -0.835139 -0.224106 -1.86756
v -0.833929 -0.206708 -1.87692
v -0.815719 -0.206708 -1.8953
v -0.863958 -0.206708 -1.84103
v -0.869559 -0.206708 -1.83531
v -0.841286 -0.206708 -1.86835
v -0.797692 -0.196372 -1.92321
v -0.796543 -0.176708 -1.9321
v -0.778334 -0.176708 -1.95096
v -0.828153 -0.176708 -1.8969
v -0.83185 -0.176708 -1.89299
v -0.804544 -0.176708 -1.9241
v -0.868739 -0.195177 -1.84165
v -0.867293 -0.176708 -1.85284
v -0.852639 -0.176708 -1.86982
v -0.790555 -0.146708 -1.95254
v -0.794414 -0.146708 -1.94857
v -0.831292 -0.169568 -1.89731
v -0.829479 -0.146708 -1.91133
v -0.817359 -0.146708 -1.92576
v -0.864101 -0.146708 -1.8713
v -0.865072 -0.146708 -1.87001
v -0.840594 -0.146708 -1.89851
v -0.793845 -0.140773 -1.95297
v -0.827445 -0.130764 -1.92706
v -0.825184 -0.116708 -1.94454
v -0.814343 -0.116708 -1.95562
v -0.864892 -0.145826 -1.87141
v -0.861044 -0.120779 -1.90116
v -0.860454 -0.116708 -1.90572
v -0.837611 -0.116708 -1.92838
v -0.823597 -0.11471 -1.95681
v -0.857197 -0.111622 -1.93091
v -0.85335 -0.108043 -1.96066
v -0.881584 -0.326708 -1.75256
v -0.901456 -0.296708 -1.75513
v -0.878146 -0.296708 -1.78237
v -0.910034 -0.268143 -1.75624
v -0.909945 -0.266708 -1.75693
v -0.888462 -0.266708 -1.7837
v -0.910465 -0.266708 -1.7563
v -0.898773 -0.236708 -1.78504
v -0.907595 -0.236708 -1.7751
v -0.876921 -0.236708 -1.81246
v -0.942978 -0.236708 -1.7354
v -0.922865 -0.236708 -1.7579
v -0.906186 -0.217993 -1.786
v -0.90521 -0.206708 -1.79355
v -0.888967 -0.206708 -1.81402
v -0.934645 -0.206708 -1.75943
v -0.940889 -0.206708 -1.75156
v -0.910743 -0.206708 -1.78658
v -0.89811 -0.176708 -1.8152
v -0.903105 -0.176708 -1.80982
v -0.876132 -0.176708 -1.84261
v -0.939786 -0.194002 -1.76009
v -0.93848 -0.176708 -1.77019
v -0.922565 -0.176708 -1.78811
v -0.946911 -0.176708 -1.76101
v -0.902339 -0.165915 -1.81575
v -0.900753 -0.146708 -1.82801
v -0.886692 -0.146708 -1.84397
v -0.93491 -0.146708 -1.78971
v -0.936124 -0.146708 -1.78841
v -0.90985 -0.146708 -1.81672
v -0.971602 -0.146708 -1.74798
v -0.959723 -0.146708 -1.76267
v -0.898491 -0.13702 -1.8455
v -0.894644 -0.117104 -1.87525
v -0.894578 -0.116708 -1.87576
v -0.864621 -0.116708 -1.90162
v -0.935938 -0.14573 -1.78984
v -0.932091 -0.130949 -1.8196
v -0.928626 -0.116708 -1.84639
v -0.925568 -0.116708 -1.849
v -0.895115 -0.116708 -1.87531
v -0.969538 -0.138524 -1.76394
v -0.965691 -0.131153 -1.79369
v -0.961843 -0.116998 -1.82344
v -0.961773 -0.116708 -1.82399
v -0.99929 -0.128994 -1.76779
v -0.995443 -0.118814 -1.79754
v -0.994655 -0.116708 -1.80363
v -0.96265 -0.116708 -1.82355
v -1.02904 -0.118825 -1.77163
v -1.03033 -0.116708 -1.76172
v -1.0282 -0.116708 -1.77813
v -1.00126 -0.116708 -1.79829
v -1.03367 -0.116708 -1.77223
v -1.03254 -0.116708 -1.80233
v -1.05495 -0.127602 -1.80523
v -1.05752 -0.116708 -1.78536
v -0.890797 -0.109979 -1.905
v -0.886949 -0.107554 -1.93476
v -0.883102 -0.102405 -1.96451
v -0.928244 -0.115983 -1.84935
v -0.924396 -0.109482 -1.8791
v -0.920549 -0.107403 -1.90885
v -0.916701 -0.102614 -1.9386
v -0.912854 -0.106116 -1.96836
v -0.957996 -0.109101 -1.85319
v -0.954148 -0.103951 -1.88295
v -0.950301 -0.103653 -1.9127
v -0.946454 -0.116058 -1.94245
v -0.942606 -0.11237 -1.9722
v -0.991596 -0.110806 -1.82729
v -0.987748 -0.104163 -1.85704
v -0.964782 -0.116708 -1.88432
v -0.986473 -0.116708 -1.8669
v -0.961025 -0.116708 -1.91409
v -0.951512 -0.116708 -1.94311
v -0.974339 -0.116708 -1.96074
v -0.972359 -0.113319 -1.97605
v -1.0252 -0.110297 -1.80139
v -1.02135 -0.104006 -1.83114
v -0.995089 -0.116708 -1.85799
v -1.02043 -0.116708 -1.83826
v -0.976726 -0.116708 -1.97662
v -1.05879 -0.10775 -1.77548
v -1.03756 -0.116708 -1.83323
v -1.07217 -0.116708 -1.77721
v -1.09042 -0.116708 -1.76482
v -0.573234 -0.416708 -0.442199
v -0.592616 -0.416708 -0.468073
v -0.569852 -0.386708 -0.441762
v -0.592109 -0.386708 -0.471996
v -0.294313 -0.386708 -0.435635
v -1.378 -0.116708 -1.75626
v -1.38649 -0.0867083 -1.75736
v -1.39492 -0.0867083 -1.74935
v -1.39693 -0.116708 -1.7338
v -1.36465 -0.0867083 -1.78478
v -1.42616 -0.116708 -1.70199
v -1.43121 -0.103284 -1.70264
v -1.43203 -0.116708 -1.69629
v -1.4302 -0.0867083 -1.71049
v -1.41128 -0.0867083 -1.73031
v -1.40183 -0.116708 -1.72909
v -1.45449 -0.116708 -1.6754
v -1.4635 -0.0867083 -1.67657
v -1.46507 -0.0867083 -1.67474
v -1.46661 -0.116708 -1.66284
v -1.4372 -0.0867083 -1.70341
v -1.48044 -0.116708 -1.64851
v -1.48778 -0.0867083 -1.64946
v -1.50041 -0.0867083 -1.63539
v -1.50154 -0.116708 -1.62663
v -1.5318 -0.116708 -1.59465
v -1.53586 -0.090404 -1.59517
v -1.53673 -0.116708 -1.58846
v -1.53575 -0.0867083 -1.59604
v -1.51212 -0.0867083 -1.62235
v -1.50638 -0.116708 -1.62161
v -1.53631 -0.0867083 -1.59523
v -0.150712 -0.206708 -1.77905
v -0.146522 -0.236708 -1.80876
v -0.145337 -0.206708 -1.80861
v -0.148642 -0.176708 -1.77878
v -0.143343 -0.176708 -1.80835
v -0.146105 -0.146708 -1.80871
v -1.12754 -0.116708 -1.78437
v -1.14805 -0.113792 -1.78702
v -1.15081 -0.116708 -1.7657
v -1.14758 -0.116708 -1.79064
v -1.15175 -0.116708 -1.7875
v -1.18077 -0.116708 -1.76791
v -1.14935 -0.116708 -1.99894
v -1.15087 -0.114912 -1.99914
v -1.15113 -0.116708 -1.99712
v -1.17374 -0.116708 -1.97184
v -1.18447 -0.0985382 -1.97323
v -1.18592 -0.116708 -1.96203
v -1.18343 -0.0867083 -1.98129
v -1.16683 -0.0867083 -2.0012
v -1.20337 -0.116708 -1.94542
v -1.21571 -0.0867083 -1.94702
v -1.21846 -0.0867083 -1.94429
v -1.22097 -0.116708 -1.92495
v -1.19088 -0.0867083 -1.97406
v -1.25189 -0.116708 -1.8912
v -1.25552 -0.11058 -1.89167
v -1.25612 -0.116708 -1.887
v -1.25286 -0.0867083 -1.91225
v -1.24475 -0.0867083 -1.92053
v -1.22765 -0.116708 -1.91831
v -1.27586 -0.116708 -1.86405
v -1.28912 -0.0901877 -1.86576
v -1.29207 -0.116708 -1.8429
v -1.28878 -0.0867083 -1.86841
v -1.26746 -0.0867083 -1.89321
v -1.29816 -0.116708 -1.83668
v -1.31768 -0.0867083 -1.83921
v -1.32389 -0.0867083 -1.83076
v -1.32604 -0.116708 -1.81414
v -1.29117 -0.0867083 -1.86603
v -1.35926 -0.0867083 -1.79118
v -1.33801 -0.0867083 -1.81159
v -1.32953 -0.116708 -1.81049
usemtl material_5
f 1548 1549 1550
f 1549 1551 1550
f 1549 1552 1551
f 1552 1553 1551
f 1553 1554 1555
f 1554 1556 1555
f 1552 1557 1553
f 1557 1554 1553
f 1554 1558 1556
f 1558 1559 1556
f 1557 1560 1554
f 1560 1558 1554
f 1559 1561 1562
f 1561 1563 1562
f 1558 1564 1559
f 1564 1561 1559
f 1560 1565 1558
f 1565 1564 1558
f 1561 1566 1563
f 1566 1567 1563
f 1564 1568 1561
f 1568 1566 1561
f 1565 1569 1564
f 1569 1568 1564
f 1567 1570 1571
f 1570 1572 1571
f 1566 1573 1567
f 1573 1570 1567
f 1568 1574 1566
f 1574 1573 1566
f 1569 1575 1568
f 1575 1574 1568
f 1570 1576 1572
f 1576 1577 1572
f 1573 1578 1570
f 1578 1576 1570
f 1574 1579 1573
f 1579 1578 1573
f 1575 1580 1574
f 1580 1579 1574
f 1577 1581 1582
f 1581 1583 1582
f 1576 1584 1577
f 1584 1581 1577
f 1578 1585 1576
f 1585 1584 1576
f 1579 1586 1578
f 1586 1585 1578
f 1580 1587 1579
f 1587 1586 1579
f 1581 1588 1583
f 1588 1589 1583
f 1584 1590 1581
f 1590 1588 1581
f 1585 1591 1584
f 1591 1590 1584
f 1586 1592 1585
f 1592 1591 1585
f 1587 1593 1586
f 1593 1592 1586
f 1589 1594 1595
f 1594 1596 1595
f 1588 1597 1589
f 1597 1594 1589
f 1590 1598 1588
f 1598 1597 1588
f 1591 1599 1590
f 1599 1598 1590
f 1592 1600 1591
f 1600 1599 1591
f 1593 1601 1592
f 1601 1600 1592
f 1594 1602 1596
f 1602 1603 1596
f 1597 1604 1594
f 1604 1602 1594
f 1598 1605 1597
f 1605 1604 1597
f 1599 1606 1598
f 1606 1605 1598
f 1600 1607 1599
f 1607 1606 1599
f 1601 1608 1600
f 1608 1607 1600
f 1603 1609 1610
f 1609 1611 1610
f 1602 1612 1603
f 1612 1609 1603
f 1604 1613 1602
f 1613 1612 1602
f 1605 1614 1604
f 1614 1613 1604
f 1606 1615 1605
f 1615 1614 1605
f 1607 1616 1606
f 1616 1615 1606
f 1608 1617 1607
f 1617 1616 1607
f 1609 1618 1611
f 1618 1619 1611
f 1612 1620 1609
f 1620 1618 1609
f 1613 1621 1612
f 1621 1620 1612
f 1614 1622 1613
f 1622 1621 1613
f 1615 1623 1614
f 1623 1622 1614
f 1616 1624 1615
f 1624 1623 1615
f 1617 1625 1616
f 1625 1624 1616
f 1619 1626 1627
f 1626 1628 1627
f 1618 1629 1619
f 1629 1626 1619
f 1620 1630 1618
f 1630 1629 1618
f 1621 1631 1620
f 1631 1630 1620
f 1622 1632 1621
f 1632 1631 1621
f 1623 1633 1622
f 1633 1632 1622
f 1624 1634 1623
f 1634 1633 1623
f 1625 1635 1624
f 1635 1634 1624
f 1626 1636 1628
f 1636 1637 1628
f 1629 1638 1626
f 1638 1636 1626
f 1630 1639 1629
f 1639 1638 1629
f 1631 1640 1630
f 1640 1639 1630
f 1632 1641 1631
f 1641 1640 1631
f 1633 1642 1632
f 1642 1641 1632
f 1634 1643 1633
f 1643 1642 1633
f 1635 1644 1634
f 1644 1643 1634
f 1638 1645 1636
f 1645 1646 1636
f 1639 1647 1638
f 1647 1645 1638
f 1640 1648 1639
f 1648 1647 1639
f 1641 1649 1640
f 1649 1648 1640
f 1642 1650 1641
f 1650 1649 1641
f 1643 1651 1642
f 1651 1650 1642
f 1644 1652 1643
f 1652 1651 1643
f 1645 1653 1646
f 1653 1654 1646
f 1647 1655 1645
f 1655 1653 1645
f 1648 1656 1647
f 1656 1655 1647
f 1649 1657 1648
f 1657 1656 1648
f 1650 1658 1649
f 1658 1657 1649
f 1651 1659 1650
f 1659 1658 1650
f 1652 1660 1651
f 1660 1659 1651
f 1655 1661 1653
f 1661 1662 1653
f 1656 1663 1655
f 1663 1661 1655
f 1657 1664 1656
f 1664 1663 1656
f 1658 1665 1657
f 1665 1664 1657
f 1659 1666 1658
f 1666 1665 1658
f 1660 1667 1659
f 1667 1666 1659
f 1663 1668 1661
f 1668 1669 1661
f 1664 1670 1663
f 1670 1668 1663
f 1665 1671 1664
f 1671 1670 1664
f 1666 1672 1665
f 1672 1671 1665
f 1667 1673 1666
f 1673 1672 1666
f 1670 1674 1668
f 1674 1675 1668
f 1671 1676 1670
f 1676 1674 1670
f 1672 1677 1671
f 1677 1676 1671
f 1673 1678 1672
f 1678 1677 1672
f 1676 1679 1674
f 1679 1680 1674
f 1677 1681 1676
f 1681 1679 1676
f 1678 1682 1677
f 1682 1681 1677
f 1681 1683 1679
f 1683 1684 1679
f 1682 1685 1681
f 1685 1683 1681
f 1685 1686 1683
f 1686 1687 1683
f 1688 1689 1690
f 1689 1691 1690
f 1692 1693 1688
f 1693 1689 1688
f 1689 1694 1691
f 1694 1695 1691
f 1693 1696 1689
f 1696 1694 1689
f 1697 1698 1693
f 1698 1696 1693
f 1695 1699 1700
f 1699 1701 1700
f 1694 1702 1695
f 1702 1699 1695
f 1696 1703 1694
f 1703 1702 1694
f 1698 1704 1696
f 1704 1703 1696
f 1705 1706 1698
f 1706 1704 1698
f 1707 1708 1705
f 1708 1706 1705
f 1709 1710 1707
f 1710 1708 1707
f 1711 1712 1709
f 1712 1710 1709
f 1713 1714 1715
f 1716 1717 1718
f 1716 1718 1719
f 1719 1718 1720
f 1720 1714 1719
f 1721 1714 1720
f 1714 1721 1722
f 1715 1714 1722
f 1723 1715 1724
f 1715 1722 1724
f 1725 1723 1726
f 1723 1724 1726
f 1727 1725 1728
f 1725 1726 1728
f 1729 1727 1730
f 1727 1728 1730
f 1731 1732 1733
f 1734 1732 1731
f 1735 1736 1737
f 1737 1720 1718
f 1737 1738 1720
f 1737 1736 1738
f 1738 1739 1720
f 1720 1739 1721
f 1739 1738 1740
f 1721 1739 1740
f 1721 1740 1722
f 1722 1740 1741
f 1724 1722 1742
f 1722 1741 1742
f 1726 1724 1743
f 1724 1742 1743
f 1728 1726 1744
f 1726 1743 1744
f 1730 1728 1745
f 1728 1744 1745
f 1746 1747 1748
f 1749 1747 1746
f 1733 1746 1748
f 1733 1750 1746
f 1733 1732 1750
f 1750 1751 1746
f 1752 1732 1734
f 1750 1732 1752
f 1746 1753 1749
f 1751 1753 1746
f 1754 1755 1756
f 1735 1757 1736
f 1758 1736 1757
f 1758 1759 1736
f 1759 1738 1736
f 1760 1761 1762
f 1760 1763 1764
f 1762 1763 1760
f 1764 1765 1766
f 1763 1765 1764
f 1766 1767 1768
f 1765 1767 1766
f 1767 1769 1768
f 1738 1759 1770
f 1740 1738 1770
f 1761 1760 1741
f 1761 1741 1770
f 1770 1741 1740
f 1742 1741 1760
f 1764 1742 1760
f 1743 1742 1764
f 1766 1743 1764
f 1744 1743 1766
f 1768 1744 1766
f 1768 1769 1771
f 1768 1771 1744
f 1744 1771 1745
f 1772 1773 1774
f 1773 1775 1776
f 1773 1776 1774
f 1774 1776 1777
f 1778 1779 1780
f 1781 1775 1773
f 1750 1782 1751
f 1750 1783 1782
f 1750 1752 1783
f 1752 1784 1783
f 1785 1786 1755
f 1785 1755 1776
f 1776 1755 1777
f 1780 1786 1785
f 1780 1779 1786
f 1779 1787 1786
f 1788 1789 1779
f 1789 1787 1779
f 1749 1753 1790
f 1749 1790 1788
f 1788 1790 1789
f 1753 1791 1790
f 1751 1791 1753
f 1751 1792 1791
f 1751 1782 1792
f 1783 1792 1782
f 1756 1755 1786
f 1756 1786 1793
f 1793 1786 1794
f 1787 1795 1786
f 1795 1794 1786
f 1789 1796 1787
f 1796 1795 1787
f 1790 1797 1789
f 1797 1796 1789
f 1798 1790 1791
f 1797 1790 1798
f 1759 1758 1793
f 1759 1793 1799
f 1799 1793 1794
f 1762 1761 1799
f 1762 1799 1795
f 1795 1799 1794
f 1763 1762 1795
f 1796 1763 1795
f 1765 1763 1796
f 1797 1765 1796
f 1797 1798 1800
f 1797 1800 1765
f 1765 1800 1767
f 1769 1801 1802
f 1769 1767 1801
f 1767 1800 1801
f 1759 1799 1770
f 1761 1770 1799
f 1769 1802 1771
f 1775 1803 1776
f 1781 1804 1803
f 1781 1803 1775
f 1804 1805 1803
f 1780 1803 1778
f 1805 1778 1803
f 1784 1806 1783
f 1806 1807 1783
f 1776 1803 1785
f 1780 1785 1803
f 1792 1808 1809
f 1791 1792 1809
f 1807 1792 1783
f 1808 1792 1807
f 1791 1809 1798
f 1809 1810 1798
f 1798 1810 1811
f 1800 1798 1811
f 1801 1800 1812
f 1800 1811 1812
f 1808 1813 1814
f 1809 1808 1814
f 1815 1808 1807
f 1813 1808 1815
f 1816 1817 1810
f 1816 1810 1814
f 1814 1810 1809
f 1816 1818 1817
f 1810 1817 1811
f 1817 1818 1819
f 1817 1819 1811
f 1811 1819 1812
f 1813 1820 1814
f 1813 1815 1821
f 1813 1821 1820
f 1820 1821 1822
f 1814 1820 1816
f 1818 1816 1820
f 1818 1820 1823
f 1823 1820 1822
f 1818 1823 1819
f 1699 1824 1701
f 1824 1548 1701
f 1702 1825 1699
f 1825 1824 1699
f 1703 1826 1702
f 1826 1825 1702
f 1704 1827 1703
f 1827 1826 1703
f 1706 1828 1704
f 1828 1827 1704
f 1708 1829 1706
f 1829 1828 1706
f 1710 1830 1708
f 1830 1829 1708
f 1712 1831 1710
f 1831 1830 1710
f 1824 1832 1548
f 1832 1549 1548
f 1825 1833 1824
f 1833 1832 1824
f 1826 1834 1825
f 1834 1833 1825
f 1827 1835 1826
f 1835 1834 1826
f 1828 1836 1827
f 1836 1835 1827
f 1829 1837 1828
f 1837 1836 1828
f 1830 1838 1829
f 1838 1837 1829
f 1831 1839 1830
f 1839 1838 1830
f 1832 1840 1549
f 1840 1552 1549
f 1833 1841 1832
f 1841 1840 1832
f 1834 1842 1833
f 1842 1841 1833
f 1835 1843 1834
f 1843 1842 1834
f 1836 1844 1835
f 1844 1843 1835
f 1837 1845 1836
f 1845 1844 1836
f 1838 1846 1837
f 1846 1845 1837
f 1839 1847 1838
f 1847 1846 1838
f 1840 1848 1552
f 1848 1557 1552
f 1841 1849 1840
f 1849 1848 1840
f 1842 1850 1841
f 1850 1849 1841
f 1843 1851 1842
f 1851 1850 1842
f 1844 1852 1843
f 1852 1851 1843
f 1845 1853 1844
f 1853 1852 1844
f 1846 1854 1845
f 1854 1853 1845
f 1847 1855 1846
f 1855 1854 1846
f 1848 1856 1557
f 1856 1560 1557
f 1849 1857 1848
f 1857 1856 1848
f 1850 1858 1849
f 1858 1857 1849
f 1851 1859 1850
f 1859 1858 1850
f 1852 1860 1851
f 1860 1859 1851
f 1853 1861 1852
f 1861 1860 1852
f 1854 1862 1853
f 1862 1861 1853
f 1855 1863 1854
f 1863 1862 1854
f 1856 1864 1560
f 1864 1565 1560
f 1857 1865 1856
f 1865 1864 1856
f 1858 1866 1857
f 1866 1865 1857
f 1859 1867 1858
f 1867 1866 1858
f 1860 1868 1859
f 1868 1867 1859
f 1861 1869 1860
f 1869 1868 1860
f 1862 1870 1861
f 1870 1869 1861
f 1863 1871 1862
f 1871 1870 1862
f 1864 1872 1565
f 1872 1569 1565
f 1865 1873 1864
f 1873 1872 1864
f 1866 1874 1865
f 1874 1873 1865
f 1867 1875 1866
f 1875 1874 1866
f 1868 1876 1867
f 1876 1875 1867
f 1869 1877 1868
f 1877 1876 1868
f 1870 1878 1869
f 1878 1877 1869
f 1871 1879 1870
f 1879 1878 1870
f 1872 1880 1569
f 1880 1575 1569
f 1873 1881 1872
f 1881 1880 1872
f 1874 1882 1873
f 1882 1881 1873
f 1875 1883 1874
f 1883 1882 1874
f 1876 1884 1875
f 1884 1883 1875
f 1877 1885 1876
f 1885 1884 1876
f 1878 1886 1877
f 1886 1885 1877
f 1879 1887 1878
f 1887 1886 1878
f 1880 1888 1575
f 1888 1580 1575
f 1881 1889 1880
f 1889 1888 1880
f 1882 1890 1881
f 1890 1889 1881
f 1883 1891 1882
f 1891 1890 1882
f 1884 1892 1883
f 1892 1891 1883
f 1885 1893 1884
f 1893 1892 1884
f 1886 1894 1885
f 1894 1893 1885
f 1887 1895 1886
f 1895 1894 1886
f 1888 1896 1580
f 1896 1587 1580
f 1889 1897 1888
f 1897 1896 1888
f 1890 1898 1889
f 1898 1897 1889
f 1891 1899 1890
f 1899 1898 1890
f 1892 1900 1891
f 1900 1899 1891
f 1893 1901 1892
f 1901 1900 1892
f 1894 1902 1893
f 1902 1901 1893
f 1895 1903 1894
f 1903 1902 1894
f 1896 1904 1587
f 1904 1593 1587
f 1897 1905 1896
f 1905 1904 1896
f 1898 1906 1897
f 1906 1905 1897
f 1899 1907 1898
f 1907 1906 1898
f 1900 1908 1899
f 1908 1907 1899
f 1901 1909 1900
f 1909 1908 1900
f 1902 1910 1901
f 1910 1909 1901
f 1903 1911 1902
f 1911 1910 1902
f 1904 1912 1593
f 1912 1601 1593
f 1905 1913 1904
f 1913 1912 1904
f 1906 1914 1905
f 1914 1913 1905
f 1907 1915 1906
f 1915 1914 1906
f 1908 1916 1907
f 1916 1915 1907
f 1909 1917 1908
f 1917 1916 1908
f 1910 1918 1909
f 1918 1917 1909
f 1911 1919 1910
f 1919 1918 1910
f 1912 1920 1601
f 1920 1608 1601
f 1913 1921 1912
f 1921 1920 1912
f 1914 1922 1913
f 1922 1921 1913
f 1915 1923 1914
f 1923 1922 1914
f 1916 1924 1915
f 1924 1923 1915
f 1917 1925 1916
f 1925 1924 1916
f 1918 1926 1917
f 1926 1925 1917
f 1919 1927 1918
f 1927 1926 1918
f 1920 1928 1608
f 1928 1617 1608
f 1921 1929 1920
f 1929 1928 1920
f 1922 1930 1921
f 1930 1929 1921
f 1923 1931 1922
f 1931 1930 1922
f 1924 1932 1923
f 1932 1931 1923
f 1925 1933 1924
f 1933 1932 1924
f 1926 1934 1925
f 1934 1933 1925
f 1927 1935 1926
f 1935 1934 1926
f 1928 1936 1617
f 1936 1625 1617
f 1929 1937 1928
f 1937 1936 1928
f 1930 1938 1929
f 1938 1937 1929
f 1931 1939 1930
f 1939 1938 1930
f 1932 1940 1931
f 1940 1939 1931
f 1933 1941 1932
f 1941 1940 1932
f 1934 1942 1933
f 1942 1941 1933
f 1935 1943 1934
f 1943 1942 1934
f 1936 1944 1625
f 1944 1635 1625
f 1937 1945 1936
f 1945 1944 1936
f 1938 1946 1937
f 1946 1945 1937
f 1939 1947 1938
f 1947 1946 1938
f 1940 1948 1939
f 1948 1947 1939
f 1941 1949 1940
f 1949 1948 1940
f 1942 1950 1941
f 1950 1949 1941
f 1943 1951 1942
f 1951 1950 1942
f 1952 1953 1954
f 1952 1954 1955
f 1956 1957 1958
f 1959 1956 1958
f 1960 1959 1958
f 1961 1959 1960
f 1962 1961 1960
f 1963 1964 1965
f 1962 1964 1963
f 1961 1962 1963
f 1961 1963 1954
f 1961 1954 1953
f 1966 1963 1965
f 1967 1966 1965
f 1954 1968 1955
f 1954 1963 1968
f 1963 1966 1968
f 1969 1966 1967
f 1970 1969 1967
f 1968 1966 1971
f 1971 1966 1969
f 1972 1969 1970
f 1971 1969 1973
f 1973 1969 1972
f 1973 1972 1974
f 1957 1975 1976
f 1957 1976 1958
f 1958 1976 1977
f 1978 1979 1980
f 1978 1977 1979
f 1978 1960 1977
f 1960 1958 1977
f 1981 1978 1980
f 1982 1981 1980
f 1960 1981 1962
f 1978 1981 1960
f 1964 1981 1982
f 1964 1982 1965
f 1965 1982 1983
f 1962 1981 1964
f 1965 1983 1967
f 1983 1984 1967
f 1967 1984 1970
f 1984 1985 1970
f 1986 1987 1977
f 1976 1986 1977
f 1979 1988 1980
f 1979 1989 1988
f 1977 1989 1979
f 1977 1990 1989
f 1977 1987 1990
f 1988 1991 1982
f 1980 1988 1982
f 1992 1988 1989
f 1991 1988 1992
f 1991 1993 1994
f 1991 1994 1982
f 1982 1994 1983
f 1992 1993 1991
f 1995 1996 1984
f 1995 1984 1994
f 1994 1984 1983
f 1995 1997 1996
f 1996 1998 1985
f 1984 1996 1985
f 1999 1996 1997
f 1999 2000 1996
f 2000 1998 1996
f 1998 2001 2002
f 1985 1998 2002
f 2000 2003 1998
f 2003 2001 1998
f 2001 2004 2005
f 2002 2001 2005
f 2003 2006 2001
f 2006 2004 2001
f 1990 2007 1989
f 2007 2008 1992
f 1989 2007 1992
f 1993 2009 1994
f 1993 1992 2008
f 1993 2008 2009
f 2009 2008 2010
f 1994 2009 1995
f 1997 1995 2009
f 1997 2009 2011
f 2011 2009 2010
f 1997 2011 1999
f 1944 2012 1635
f 2012 1644 1635
f 1945 2013 1944
f 2013 2012 1944
f 1946 2014 1945
f 2014 2013 1945
f 1947 2015 1946
f 2015 2014 1946
f 1948 2016 1947
f 2016 2015 1947
f 1949 2017 1948
f 2017 2016 1948
f 1950 2018 1949
f 2018 2017 1949
f 1951 2019 1950
f 2019 2018 1950
f 2012 2020 1644
f 2020 1652 1644
f 2013 2021 2012
f 2021 2020 2012
f 2014 2022 2013
f 2022 2021 2013
f 2015 2023 2014
f 2023 2022 2014
f 2016 2024 2015
f 2024 2023 2015
f 2017 2025 2016
f 2025 2024 2016
f 2018 2026 2017
f 2026 2025 2017
f 2019 2027 2018
f 2027 2026 2018
f 2020 2028 1652
f 2028 1660 1652
f 2021 2029 2020
f 2029 2028 2020
f 2022 2030 2021
f 2030 2029 2021
f 2023 2031 2022
f 2031 2030 2022
f 2024 2032 2023
f 2032 2031 2023
f 2025 2033 2024
f 2033 2032 2024
f 2026 2034 2025
f 2034 2033 2025
f 2027 2035 2026
f 2035 2034 2026
f 2028 2036 1660
f 2036 1667 1660
f 2029 2037 2028
f 2037 2036 2028
f 2030 2038 2029
f 2038 2037 2029
f 2031 2039 2030
f 2039 2038 2030
f 2032 2040 2031
f 2040 2039 2031
f 2033 2041 2032
f 2041 2040 2032
f 2034 2042 2033
f 2042 2041 2033
f 2035 2043 2034
f 2043 2042 2034
f 2036 2044 1667
f 2044 1673 1667
f 2037 2045 2036
f 2045 2044 2036
f 2038 2046 2037
f 2046 2045 2037
f 2039 2047 2038
f 2047 2046 2038
f 2040 2048 2039
f 2048 2047 2039
f 2041 2049 2040
f 2049 2048 2040
f 2042 2050 2041
f 2050 2049 2041
f 2043 2051 2042
f 2051 2050 2042
f 2044 2052 1673
f 2052 1678 1673
f 2045 2053 2044
f 2053 2052 2044
f 2046 2054 2045
f 2054 2053 2045
f 2047 2055 2046
f 2055 2054 2046
f 2048 2056 2047
f 2056 2055 2047
f 2049 2057 2048
f 2057 2056 2048
f 2050 2058 2049
f 2058 2057 2049
f 2051 2059 2050
f 2059 2058 2050
f 2052 2060 1678
f 2060 1682 1678
f 2053 2061 2052
f 2061 2060 2052
f 2054 2062 2053
f 2062 2061 2053
f 2055 2063 2054
f 2063 2062 2054
f 2056 2064 2055
f 2064 2063 2055
f 2057 2065 2056
f 2065 2064 2056
f 2058 2066 2057
f 2066 2065 2057
f 2059 2067 2058
f 2067 2066 2058
f 2060 2068 1682
f 2068 1685 1682
f 2061 2069 2060
f 2069 2068 2060
f 2062 2070 2061
f 2070 2069 2061
f 2063 2071 2062
f 2071 2070 2062
f 2064 2072 2063
f 2072 2071 2063
f 2065 2073 2064
f 2073 2072 2064
f 2066 2074 2065
f 2074 2073 2065
f 2067 2075 2066
f 2075 2074 2066
f 2068 2076 1685
f 2076 1686 1685
f 2069 2077 2068
f 2077 2076 2068
f 2070 2078 2069
f 2078 2077 2069
f 2071 2079 2070
f 2079 2078 2070
f 2072 2080 2071
f 2080 2079 2071
f 2073 2081 2072
f 2081 2080 2072
f 2074 2082 2073
f 2082 2081 2073
f 2075 2083 2074
f 2083 2082 2074
f 2076 2084 1686
f 2084 2085 1686
f 2077 2086 2076
f 2086 2084 2076
f 2078 2087 2077
f 2087 2086 2077
f 2079 2088 2078
f 2088 2087 2078
f 2080 2089 2079
f 2089 2088 2079
f 2081 2090 2080
f 2090 2089 2080
f 2082 2091 2081
f 2091 2090 2081
f 2083 2092 2082
f 2092 2091 2082
f 2086 2093 2084
f 2093 2094 2084
f 2087 2095 2086
f 2095 2093 2086
f 2088 2096 2087
f 2096 2095 2087
f 2089 2097 2088
f 2097 2096 2088
f 2090 2098 2089
f 2098 2097 2089
f 2091 2099 2090
f 2099 2098 2090
f 2092 2100 2091
f 2100 2099 2091
f 2095 2101 2093
f 2101 2102 2093
f 2096 2103 2095
f 2103 2101 2095
f 2097 2104 2096
f 2104 2103 2096
f 2098 2105 2097
f 2105 2104 2097
f 2099 2106 2098
f 2106 2105 2098
f 2100 2107 2099
f 2107 2106 2099
f 2103 2108 2101
f 2108 2109 2101
f 2104 2110 2103
f 2110 2108 2103
f 2105 2111 2104
f 2111 2110 2104
f 2106 2112 2105
f 2112 2111 2105
f 2107 2113 2106
f 2113 2112 2106
f 2110 2114 2108
f 2114 2115 2108
f 2111 2116 2110
f 2116 2114 2110
f 2112 2117 2111
f 2117 2116 2111
f 2113 2118 2112
f 2118 2117 2112
f 2114 2119 2115
f 2119 2120 2115
f 2116 2121 2114
f 2121 2119 2114
f 2117 2122 2116
f 2122 2121 2116
f 2118 2123 2117
f 2123 2122 2117
f 2121 2124 2119
f 2124 2125 2119
f 2122 2126 2121
f 2126 2124 2121
f 2123 2127 2122
f 2127 2126 2122
f 2126 2128 2124
f 2128 2129 2124
f 2127 2130 2126
f 2130 2128 2126
f 2130 2131 2128
f 2131 2132 2128
f 2133 2134 2135
f 2134 2136 2135
f 2137 2138 2133
f 2138 2134 2133
f 2139 2140 2141
f 2140 2142 2141
f 2136 2143 2139
f 2143 2140 2139
f 2134 2144 2136
f 2144 2143 2136
f 2138 2145 2134
f 2145 2144 2134
f 2146 2147 1711
f 2147 1712 1711
f 2148 2149 2146
f 2149 2147 2146
f 2150 2151 2148
f 2151 2149 2148
f 2142 2152 2150
f 2152 2151 2150
f 2140 2153 2142
f 2153 2152 2142
f 2143 2154 2140
f 2154 2153 2140
f 2144 2155 2143
f 2155 2154 2143
f 2145 2156 2144
f 2156 2155 2144
f 2157 1729 2158
f 1729 1730 2158
f 2159 2160 2157
f 2158 2159 2157
f 2161 2162 2163
f 2162 2161 2158
f 2162 2158 1745
f 1745 2158 1730
f 2159 2158 2161
f 2163 2164 2165
f 2162 2164 2163
f 2166 2167 2168
f 2166 2168 2165
f 2165 2168 2163
f 2169 2168 2167
f 2164 2162 1745
f 1771 2164 1745
f 2170 2171 2172
f 2166 2171 2170
f 1802 2165 2164
f 1802 1801 2165
f 1801 2173 2165
f 2171 2166 2165
f 2173 2171 2165
f 2164 1771 1802
f 2174 2175 2176
f 2177 2175 2174
f 2178 2174 2179
f 2174 2176 2179
f 2180 2181 2178
f 2179 2180 2178
f 2172 2182 2183
f 2171 2182 2172
f 2175 2177 2172
f 2183 2175 2172
f 2173 1801 2184
f 1801 1812 2184
f 2182 2171 2173
f 2184 2182 2173
f 2185 2186 2187
f 2185 2188 2180
f 2185 2187 2188
f 2187 2189 2188
f 2190 2191 2188
f 2189 2190 2188
f 2192 2193 2194
f 2192 2176 2175
f 2192 2194 2176
f 2194 2195 2176
f 2186 2185 2179
f 2186 2179 2195
f 2195 2179 2176
f 2180 2179 2185
f 2196 2197 2198
f 2193 2196 2198
f 2192 2196 2193
f 2192 2182 2196
f 2192 2183 2182
f 2175 2183 2192
f 2197 2196 2184
f 2197 2184 1819
f 1819 2184 1812
f 2182 2184 2196
f 2199 2200 1821
f 2200 1822 1821
f 2194 2193 2200
f 2194 2200 2201
f 2201 2200 2199
f 2195 2194 2201
f 2202 2195 2201
f 2186 2195 2202
f 2198 2197 1823
f 2198 1823 2200
f 2200 1823 1822
f 2193 2198 2200
f 2197 1819 1823
f 2203 2204 2205
f 2206 2207 2208
f 2205 2207 2206
f 2205 2206 2203
f 2203 2206 2209
f 2204 2210 2211
f 2205 2204 2211
f 2212 2213 2214
f 2212 2208 2207
f 2212 2207 2213
f 2213 2207 2215
f 2211 2207 2205
f 2215 2207 2211
f 2210 2216 2211
f 2213 2217 2214
f 2213 2215 2218
f 2217 2213 2218
f 2215 2211 2216
f 2215 2216 2218
f 2218 2216 2219
f 2147 2220 1712
f 2220 1831 1712
f 2149 2221 2147
f 2221 2220 2147
f 2151 2222 2149
f 2222 2221 2149
f 2152 2223 2151
f 2223 2222 2151
f 2153 2224 2152
f 2224 2223 2152
f 2154 2225 2153
f 2225 2224 2153
f 2155 2226 2154
f 2226 2225 2154
f 2156 2227 2155
f 2227 2226 2155
f 2220 2228 1831
f 2228 1839 1831
f 2221 2229 2220
f 2229 2228 2220
f 2222 2230 2221
f 2230 2229 2221
f 2223 2231 2222
f 2231 2230 2222
f 2224 2232 2223
f 2232 2231 2223
f 2225 2233 2224
f 2233 2232 2224
f 2226 2234 2225
f 2234 2233 2225
f 2227 2235 2226
f 2235 2234 2226
f 2228 2236 1839
f 2236 1847 1839
f 2229 2237 2228
f 2237 2236 2228
f 2230 2238 2229
f 2238 2237 2229
f 2231 2239 2230
f 2239 2238 2230
f 2232 2240 2231
f 2240 2239 2231
f 2233 2241 2232
f 2241 2240 2232
f 2234 2242 2233
f 2242 2241 2233
f 2235 2243 2234
f 2243 2242 2234
f 2236 2244 1847
f 2244 1855 1847
f 2237 2245 2236
f 2245 2244 2236
f 2238 2246 2237
f 2246 2245 2237
f 2239 2247 2238
f 2247 2246 2238
f 2240 2248 2239
f 2248 2247 2239
f 2241 2249 2240
f 2249 2248 2240
f 2242 2250 2241
f 2250 2249 2241
f 2243 2251 2242
f 2251 2250 2242
f 2244 2252 1855
f 2252 1863 1855
f 2245 2253 2244
f 2253 2252 2244
f 2246 2254 2245
f 2254 2253 2245
f 2247 2255 2246
f 2255 2254 2246
f 2248 2256 2247
f 2256 2255 2247
f 2249 2257 2248
f 2257 2256 2248
f 2250 2258 2249
f 2258 2257 2249
f 2251 2259 2250
f 2259 2258 2250
f 2252 2260 1863
f 2260 1871 1863
f 2253 2261 2252
f 2261 2260 2252
f 2254 2262 2253
f 2262 2261 2253
f 2255 2263 2254
f 2263 2262 2254
f 2256 2264 2255
f 2264 2263 2255
f 2257 2265 2256
f 2265 2264 2256
f 2258 2266 2257
f 2266 2265 2257
f 2259 2267 2258
f 2267 2266 2258
f 2260 2268 1871
f 2268 1879 1871
f 2261 2269 2260
f 2269 2268 2260
f 2262 2270 2261
f 2270 2269 2261
f 2263 2271 2262
f 2271 2270 2262
f 2264 2272 2263
f 2272 2271 2263
f 2265 2273 2264
f 2273 2272 2264
f 2266 2274 2265
f 2274 2273 2265
f 2267 2275 2266
f 2275 2274 2266
f 2268 2276 1879
f 2276 1887 1879
f 2269 2277 2268
f 2277 2276 2268
f 2270 2278 2269
f 2278 2277 2269
f 2271 2279 2270
f 2279 2278 2270
f 2272 2280 2271
f 2280 2279 2271
f 2273 2281 2272
f 2281 2280 2272
f 2274 2282 2273
f 2282 2281 2273
f 2275 2283 2274
f 2283 2282 2274
f 2284 2285 2286
f 2285 2284 2287
f 2288 2289 2290
f 2291 2292 2284
f 2291 2284 2288
f 2286 2289 2284
f 2289 2288 2284
f 2288 2290 2293
f 2294 2295 2296
f 2295 2294 2297
f 2298 2299 2294
f 2296 2300 2294
f 2301 2302 2303
f 2208 2302 2301
f 2206 2208 2301
f 2206 2301 2286
f 2206 2286 2285
f 2287 2206 2285
f 2287 2304 2206
f 2304 2209 2206
f 2305 2306 2307
f 2303 2306 2305
f 2301 2303 2305
f 2301 2305 2290
f 2301 2290 2289
f 2286 2301 2289
f 2292 2291 2308
f 2309 2310 2311
f 2307 2310 2309
f 2307 2309 2305
f 2305 2309 2312
f 2290 2313 2293
f 2290 2305 2313
f 2305 2312 2313
f 2314 2315 2316
f 2311 2315 2314
f 2309 2311 2314
f 2309 2314 2296
f 2309 2296 2295
f 2297 2309 2295
f 2297 2317 2309
f 2317 2312 2309
f 2318 2319 2320
f 2316 2319 2318
f 2314 2316 2318
f 2296 2314 2300
f 2299 2298 2321
f 2322 2318 2320
f 2323 2322 2320
f 2318 2322 2324
f 2325 2326 2327
f 2323 2326 2325
f 2322 2323 2325
f 2322 2325 2328
f 2322 2328 2329
f 2330 2322 2329
f 2330 2331 2322
f 2331 2324 2322
f 2332 2325 2327
f 2333 2332 2327
f 2328 2334 2335
f 2328 2325 2334
f 2325 2332 2334
f 2336 2337 2338
f 2214 2337 2336
f 2212 2214 2336
f 2212 2336 2303
f 2212 2303 2302
f 2208 2212 2302
f 2339 2340 2341
f 2338 2340 2339
f 2336 2338 2339
f 2336 2339 2307
f 2336 2307 2306
f 2303 2336 2306
f 2342 2343 2344
f 2341 2343 2342
f 2339 2341 2342
f 2339 2342 2311
f 2339 2311 2310
f 2307 2339 2310
f 2345 2346 2347
f 2344 2346 2345
f 2342 2344 2345
f 2342 2345 2316
f 2342 2316 2315
f 2311 2342 2315
f 2319 2345 2347
f 2319 2347 2320
f 2320 2347 2348
f 2316 2345 2319
f 2349 2350 2351
f 2349 2348 2350
f 2349 2323 2348
f 2323 2320 2348
f 2351 2352 2353
f 2349 2351 2353
f 2349 2353 2327
f 2349 2327 2326
f 2323 2349 2326
f 2327 1975 2333
f 2353 1975 2327
f 2337 2354 2338
f 2337 2214 2217
f 2337 2217 2354
f 2354 2217 2355
f 2218 2356 2217
f 2356 2355 2217
f 2219 2357 2218
f 2357 2356 2218
f 2340 2358 2341
f 2340 2338 2354
f 2340 2354 2358
f 2358 2354 2359
f 2355 2360 2354
f 2360 2359 2354
f 2356 2361 2355
f 2361 2360 2355
f 2357 2362 2356
f 2362 2361 2356
f 2343 2363 2344
f 2343 2341 2358
f 2343 2358 2363
f 2363 2358 2364
f 2359 2365 2358
f 2365 2364 2358
f 2360 2366 2359
f 2366 2365 2359
f 2361 2367 2360
f 2367 2366 2360
f 2362 2368 2361
f 2368 2367 2361
f 2346 2369 2347
f 2346 2344 2363
f 2346 2363 2369
f 2369 2363 2370
f 2364 2371 2363
f 2371 2370 2363
f 2365 2372 2364
f 2372 2371 2364
f 2366 2373 2365
f 2373 2372 2365
f 2367 2374 2366
f 2374 2373 2366
f 2375 2368 2376
f 2375 2374 2368
f 2374 2367 2368
f 2369 2377 2348
f 2347 2369 2348
f 2370 2378 2369
f 2378 2377 2369
f 2371 2379 2370
f 2379 2378 2370
f 2372 2380 2371
f 2380 2379 2371
f 2373 2381 2372
f 2381 2380 2372
f 2382 2374 2383
f 2382 2381 2374
f 2381 2373 2374
f 2375 2383 2374
f 2350 2384 2351
f 2350 2348 2377
f 2350 2377 2384
f 2384 2377 2385
f 2378 2386 2377
f 2386 2385 2377
f 2387 2379 2388
f 2387 2386 2379
f 2386 2378 2379
f 2380 2388 2379
f 2389 2388 2380
f 2389 2390 2391
f 2389 2380 2390
f 2380 2381 2390
f 2392 2381 2382
f 2390 2381 2392
f 2352 2351 2384
f 2352 2384 2393
f 2393 2384 2394
f 2385 2395 2384
f 2395 2394 2384
f 2396 2386 2397
f 2396 2395 2386
f 2395 2385 2386
f 2387 2397 2386
f 2390 2398 2391
f 2392 2398 2390
f 2394 2399 2393
f 2399 1986 2393
f 2400 2395 2401
f 2400 2399 2395
f 2399 2394 2395
f 2396 2401 2395
f 2376 2402 2375
f 2383 2403 2382
f 2383 2404 2403
f 2375 2404 2383
f 2375 2405 2404
f 2375 2402 2405
f 2388 2406 2387
f 2388 2389 2407
f 2406 2388 2407
f 2389 2391 2407
f 2403 2408 2392
f 2382 2403 2392
f 2409 2403 2404
f 2408 2403 2409
f 2397 2410 2396
f 2397 2387 2406
f 2397 2406 2410
f 2410 2406 2411
f 2407 2412 2406
f 2412 2411 2406
f 2391 2398 2413
f 2391 2413 2407
f 2407 2413 2412
f 2398 2392 2408
f 2398 2408 2413
f 2413 2408 2414
f 2415 2408 2409
f 2414 2408 2415
f 2401 2416 2400
f 2401 2396 2410
f 2401 2410 2416
f 2416 2410 2417
f 2411 2418 2410
f 2418 2417 2410
f 2412 2419 2411
f 2419 2418 2411
f 2413 2420 2412
f 2420 2419 2412
f 2414 2421 2413
f 2421 2420 2413
f 2422 2414 2415
f 2422 2423 2414
f 2423 2421 2414
f 2405 2424 2404
f 2424 2425 2409
f 2404 2424 2409
f 2425 2426 2415
f 2409 2425 2415
f 2415 2426 2422
f 2276 2427 1887
f 2427 1895 1887
f 2277 2428 2276
f 2428 2427 2276
f 2278 2429 2277
f 2429 2428 2277
f 2279 2430 2278
f 2430 2429 2278
f 2280 2431 2279
f 2431 2430 2279
f 2281 2432 2280
f 2432 2431 2280
f 2282 2433 2281
f 2433 2432 2281
f 2283 2434 2282
f 2434 2433 2282
f 2427 2435 1895
f 2435 1903 1895
f 2428 2436 2427
f 2436 2435 2427
f 2429 2437 2428
f 2437 2436 2428
f 2430 2438 2429
f 2438 2437 2429
f 2431 2439 2430
f 2439 2438 2430
f 2432 2440 2431
f 2440 2439 2431
f 2433 2441 2432
f 2441 2440 2432
f 2434 2442 2433
f 2442 2441 2433
f 2435 2443 1903
f 2443 1911 1903
f 2436 2444 2435
f 2444 2443 2435
f 2437 2445 2436
f 2445 2444 2436
f 2438 2446 2437
f 2446 2445 2437
f 2439 2447 2438
f 2447 2446 2438
f 2440 2448 2439
f 2448 2447 2439
f 2441 2449 2440
f 2449 2448 2440
f 2442 2450 2441
f 2450 2449 2441
f 2443 2451 1911
f 2451 1919 1911
f 2444 2452 2443
f 2452 2451 2443
f 2445 2453 2444
f 2453 2452 2444
f 2446 2454 2445
f 2454 2453 2445
f 2447 2455 2446
f 2455 2454 2446
f 2448 2456 2447
f 2456 2455 2447
f 2449 2457 2448
f 2457 2456 2448
f 2450 2458 2449
f 2458 2457 2449
f 2451 2459 1919
f 2459 1927 1919
f 2452 2460 2451
f 2460 2459 2451
f 2453 2461 2452
f 2461 2460 2452
f 2454 2462 2453
f 2462 2461 2453
f 2455 2463 2454
f 2463 2462 2454
f 2456 2464 2455
f 2464 2463 2455
f 2457 2465 2456
f 2465 2464 2456
f 2458 2466 2457
f 2466 2465 2457
f 2467 2459 2468
f 2467 1935 2459
f 1935 1927 2459
f 2460 2468 2459
f 2469 2468 2460
f 2469 2470 2471
f 2469 2460 2470
f 2460 2461 2470
f 2462 2472 2461
f 2472 2470 2461
f 2463 2473 2462
f 2473 2472 2462
f 2464 2474 2463
f 2474 2473 2463
f 2465 2475 2464
f 2475 2474 2464
f 2466 2476 2465
f 2476 2475 2465
f 2477 1935 2467
f 1943 1935 2477
f 2470 2478 2471
f 2478 2479 2480
f 2478 2470 2479
f 2470 2472 2479
f 2473 2481 2472
f 2481 2479 2472
f 2474 2482 2473
f 2482 2481 2473
f 2475 2483 2474
f 2483 2482 2474
f 2476 2484 2475
f 2484 2483 2475
f 2485 1943 2477
f 2485 2486 1943
f 2486 1951 1943
f 2486 2487 2488
f 2485 2487 2486
f 2487 2489 2488
f 2483 2490 2482
f 2490 2491 2482
f 2484 2492 2483
f 2492 2490 2483
f 2468 2493 2494
f 2467 2468 2494
f 2469 2495 2468
f 2468 2495 2493
f 2495 2469 2471
f 2496 2495 2471
f 2497 2498 2477
f 2497 2477 2494
f 2494 2477 2467
f 2497 2499 2498
f 2471 2500 2496
f 2478 2500 2471
f 2477 2498 2485
f 2498 2499 2501
f 2498 2501 2485
f 2485 2501 2487
f 2489 2502 2503
f 2489 2487 2502
f 2487 2501 2502
f 2493 2504 2505
f 2494 2493 2505
f 2495 2506 2493
f 2493 2506 2504
f 2506 2495 2496
f 2507 2506 2496
f 2494 2505 2508
f 2497 2494 2508
f 2508 2499 2497
f 2509 2499 2508
f 2496 2510 2507
f 2500 2510 2496
f 2499 2509 2511
f 2501 2499 2511
f 2502 2501 2512
f 2501 2511 2512
f 2504 2513 2505
f 2514 2513 2504
f 2514 2504 2515
f 2515 2504 2506
f 2507 2516 2517
f 2507 2517 2506
f 2506 2517 2515
f 2517 2516 2518
f 2505 2513 2508
f 2513 2509 2508
f 2513 2514 2509
f 2514 2519 2509
f 2507 2510 2516
f 2516 2520 2518
f 2516 2510 2520
f 2510 2521 2520
f 2509 2519 2522
f 2511 2509 2522
f 2512 2511 2523
f 2511 2522 2523
f 2515 2524 2525
f 2514 2515 2525
f 2517 2526 2515
f 2515 2526 2524
f 2526 2517 2518
f 2527 2526 2518
f 2514 2525 2519
f 2525 2528 2519
f 2518 2529 2527
f 2520 2529 2518
f 2519 2528 2530
f 2522 2519 2530
f 2523 2522 2531
f 2522 2530 2531
f 2524 2532 2533
f 2525 2524 2533
f 2526 2534 2524
f 2524 2534 2532
f 2527 2535 2536
f 2527 2536 2526
f 2526 2536 2534
f 2536 2535 2537
f 2538 2539 2528
f 2538 2528 2533
f 2533 2528 2525
f 2538 2540 2539
f 2527 2529 2535
f 2528 2539 2530
f 2539 2540 2541
f 2539 2541 2530
f 2530 2541 2531
f 2542 2531 2543
f 2531 2541 2543
f 2532 2544 2545
f 2533 2532 2545
f 2534 2546 2532
f 2532 2546 2544
f 2536 2547 2534
f 2534 2547 2546
f 2547 2536 2537
f 2548 2547 2537
f 2533 2545 2549
f 2538 2533 2549
f 2549 2540 2538
f 2550 2540 2549
f 2537 2551 2548
f 2552 2551 2537
f 2540 2550 2553
f 2541 2540 2553
f 2543 2541 2554
f 2541 2553 2554
f 2544 2555 2556
f 2545 2544 2556
f 2546 2557 2544
f 2544 2557 2555
f 2547 2558 2546
f 2546 2558 2557
f 2548 2559 2560
f 2548 2560 2547
f 2547 2560 2558
f 2560 2559 2561
f 2545 2556 2562
f 2549 2545 2562
f 2562 2550 2549
f 2563 2550 2562
f 2548 2551 2559
f 2550 2563 2564
f 2553 2550 2564
f 2554 2553 2565
f 2553 2564 2565
f 2566 2554 2567
f 2554 2565 2567
f 2568 2569 2570
f 2569 2568 2571
f 2555 2572 2573
f 2556 2555 2573
f 2570 2557 2568
f 2570 2572 2557
f 2572 2555 2557
f 2568 2574 2571
f 2568 2557 2574
f 2557 2558 2574
f 2556 2573 2575
f 2562 2556 2575
f 2563 2576 2577
f 2563 2562 2576
f 2562 2575 2576
f 2577 2578 2579
f 2576 2578 2577
f 2563 2577 2564
f 2565 2564 2577
f 2579 2565 2577
f 2569 2580 2570
f 2572 2581 2573
f 2573 2581 2575
f 2333 1957 1956
f 2332 2333 1956
f 2582 2332 2583
f 2582 2584 2332
f 2584 2334 2332
f 1956 1959 2585
f 2585 1959 2586
f 2586 1959 1961
f 2333 1975 1957
f 2587 2399 2588
f 2587 1987 2399
f 1987 1986 2399
f 2400 2588 2399
f 2587 1990 1987
f 1999 2589 2000
f 2590 2000 2589
f 2590 2591 2000
f 2591 2003 2000
f 2590 2592 2591
f 2591 2593 2003
f 2593 2006 2003
f 2594 2591 2592
f 2594 2595 2591
f 2595 2593 2591
f 2594 2596 2595
f 2597 2598 2599
f 2588 2600 2587
f 2588 2400 2416
f 2588 2416 2600
f 2600 2416 2601
f 2417 2602 2416
f 2602 2601 2416
f 2418 2603 2417
f 2603 2602 2417
f 2419 2604 2418
f 2604 2603 2418
f 2420 2605 2419
f 2605 2604 2419
f 2421 2606 2420
f 2606 2605 2420
f 2423 2607 2421
f 2607 2606 2421
f 1990 2587 2600
f 1990 2600 2007
f 2007 2600 2608
f 2601 2609 2600
f 2609 2608 2600
f 2602 2610 2601
f 2610 2609 2601
f 2603 2611 2602
f 2611 2610 2602
f 2604 2612 2603
f 2612 2611 2603
f 2605 2613 2604
f 2613 2612 2604
f 2606 2614 2605
f 2614 2613 2605
f 2607 2615 2606
f 2615 2614 2606
f 2608 2616 2007
f 2616 2008 2007
f 2609 2617 2608
f 2617 2616 2608
f 2610 2618 2609
f 2618 2617 2609
f 2611 2619 2610
f 2619 2618 2610
f 2612 2620 2611
f 2620 2619 2611
f 2613 2621 2612
f 2621 2620 2612
f 2614 2622 2613
f 2622 2621 2613
f 2615 2623 2614
f 2623 2622 2614
f 2616 2624 2008
f 2624 2010 2008
f 2617 2625 2616
f 2625 2624 2616
f 2618 2626 2617
f 2626 2625 2617
f 2619 2627 2618
f 2627 2626 2618
f 2620 2628 2619
f 2628 2627 2619
f 2621 2629 2620
f 2629 2628 2620
f 2622 2630 2621
f 2630 2629 2621
f 2623 2631 2622
f 2631 2630 2622
f 2624 2632 2010
f 2632 2011 2010
f 2625 2633 2624
f 2633 2632 2624
f 2626 2634 2625
f 2634 2633 2625
f 2627 2635 2626
f 2635 2634 2626
f 2628 2636 2627
f 2636 2635 2627
f 2629 2637 2628
f 2637 2636 2628
f 2630 2638 2629
f 2638 2637 2629
f 2631 2639 2630
f 2639 2638 2630
f 2589 1999 2011
f 2589 2011 2640
f 2640 2011 2632
f 2633 2641 2632
f 2641 2640 2632
f 2634 2642 2633
f 2642 2641 2633
f 2635 2643 2634
f 2643 2642 2634
f 2636 2644 2635
f 2644 2643 2635
f 2637 2645 2636
f 2645 2644 2636
f 2638 2646 2637
f 2646 2645 2637
f 2639 2647 2638
f 2647 2646 2638
f 2589 2640 2590
f 2592 2590 2640
f 2592 2640 2648
f 2648 2640 2641
f 2642 2649 2641
f 2649 2648 2641
f 2643 2650 2642
f 2650 2649 2642
f 2644 2651 2643
f 2651 2650 2643
f 2645 2652 2644
f 2652 2651 2644
f 2646 2653 2645
f 2653 2652 2645
f 2647 2654 2646
f 2654 2653 2646
f 2592 2648 2594
f 2596 2594 2648
f 2596 2648 2655
f 2655 2648 2649
f 2650 2656 2649
f 2656 2655 2649
f 2651 2657 2650
f 2657 2656 2650
f 2652 2658 2651
f 2658 2657 2651
f 2653 2659 2652
f 2659 2658 2652
f 2599 2598 2659
f 2599 2659 2654
f 2654 2659 2653
f 2486 2660 1951
f 2660 2019 1951
f 2488 2661 2486
f 2661 2660 2486
f 2662 2488 2489
f 2662 2663 2488
f 2663 2661 2488
f 2660 2664 2019
f 2664 2027 2019
f 2661 2665 2660
f 2665 2664 2660
f 2663 2666 2661
f 2666 2665 2661
f 2667 2668 2663
f 2668 2666 2663
f 2664 2669 2027
f 2669 2035 2027
f 2665 2670 2664
f 2670 2669 2664
f 2666 2671 2665
f 2671 2670 2665
f 2668 2672 2666
f 2672 2671 2666
f 2673 2674 2668
f 2674 2672 2668
f 2669 2675 2035
f 2675 2043 2035
f 2670 2676 2669
f 2676 2675 2669
f 2671 2677 2670
f 2677 2676 2670
f 2672 2678 2671
f 2678 2677 2671
f 2674 2679 2672
f 2679 2678 2672
f 2680 2681 2674
f 2681 2679 2674
f 2682 2683 2680
f 2683 2681 2680
f 2675 2684 2043
f 2684 2051 2043
f 2676 2685 2675
f 2685 2684 2675
f 2677 2686 2676
f 2686 2685 2676
f 2678 2687 2677
f 2687 2686 2677
f 2679 2688 2678
f 2688 2687 2678
f 2681 2689 2679
f 2689 2688 2679
f 2683 2690 2681
f 2690 2689 2681
f 2691 2692 2683
f 2692 2690 2683
f 2684 2693 2051
f 2693 2059 2051
f 2685 2694 2684
f 2694 2693 2684
f 2686 2695 2685
f 2695 2694 2685
f 2687 2696 2686
f 2696 2695 2686
f 2688 2697 2687
f 2697 2696 2687
f 2689 2698 2688
f 2698 2697 2688
f 2690 2699 2689
f 2699 2698 2689
f 2692 2700 2690
f 2700 2699 2690
f 2693 2701 2059
f 2701 2067 2059
f 2694 2702 2693
f 2702 2701 2693
f 2695 2703 2694
f 2703 2702 2694
f 2696 2704 2695
f 2704 2703 2695
f 2697 2705 2696
f 2705 2704 2696
f 2698 2706 2697
f 2706 2705 2697
f 2699 2707 2698
f 2707 2706 2698
f 2700 2708 2699
f 2708 2707 2699
f 2701 2709 2067
f 2709 2075 2067
f 2702 2710 2701
f 2710 2709 2701
f 2703 2711 2702
f 2711 2710 2702
f 2704 2712 2703
f 2712 2711 2703
f 2705 2713 2704
f 2713 2712 2704
f 2706 2714 2705
f 2714 2713 2705
f 2707 2715 2706
f 2715 2714 2706
f 2708 2716 2707
f 2716 2715 2707
f 2489 2503 2662
f 2717 1974 2718
f 2718 1974 2719
f 2720 2721 2722
f 2720 2722 2719
f 2719 2722 2718
f 2722 2721 2723
f 2724 2725 2726
f 2721 2727 2728
f 2721 2720 2727
f 2720 2729 2727
f 2727 2730 2728
f 2721 2728 2723
f 2725 2731 2732
f 2723 2731 2725
f 2723 2730 2731
f 2723 2728 2730
f 2732 2733 2734
f 2731 2733 2732
f 2725 2732 2726
f 2735 2726 2732
f 2734 2735 2732
f 2736 2735 2734
f 2737 2736 2734
f 2593 2738 2006
f 2738 2739 2006
f 2595 2740 2593
f 2740 2738 2593
f 2741 2595 2596
f 2740 2595 2741
f 2742 2743 2744
f 2598 2742 2744
f 2598 2597 2742
f 2597 2745 2742
f 2727 2729 2739
f 2738 2727 2739
f 2730 2727 2738
f 2730 2738 2746
f 2746 2738 2740
f 2747 2740 2741
f 2747 2748 2740
f 2748 2746 2740
f 2748 2749 2750
f 2747 2749 2748
f 2750 2751 2752
f 2749 2751 2750
f 2752 2753 2754
f 2751 2753 2752
f 2743 2754 2753
f 2743 2742 2754
f 2742 2755 2754
f 2745 2756 2742
f 2756 2755 2742
f 2730 2746 2731
f 2733 2731 2746
f 2748 2733 2746
f 2757 2733 2748
f 2750 2757 2748
f 2758 2757 2750
f 2758 2750 2759
f 2759 2750 2752
f 2754 2760 2752
f 2760 2759 2752
f 2755 2761 2754
f 2761 2760 2754
f 2762 2763 2761
f 2762 2761 2756
f 2756 2761 2755
f 2758 2759 2764
f 2765 2764 2759
f 2760 2765 2759
f 2766 2765 2760
f 2761 2766 2760
f 2763 2766 2761
f 2655 2767 2741
f 2596 2655 2741
f 2656 2768 2655
f 2768 2767 2655
f 2657 2769 2656
f 2769 2768 2656
f 2658 2770 2657
f 2770 2769 2657
f 2744 2743 2770
f 2744 2770 2659
f 2659 2770 2658
f 2598 2744 2659
f 2741 2767 2747
f 2749 2747 2767
f 2768 2749 2767
f 2751 2749 2768
f 2769 2751 2768
f 2753 2751 2769
f 2770 2753 2769
f 2743 2753 2770
f 2709 2771 2075
f 2771 2083 2075
f 2710 2772 2709
f 2772 2771 2709
f 2711 2773 2710
f 2773 2772 2710
f 2712 2774 2711
f 2774 2773 2711
f 2713 2775 2712
f 2775 2774 2712
f 2714 2776 2713
f 2776 2775 2713
f 2715 2777 2714
f 2777 2776 2714
f 2716 2778 2715
f 2778 2777 2715
f 2771 2779 2083
f 2779 2092 2083
f 2772 2780 2771
f 2780 2779 2771
f 2773 2781 2772
f 2781 2780 2772
f 2774 2782 2773
f 2782 2781 2773
f 2775 2783 2774
f 2783 2782 2774
f 2776 2784 2775
f 2784 2783 2775
f 2777 2785 2776
f 2785 2784 2776
f 2778 2786 2777
f 2786 2785 2777
f 2779 2787 2092
f 2787 2100 2092
f 2780 2788 2779
f 2788 2787 2779
f 2781 2789 2780
f 2789 2788 2780
f 2782 2790 2781
f 2790 2789 2781
f 2783 2791 2782
f 2791 2790 2782
f 2784 2792 2783
f 2792 2791 2783
f 2785 2793 2784
f 2793 2792 2784
f 2786 2794 2785
f 2794 2793 2785
f 2787 2795 2100
f 2795 2107 2100
f 2788 2796 2787
f 2796 2795 2787
f 2789 2797 2788
f 2797 2796 2788
f 2790 2798 2789
f 2798 2797 2789
f 2791 2799 2790
f 2799 2798 2790
f 2792 2800 2791
f 2800 2799 2791
f 2793 2801 2792
f 2801 2800 2792
f 2794 2802 2793
f 2802 2801 2793
f 2795 2803 2107
f 2803 2113 2107
f 2796 2804 2795
f 2804 2803 2795
f 2797 2805 2796
f 2805 2804 2796
f 2798 2806 2797
f 2806 2805 2797
f 2799 2807 2798
f 2807 2806 2798
f 2800 2808 2799
f 2808 2807 2799
f 2801 2809 2800
f 2809 2808 2800
f 2802 2810 2801
f 2810 2809 2801
f 2803 2811 2113
f 2811 2118 2113
f 2804 2812 2803
f 2812 2811 2803
f 2805 2813 2804
f 2813 2812 2804
f 2806 2814 2805
f 2814 2813 2805
f 2807 2815 2806
f 2815 2814 2806
f 2808 2816 2807
f 2816 2815 2807
f 2809 2817 2808
f 2817 2816 2808
f 2810 2818 2809
f 2818 2817 2809
f 2811 2819 2118
f 2819 2123 2118
f 2812 2820 2811
f 2820 2819 2811
f 2813 2821 2812
f 2821 2820 2812
f 2814 2822 2813
f 2822 2821 2813
f 2815 2823 2814
f 2823 2822 2814
f 2816 2824 2815
f 2824 2823 2815
f 2817 2825 2816
f 2825 2824 2816
f 2818 2826 2817
f 2826 2825 2817
f 2819 2827 2123
f 2827 2127 2123
f 2820 2828 2819
f 2828 2827 2819
f 2821 2829 2820
f 2829 2828 2820
f 2822 2830 2821
f 2830 2829 2821
f 2823 2831 2822
f 2831 2830 2822
f 2824 2832 2823
f 2832 2831 2823
f 2825 2833 2824
f 2833 2832 2824
f 2826 2834 2825
f 2834 2833 2825
f 2835 2836 2837
f 2836 2838 2839
f 2837 2836 2839
f 2838 2840 2841
f 2839 2838 2841
f 2840 2842 2843
f 2841 2840 2843
f 2842 2844 2845
f 2843 2842 2845
f 2844 2846 2847
f 2845 2844 2847
f 2848 2849 2850
f 2846 2848 2850
f 2846 2850 2847
f 2847 2850 2851
f 2849 2852 2853
f 2850 2849 2853
f 2850 2853 2851
f 2853 2854 2851
f 2852 2855 2853
f 2855 2856 2857
f 2855 2857 2853
f 2853 2857 2854
f 2856 2858 2857
f 2827 2859 2127
f 2859 2130 2127
f 2828 2860 2827
f 2860 2859 2827
f 2829 2861 2828
f 2861 2860 2828
f 2830 2862 2829
f 2862 2861 2829
f 2831 2863 2830
f 2863 2862 2830
f 2832 2864 2831
f 2864 2863 2831
f 2833 2865 2832
f 2865 2864 2832
f 2834 2866 2833
f 2866 2865 2833
f 2859 2867 2130
f 2867 2131 2130
f 2860 2868 2859
f 2868 2867 2859
f 2861 2869 2860
f 2869 2868 2860
f 2862 2870 2861
f 2870 2869 2861
f 2863 2871 2862
f 2871 2870 2862
f 2864 2872 2863
f 2872 2871 2863
f 2865 2873 2864
f 2873 2872 2864
f 2866 2874 2865
f 2874 2873 2865
f 2867 2875 2131
f 2875 2876 2131
f 2868 2877 2867
f 2877 2875 2867
f 2869 2878 2868
f 2878 2877 2868
f 2870 2879 2869
f 2879 2878 2869
f 2871 2880 2870
f 2880 2879 2870
f 2881 2872 2882
f 2881 2880 2872
f 2880 2871 2872
f 2882 2883 2884
f 2882 2872 2883
f 2872 2873 2883
f 2874 2885 2873
f 2885 2883 2873
f 2875 2886 2876
f 2886 2887 2876
f 2877 2888 2875
f 2888 2886 2875
f 2878 2889 2877
f 2889 2888 2877
f 2879 2890 2878
f 2890 2889 2878
f 2880 2891 2879
f 2891 2890 2879
f 2892 2880 2881
f 2891 2880 2892
f 2883 2893 2884
f 2885 2893 2883
f 2894 2893 2885
f 2888 2895 2886
f 2895 2896 2886
f 2889 2897 2888
f 2897 2895 2888
f 2890 2898 2889
f 2898 2897 2889
f 2891 2899 2890
f 2899 2898 2890
f 2900 2891 2892
f 2899 2891 2900
f 2897 2901 2895
f 2901 2902 2895
f 2898 2903 2897
f 2903 2901 2897
f 2899 2904 2898
f 2904 2903 2898
f 2905 2899 2900
f 2904 2899 2905
f 2903 2906 2901
f 2906 2907 2901
f 2904 2908 2903
f 2908 2906 2903
f 2909 2904 2905
f 2909 2910 2904
f 2910 2908 2904
f 2909 2911 2910
f 2906 2912 2907
f 2912 2913 2907
f 2908 2914 2906
f 2914 2912 2906
f 2915 2910 2916
f 2915 2914 2910
f 2914 2908 2910
f 2917 2918 2919
f 2911 2916 2910
f 2917 2920 2918
f 2882 2921 2922
f 2881 2882 2922
f 2921 2882 2884
f 2923 2921 2884
f 2881 2922 2892
f 2922 2924 2892
f 2884 2925 2923
f 2893 2925 2884
f 2894 2926 2893
f 2893 2926 2925
f 2892 2924 2900
f 2924 2927 2900
f 2928 2929 2930
f 2931 2932 2933
f 2927 2929 2905
f 2927 2905 2900
f 2905 2929 2928
f 2932 2934 2935
f 2931 2934 2932
f 2934 2936 2935
f 2937 2928 2930
f 2938 2937 2930
f 2928 2937 2909
f 2928 2909 2905
f 2937 2939 2909
f 2932 2909 2933
f 2939 2933 2909
f 2911 2909 2932
f 2911 2932 2940
f 2940 2932 2935
f 2937 2938 2941
f 2916 2942 2915
f 2937 2941 2939
f 2921 2943 2922
f 2944 2943 2921
f 2944 2921 2945
f 2923 2946 2921
f 2946 2945 2921
f 2946 2947 2948
f 2945 2946 2948
f 2943 2949 2950
f 2943 2950 2922
f 2922 2950 2924
f 2923 2925 2946
f 2943 2944 2949
f 2926 2946 2925
f 2947 2946 2926
f 2951 2952 2953
f 2951 2950 2952
f 2951 2927 2950
f 2927 2924 2950
f 2954 2955 2956
f 2929 2951 2953
f 2929 2953 2930
f 2930 2953 2957
f 2931 2958 2959
f 2931 2933 2958
f 2929 2927 2951
f 2930 2957 2938
f 2957 2960 2938
f 2933 2939 2958
f 2958 2939 2961
f 2938 2960 2962
f 2941 2938 2962
f 2961 2939 2941
f 2962 2961 2941
f 2963 2964 2965
f 2966 2967 2968
f 2966 2969 2970
f 2967 2966 2970
f 2965 2970 2969
f 2965 2969 2963
f 2963 2969 2971
f 2972 2973 2974
f 2968 2973 2972
f 2968 2972 2966
f 2966 2972 2975
f 2945 2975 2944
f 2945 2969 2975
f 2969 2966 2975
f 2948 2969 2945
f 2971 2969 2948
f 2976 2972 2974
f 2977 2976 2974
f 2949 2976 2950
f 2949 2975 2976
f 2975 2972 2976
f 2944 2975 2949
f 2952 2976 2977
f 2952 2977 2953
f 2953 2977 2978
f 2950 2976 2952
f 2956 2955 2979
f 2953 2978 2957
f 2978 2980 2957
f 2959 2958 2981
f 2957 2980 2960
f 2980 2982 2960
f 2983 2984 2985
f 2983 2965 2964
f 2983 2964 2984
f 2984 2964 2986
f 2967 2987 2988
f 2968 2967 2988
f 2985 2970 2983
f 2985 2987 2970
f 2987 2967 2970
f 2965 2983 2970
f 2973 2989 2990
f 2974 2973 2990
f 2988 2973 2968
f 2989 2973 2988
f 2974 2990 2977
f 2990 2991 2977
f 2977 2991 2978
f 2991 2992 2978
f 2978 2992 2980
f 2992 2993 2980
f 2994 2995 2996
f 2994 2985 2984
f 2994 2984 2995
f 2995 2984 2997
f 2837 2986 2835
f 2837 2997 2986
f 2997 2984 2986
f 2998 2999 3000
f 2996 2999 2998
f 2994 2996 2998
f 2994 2998 2988
f 2994 2988 2987
f 2985 2994 2987
f 2989 2998 3000
f 2989 3000 2990
f 2990 3000 3001
f 2988 2998 2989
f 2990 3001 2991
f 3001 3002 2991
f 3003 3002 3004
f 3003 2992 3002
f 2992 2991 3002
f 3005 2992 3003
f 3005 3006 2992
f 3006 2993 2992
f 2995 3007 3008
f 2996 2995 3008
f 2997 3009 2995
f 2995 3009 3007
f 2839 2997 2837
f 3009 2997 2839
f 2999 3010 3011
f 3000 2999 3011
f 3008 2999 2996
f 3010 2999 3008
f 3000 3011 3001
f 3011 3012 3001
f 3013 3014 3015
f 3013 3012 3014
f 3013 3002 3012
f 3002 3001 3012
f 3004 3002 3013
f 3016 3017 3018
f 3007 3019 3020
f 3008 3007 3020
f 3009 3021 3007
f 3007 3021 3019
f 2841 3009 2839
f 3021 3009 2841
f 3010 3022 3023
f 3011 3010 3023
f 3020 3010 3008
f 3022 3010 3020
f 3011 3023 3012
f 3023 3024 3012
f 3024 3014 3012
f 3025 3014 3024
f 3019 3026 3027
f 3020 3019 3027
f 3021 3028 3019
f 3019 3028 3026
f 2843 3021 2841
f 3028 3021 2843
f 3022 3029 3030
f 3023 3022 3030
f 3027 3022 3020
f 3029 3022 3027
f 3023 3030 3024
f 3030 3031 3024
f 3025 3032 3033
f 3025 3024 3032
f 3024 3031 3032
f 3026 3034 3035
f 3027 3026 3035
f 3028 3036 3026
f 3026 3036 3034
f 2845 3028 2843
f 3036 3028 2845
f 3029 3037 3030
f 3029 3038 3037
f 3029 3027 3038
f 3027 3035 3038
f 3037 3039 3040
f 3037 3040 3030
f 3030 3040 3031
f 3038 3039 3037
f 3034 3041 3042
f 3035 3034 3042
f 3036 3043 3034
f 3034 3043 3041
f 2847 3036 2845
f 3043 3036 2847
f 3035 3042 3038
f 3042 3044 3038
f 3044 3039 3038
f 3045 3039 3044
f 3041 3046 3042
f 3047 3046 3041
f 3047 3041 3048
f 3048 3041 3043
f 2851 3043 2847
f 3048 3043 2851
f 3046 3049 3050
f 3046 3050 3042
f 3042 3050 3044
f 3047 3049 3046
f 3050 3045 3044
f 3051 3045 3050
f 3048 3052 3053
f 3047 3048 3053
f 2854 3048 2851
f 3052 3048 2854
f 3049 3054 3055
f 3050 3049 3055
f 3053 3049 3047
f 3054 3049 3053
f 3052 3056 3057
f 3053 3052 3057
f 2857 3052 2854
f 3056 3052 2857
f 3054 3058 3059
f 3055 3054 3059
f 3057 3054 3053
f 3058 3054 3057
f 3056 3060 3061
f 3057 3056 3061
f 2857 3060 3056
f 2857 3062 3060
f 2857 2858 3062
f 3063 3060 3062
f 3061 3058 3057
f 3064 3058 3061
f 3062 3065 3063
f 3060 3066 3061
f 3060 3063 3066
f 3066 3064 3061
f 3066 3067 3064
f 3067 3068 3064
f 3063 3067 3066
f 3063 3065 3067
f 3065 3069 3067
f 3069 3070 3067
f 3067 3070 3071
f 2914 3072 2912
f 3072 3073 2912
f 3074 2914 2915
f 3072 2914 3074
f 2918 3075 2919
f 3076 3072 3074
f 3076 3077 3072
f 3077 3078 3072
f 3076 3079 3077
f 3080 3077 3079
f 3081 3077 3080
f 2942 3082 3074
f 2915 2942 3074
f 3074 3082 3076
f 3079 3076 3082
f 3079 3082 3083
f 3083 3082 3084
f 3085 3086 3087
f 3086 3088 3087
f 3089 3090 3091
f 3090 3092 3091
f 3088 3093 3089
f 3093 3090 3089
f 3086 3094 3088
f 3094 3093 3088
f 3095 3096 3097
f 3096 3098 3097
f 3092 3099 3095
f 3099 3096 3095
f 3090 3100 3092
f 3100 3099 3092
f 3093 3101 3090
f 3101 3100 3090
f 3094 3102 3093
f 3102 3101 3093
f 3098 3103 3104
f 3103 3105 3104
f 3096 3106 3098
f 3106 3103 3098
f 3099 3107 3096
f 3107 3106 3096
f 3100 3108 3099
f 3108 3107 3099
f 3101 3109 3100
f 3109 3108 3100
f 3102 3110 3101
f 3110 3109 3101
f 3111 3112 3113
f 3112 2137 3113
f 3105 3114 3111
f 3114 3112 3111
f 3103 3115 3105
f 3115 3114 3105
f 3106 3116 3103
f 3116 3115 3103
f 3107 3117 3106
f 3117 3116 3106
f 3108 3118 3107
f 3118 3117 3107
f 3109 3119 3108
f 3119 3118 3108
f 3110 3120 3109
f 3120 3119 3109
f 3112 3121 2137
f 3121 2138 2137
f 3114 3122 3112
f 3122 3121 3112
f 3115 3123 3114
f 3123 3122 3114
f 3116 3124 3115
f 3124 3123 3115
f 3117 3125 3116
f 3125 3124 3116
f 3118 3126 3117
f 3126 3125 3117
f 3119 3127 3118
f 3127 3126 3118
f 3120 3128 3119
f 3128 3127 3119
f 3121 3129 2138
f 3129 2145 2138
f 3122 3130 3121
f 3130 3129 3121
f 3123 3131 3122
f 3131 3130 3122
f 3124 3132 3123
f 3132 3131 3123
f 3125 3133 3124
f 3133 3132 3124
f 3126 3134 3125
f 3134 3133 3125
f 3127 3135 3126
f 3135 3134 3126
f 3128 3136 3127
f 3136 3135 3127
f 3129 3137 2145
f 3137 2156 2145
f 3130 3138 3129
f 3138 3137 3129
f 3131 3139 3130
f 3139 3138 3130
f 3132 3140 3131
f 3140 3139 3131
f 3133 3141 3132
f 3141 3140 3132
f 3134 3142 3133
f 3142 3141 3133
f 3135 3143 3134
f 3143 3142 3134
f 3136 3144 3135
f 3144 3143 3135
f 3145 3146 3147
f 3145 3148 3149
f 3146 3145 3149
f 3150 3151 3152
f 3150 3153 3154
f 3151 3150 3154
f 3147 3154 3153
f 3147 3153 3145
f 3145 3153 3155
f 3156 3157 3158
f 3152 3157 3156
f 3152 3156 3150
f 3150 3156 3159
f 3153 3150 3160
f 3160 3150 3159
f 2203 3161 3162
f 2204 2203 3162
f 3158 3162 3161
f 3158 3161 3156
f 3156 3161 3163
f 3161 2203 3164
f 3164 2203 2209
f 3165 3166 3167
f 3165 3147 3146
f 3165 3146 3166
f 3166 3146 3168
f 3169 3149 3170
f 3169 3168 3149
f 3168 3146 3149
f 3171 3170 3149
f 3151 3172 3173
f 3152 3151 3173
f 3167 3154 3165
f 3167 3172 3154
f 3172 3151 3154
f 3147 3165 3154
f 3174 3175 3176
f 3174 3158 3157
f 3174 3157 3175
f 3175 3157 3177
f 3173 3157 3152
f 3177 3157 3173
f 3176 3162 3174
f 3176 2210 3162
f 2210 2204 3162
f 3158 3174 3162
f 3166 3178 3167
f 3166 3168 3179
f 3178 3166 3179
f 3168 3169 3180
f 3168 3180 3179
f 3179 3180 3181
f 3182 3183 3180
f 3183 3181 3180
f 3184 3185 3182
f 3185 3183 3182
f 3172 3186 3173
f 3172 3167 3178
f 3172 3178 3186
f 3186 3178 3187
f 3179 3188 3178
f 3188 3187 3178
f 3181 3189 3179
f 3189 3188 3179
f 3183 3190 3181
f 3190 3189 3181
f 3185 3191 3183
f 3191 3190 3183
f 3175 3192 3176
f 3175 3177 3193
f 3192 3175 3193
f 3177 3173 3186
f 3177 3186 3193
f 3193 3186 3194
f 3187 3195 3186
f 3195 3194 3186
f 3188 3196 3187
f 3196 3195 3187
f 3189 3197 3188
f 3197 3196 3188
f 3190 3198 3189
f 3198 3197 3189
f 3199 3191 3200
f 3199 3198 3191
f 3198 3190 3191
f 2210 3176 3192
f 2210 3192 2216
f 2216 3192 3201
f 3193 3202 3192
f 3202 3201 3192
f 3194 3203 3193
f 3203 3202 3193
f 3195 3204 3194
f 3204 3203 3194
f 3196 3205 3195
f 3205 3204 3195
f 3206 3197 3207
f 3206 3205 3197
f 3205 3196 3197
f 3198 3207 3197
f 3208 3207 3198
f 3199 3208 3198
f 3201 3209 2216
f 3209 2219 2216
f 3202 3210 3201
f 3210 3209 3201
f 3203 3211 3202
f 3211 3210 3202
f 3204 3212 3203
f 3212 3211 3203
f 3213 3205 3214
f 3213 3212 3205
f 3212 3204 3205
f 3206 3214 3205
f 3200 3215 3216
f 3199 3200 3216
f 3207 3217 3206
f 3218 3217 3207
f 3218 3207 3219
f 3219 3207 3208
f 3216 3208 3199
f 3219 3208 3216
f 3214 3220 3213
f 3214 3221 3220
f 3206 3221 3214
f 3206 3222 3221
f 3206 3217 3222
f 3218 3222 3217
f 3137 3223 2156
f 3223 2227 2156
f 3138 3224 3137
f 3224 3223 3137
f 3139 3225 3138
f 3225 3224 3138
f 3140 3226 3139
f 3226 3225 3139
f 3141 3227 3140
f 3227 3226 3140
f 3142 3228 3141
f 3228 3227 3141
f 3143 3229 3142
f 3229 3228 3142
f 3144 3230 3143
f 3230 3229 3143
f 3223 3231 2227
f 3231 2235 2227
f 3224 3232 3223
f 3232 3231 3223
f 3225 3233 3224
f 3233 3232 3224
f 3226 3234 3225
f 3234 3233 3225
f 3227 3235 3226
f 3235 3234 3226
f 3228 3236 3227
f 3236 3235 3227
f 3229 3237 3228
f 3237 3236 3228
f 3230 3238 3229
f 3238 3237 3229
f 3231 3239 2235
f 3239 2243 2235
f 3232 3240 3231
f 3240 3239 3231
f 3233 3241 3232
f 3241 3240 3232
f 3234 3242 3233
f 3242 3241 3233
f 3235 3243 3234
f 3243 3242 3234
f 3236 3244 3235
f 3244 3243 3235
f 3237 3245 3236
f 3245 3244 3236
f 3238 3246 3237
f 3246 3245 3237
f 3239 3247 2243
f 3247 2251 2243
f 3240 3248 3239
f 3248 3247 3239
f 3241 3249 3240
f 3249 3248 3240
f 3242 3250 3241
f 3250 3249 3241
f 3243 3251 3242
f 3251 3250 3242
f 3244 3252 3243
f 3252 3251 3243
f 3245 3253 3244
f 3253 3252 3244
f 3246 3254 3245
f 3254 3253 3245
f 3247 3255 2251
f 3255 2259 2251
f 3248 3256 3247
f 3256 3255 3247
f 3249 3257 3248
f 3257 3256 3248
f 3250 3258 3249
f 3258 3257 3249
f 3251 3259 3250
f 3259 3258 3250
f 3252 3260 3251
f 3260 3259 3251
f 3253 3261 3252
f 3261 3260 3252
f 3254 3262 3253
f 3262 3261 3253
f 3255 3263 2259
f 3263 2267 2259
f 3256 3264 3255
f 3264 3263 3255
f 3257 3265 3256
f 3265 3264 3256
f 3258 3266 3257
f 3266 3265 3257
f 3259 3267 3258
f 3267 3266 3258
f 3260 3268 3259
f 3268 3267 3259
f 3261 3269 3260
f 3269 3268 3260
f 3262 3270 3261
f 3270 3269 3261
f 3263 3271 2267
f 3271 2275 2267
f 3264 3272 3263
f 3272 3271 3263
f 3265 3273 3264
f 3273 3272 3264
f 3266 3274 3265
f 3274 3273 3265
f 3267 3275 3266
f 3275 3274 3266
f 3268 3276 3267
f 3276 3275 3267
f 3269 3277 3268
f 3277 3276 3268
f 3270 3278 3269
f 3278 3277 3269
f 3271 3279 2275
f 3279 2283 2275
f 3272 3280 3271
f 3280 3279 3271
f 3273 3281 3272
f 3281 3280 3272
f 3274 3282 3273
f 3282 3281 3273
f 3275 3283 3274
f 3283 3282 3274
f 3276 3284 3275
f 3284 3283 3275
f 3277 3285 3276
f 3285 3284 3276
f 3278 3286 3277
f 3286 3285 3277
f 3209 3287 2219
f 3287 2357 2219
f 3210 3288 3209
f 3288 3287 3209
f 3211 3289 3210
f 3289 3288 3210
f 3212 3290 3211
f 3290 3289 3211
f 3291 3212 3213
f 3291 3292 3212
f 3292 3290 3212
f 3291 3293 3292
f 3287 3294 2357
f 3294 2362 2357
f 3288 3295 3287
f 3295 3294 3287
f 3289 3296 3288
f 3296 3295 3288
f 3290 3297 3289
f 3297 3296 3289
f 3292 3298 3290
f 3298 3297 3290
f 3299 3292 3293
f 3298 3292 3299
f 3300 3294 3301
f 3300 2368 3294
f 2368 2362 3294
f 3295 3301 3294
f 3302 3301 3295
f 3296 3302 3295
f 3303 3302 3296
f 3303 3304 3305
f 3303 3296 3304
f 3296 3297 3304
f 3306 3298 3307
f 3306 3304 3298
f 3304 3297 3298
f 3299 3307 3298
f 3300 2376 2368
f 3304 3308 3305
f 3309 3310 3311
f 3306 3308 3304
f 3309 3312 3310
f 3310 3313 3311
f 3314 3315 3316
f 3312 3313 3310
f 3314 3317 3315
f 3315 3318 3316
f 3317 3318 3315
f 3213 3220 3291
f 3220 3293 3291
f 3220 3221 3293
f 3221 3319 3293
f 3320 3321 3299
f 3320 3299 3319
f 3319 3299 3293
f 3320 3322 3321
f 3301 3323 3300
f 3301 3302 3324
f 3323 3301 3324
f 3302 3303 3325
f 3324 3302 3325
f 3303 3305 3325
f 3307 3326 3306
f 3307 3299 3321
f 3307 3321 3326
f 3326 3321 3327
f 3328 3321 3322
f 3328 3329 3321
f 3329 3327 3321
f 3328 3330 3329
f 2376 3331 2402
f 3300 3331 2376
f 3300 3332 3331
f 3300 3323 3332
f 3324 3332 3323
f 3333 3332 3324
f 3333 3334 3335
f 3333 3324 3334
f 3324 3325 3334
f 3305 3308 3336
f 3305 3336 3325
f 3325 3336 3334
f 3308 3306 3326
f 3308 3326 3336
f 3309 3311 3326
f 3311 3336 3326
f 3312 3309 3326
f 3312 3326 3337
f 3337 3326 3327
f 3329 3338 3327
f 3338 3337 3327
f 3339 3329 3330
f 3338 3329 3339
f 3331 2405 2402
f 3340 3335 3334
f 3341 3335 3340
f 3336 3342 3334
f 3342 3340 3334
f 3311 3313 3343
f 3311 3343 3336
f 3336 3343 3342
f 3313 3312 3337
f 3313 3337 3343
f 3314 3316 3337
f 3316 3343 3337
f 3317 3314 3337
f 3317 3337 3344
f 3344 3337 3338
f 3345 3338 3339
f 3344 3338 3345
f 3340 3346 3341
f 3346 3347 3348
f 3346 3340 3347
f 3340 3342 3347
f 3343 3349 3342
f 3349 3347 3342
f 3316 3318 3350
f 3316 3350 3343
f 3343 3350 3349
f 3318 3317 3344
f 3318 3344 3350
f 3350 3344 3351
f 3352 3344 3345
f 3352 3353 3344
f 3353 3351 3344
f 3347 3354 3348
f 3349 3354 3347
f 3355 3354 3349
f 3355 3356 3357
f 3355 3349 3356
f 3349 3350 3356
f 3351 3358 3350
f 3358 3356 3350
f 3353 3359 3351
f 3359 3358 3351
f 2422 3360 2423
f 3361 3357 3356
f 3362 3357 3361
f 3358 3363 3356
f 3363 3361 3356
f 3359 3364 3358
f 3364 3363 3358
f 3279 3365 2283
f 3365 2434 2283
f 3280 3366 3279
f 3366 3365 3279
f 3281 3367 3280
f 3367 3366 3280
f 3282 3368 3281
f 3368 3367 3281
f 3283 3369 3282
f 3369 3368 3282
f 3284 3370 3283
f 3370 3369 3283
f 3285 3371 3284
f 3371 3370 3284
f 3286 3372 3285
f 3372 3371 3285
f 3365 3373 2434
f 3373 2442 2434
f 3366 3374 3365
f 3374 3373 3365
f 3367 3375 3366
f 3375 3374 3366
f 3368 3376 3367
f 3376 3375 3367
f 3369 3377 3368
f 3377 3376 3368
f 3370 3378 3369
f 3378 3377 3369
f 3371 3379 3370
f 3379 3378 3370
f 3372 3380 3371
f 3380 3379 3371
f 3373 3381 2442
f 3381 2450 2442
f 3374 3382 3373
f 3382 3381 3373
f 3375 3383 3374
f 3383 3382 3374
f 3376 3384 3375
f 3384 3383 3375
f 3377 3385 3376
f 3385 3384 3376
f 3378 3386 3377
f 3386 3385 3377
f 3379 3387 3378
f 3387 3386 3378
f 3381 3388 2450
f 3388 2458 2450
f 3382 3389 3381
f 3389 3388 3381
f 3383 3390 3382
f 3390 3389 3382
f 3384 3391 3383
f 3391 3390 3383
f 3385 3392 3384
f 3392 3391 3384
f 3386 3393 3385
f 3393 3392 3385
f 3387 3394 3386
f 3394 3393 3386
f 3388 3395 2458
f 3395 2466 2458
f 3389 3396 3388
f 3396 3395 3388
f 3390 3397 3389
f 3397 3396 3389
f 3391 3398 3390
f 3398 3397 3390
f 3392 3399 3391
f 3399 3398 3391
f 3400 3393 3401
f 3400 3399 3393
f 3399 3392 3393
f 3395 3402 2466
f 3402 2476 2466
f 3396 3403 3395
f 3403 3402 3395
f 3397 3404 3396
f 3404 3403 3396
f 3398 3405 3397
f 3405 3404 3397
f 3406 3399 3407
f 3406 3405 3399
f 3405 3398 3399
f 3408 3409 3410
f 3400 3407 3399
f 3402 3411 2476
f 3411 2484 2476
f 3403 3412 3402
f 3412 3411 3402
f 3404 3413 3403
f 3413 3412 3403
f 3405 3414 3404
f 3414 3413 3404
f 3415 3405 3406
f 3414 3405 3415
f 3411 3416 2484
f 3416 2492 2484
f 3412 3417 3411
f 3417 3416 3411
f 3413 3418 3412
f 3418 3417 3412
f 3419 3414 3420
f 3419 3418 3414
f 3418 3413 3414
f 3415 3420 3414
f 3407 3421 3406
f 3420 3422 3419
f 3416 3423 2492
f 3423 3424 2492
f 3417 3425 3416
f 3425 3423 3416
f 3418 3426 3417
f 3426 3425 3417
f 3427 3418 3419
f 3426 3418 3427
f 3426 3428 3425
f 3428 3429 3425
f 3430 3426 3427
f 3428 3426 3430
f 3431 3432 2692
f 3432 2700 2692
f 3432 3433 2700
f 3433 2708 2700
f 3434 3435 3432
f 3435 3433 3432
f 3433 3436 2708
f 3436 2716 2708
f 3435 3437 3433
f 3437 3436 3433
f 3438 3439 3435
f 3439 3437 3435
f 3436 3440 2716
f 3440 2778 2716
f 3441 3437 3442
f 3441 3440 3437
f 3440 3436 3437
f 3440 3443 2778
f 3443 2786 2778
f 3444 3440 3441
f 3443 3440 3444
f 3443 3445 2786
f 3445 2794 2786
f 3446 3443 3444
f 3445 3443 3446
f 3445 3447 2794
f 3447 2802 2794
f 3448 3445 3446
f 3447 3445 3448
f 3447 3449 2802
f 3449 2810 2802
f 3450 3447 3448
f 3449 3447 3450
f 3449 3451 2810
f 3451 2818 2810
f 3452 3449 3450
f 3452 3453 3449
f 3453 3451 3449
f 3452 3454 3453
f 3451 3455 2818
f 3455 2826 2818
f 3453 3456 3451
f 3456 3455 3451
f 3457 3453 3454
f 3456 3453 3457
f 3455 3458 2826
f 3458 2834 2826
f 3456 3459 3455
f 3459 3458 3455
f 3460 3456 3457
f 3460 3461 3456
f 3461 3459 3456
f 3462 3463 3450
f 3448 3462 3450
f 3450 3463 3452
f 3457 3464 3460
f 3465 3466 3467
f 3465 3468 3469
f 3466 3465 3469
f 3470 3471 3472
f 3470 3467 3466
f 3470 3466 3471
f 3471 3466 3473
f 3474 3469 3475
f 3474 3473 3469
f 3473 3466 3469
f 3476 3475 3469
f 3477 3478 3479
f 3477 3480 3481
f 3478 3477 3481
f 3480 3482 3481
f 3480 3474 3482
f 3474 3483 3482
f 3479 2836 2835
f 3477 3479 2835
f 3477 2835 3472
f 3477 3472 3471
f 3473 3477 3471
f 3480 3477 3473
f 3474 3480 3473
f 3484 3485 3486
f 3484 3486 3487
f 3487 3486 3482
f 3488 3485 3484
f 3478 3489 3490
f 3479 3478 3490
f 3481 3491 3478
f 3478 3491 3489
f 3486 3481 3482
f 3491 3481 3486
f 3490 2836 3479
f 2838 2836 3490
f 3492 3493 3494
f 3492 3486 3485
f 3492 3485 3493
f 3493 3485 3495
f 3496 3485 3488
f 3495 3485 3496
f 3489 3497 3498
f 3490 3489 3498
f 3494 3491 3492
f 3494 3497 3491
f 3497 3489 3491
f 3486 3492 3491
f 3498 2838 3490
f 2840 2838 3498
f 3499 3500 3501
f 3499 3502 3500
f 3499 3496 3502
f 3496 3503 3502
f 3493 3504 3505
f 3494 3493 3505
f 3501 3495 3499
f 3501 3504 3495
f 3504 3493 3495
f 3496 3499 3495
f 3497 3506 3507
f 3498 3497 3507
f 3505 3497 3494
f 3506 3497 3505
f 3507 2840 3498
f 2842 2840 3507
f 3508 3509 3502
f 3508 3510 3509
f 3511 3510 3508
f 3511 3512 3510
f 3511 3513 3512
f 3514 3512 3513
f 3500 3515 3516
f 3501 3500 3516
f 3509 3500 3502
f 3509 3517 3500
f 3517 3515 3500
f 3510 3517 3509
f 3504 3518 3519
f 3505 3504 3519
f 3516 3504 3501
f 3518 3504 3516
f 3506 3520 3521
f 3507 3506 3521
f 3519 3506 3505
f 3520 3506 3519
f 3521 2842 3507
f 2844 2842 3521
f 3522 3523 3524
f 3525 3522 3524
f 3526 3522 3527
f 3523 3522 3526
f 3528 3529 3530
f 3514 3528 3530
f 3524 3528 3525
f 3529 3528 3524
f 3531 3532 3533
f 3531 3510 3512
f 3531 3512 3532
f 3532 3512 3534
f 3530 3512 3514
f 3534 3512 3530
f 3515 3535 3536
f 3516 3515 3536
f 3533 3517 3531
f 3533 3535 3517
f 3535 3515 3517
f 3510 3531 3517
f 3518 3537 3538
f 3519 3518 3538
f 3536 3518 3516
f 3537 3518 3536
f 3520 3539 3540
f 3521 3520 3540
f 3538 3520 3519
f 3539 3520 3538
f 3540 2844 3521
f 2846 2844 3540
f 3541 3542 3526
f 3523 3543 3544
f 3524 3523 3544
f 3542 3523 3526
f 3542 3545 3523
f 3545 3543 3523
f 3529 3546 3547
f 3530 3529 3547
f 3544 3529 3524
f 3546 3529 3544
f 3532 3548 3549
f 3533 3532 3549
f 3534 3550 3532
f 3532 3550 3548
f 3547 3534 3530
f 3550 3534 3547
f 3535 3551 3552
f 3536 3535 3552
f 3549 3535 3533
f 3551 3535 3549
f 3553 3554 3555
f 3553 3538 3537
f 3553 3537 3554
f 3554 3537 3556
f 3552 3537 3536
f 3556 3537 3552
f 3555 2849 2848
f 3553 3555 2848
f 3553 2848 3540
f 3553 3540 3539
f 3538 3553 3539
f 3540 2848 2846
f 3543 3557 3558
f 3544 3543 3558
f 3545 3559 3543
f 3543 3559 3557
f 3560 3561 3562
f 3560 3547 3546
f 3560 3546 3561
f 3561 3546 3563
f 3558 3546 3544
f 3563 3546 3558
f 3548 3564 3565
f 3549 3548 3565
f 3562 3550 3560
f 3562 3564 3550
f 3564 3548 3550
f 3547 3560 3550
f 3551 3566 3567
f 3552 3551 3567
f 3565 3551 3549
f 3566 3551 3565
f 3554 3568 3569
f 3555 3554 3569
f 3556 3570 3554
f 3554 3570 3568
f 3567 3556 3552
f 3570 3556 3567
f 3569 2849 3555
f 2852 2849 3569
f 3557 3571 3572
f 3558 3557 3572
f 3559 3573 3557
f 3557 3573 3571
f 3561 3574 3562
f 3575 3574 3561
f 3575 3561 3576
f 3576 3561 3563
f 3572 3563 3558
f 3576 3563 3572
f 3564 3577 3578
f 3565 3564 3578
f 3574 3564 3562
f 3574 3579 3564
f 3579 3577 3564
f 3575 3579 3574
f 3566 3580 3581
f 3567 3566 3581
f 3578 3566 3565
f 3580 3566 3578
f 3568 3582 3569
f 3583 3582 3568
f 3583 3568 3584
f 3584 3568 3570
f 3581 3570 3567
f 3584 3570 3581
f 2852 3585 2855
f 3569 3585 2852
f 3569 3586 3585
f 3569 3582 3586
f 3583 3586 3582
f 3585 2856 2855
f 3571 3587 3572
f 3571 3573 3588
f 3587 3571 3588
f 3576 3589 3575
f 3576 3572 3587
f 3576 3587 3589
f 3589 3587 3590
f 3591 3588 3592
f 3591 3590 3588
f 3590 3587 3588
f 3577 3593 3578
f 3577 3579 3594
f 3593 3577 3594
f 3579 3575 3589
f 3579 3589 3594
f 3594 3589 3595
f 3596 3590 3597
f 3596 3595 3590
f 3595 3589 3590
f 3591 3597 3590
f 3580 3598 3581
f 3580 3578 3593
f 3580 3593 3598
f 3598 3593 3599
f 3594 3600 3593
f 3600 3599 3593
f 3601 3595 3602
f 3601 3600 3595
f 3600 3594 3595
f 3596 3602 3595
f 3584 3603 3583
f 3584 3581 3598
f 3584 3598 3603
f 3603 3598 3604
f 3605 3599 3606
f 3605 3604 3599
f 3604 3598 3599
f 3600 3606 3599
f 3607 3606 3600
f 3601 3607 3600
f 3586 3608 3585
f 3586 3583 3603
f 3586 3603 3608
f 3608 3603 3609
f 3610 3604 3611
f 3610 3609 3604
f 3609 3603 3604
f 3605 3611 3604
f 2856 3585 3608
f 2856 3608 2858
f 2858 3608 3612
f 3613 3609 3614
f 3613 3612 3609
f 3612 3608 3609
f 3610 3614 3609
f 3592 3615 3591
f 3597 3616 3596
f 3597 3591 3615
f 3597 3615 3616
f 3616 3615 3617
f 3602 3618 3601
f 3602 3596 3616
f 3602 3616 3618
f 3618 3616 3619
f 3617 3620 3616
f 3620 3619 3616
f 3606 3621 3605
f 3606 3607 3622
f 3621 3606 3622
f 3607 3601 3618
f 3607 3618 3622
f 3622 3618 3623
f 3619 3624 3618
f 3624 3623 3618
f 3620 3625 3619
f 3625 3624 3619
f 3611 3626 3610
f 3611 3605 3621
f 3611 3621 3626
f 3626 3621 3627
f 3622 3628 3621
f 3628 3627 3621
f 3623 3629 3622
f 3629 3628 3622
f 3624 3630 3623
f 3630 3629 3623
f 3625 3631 3624
f 3631 3630 3624
f 3614 3632 3613
f 3614 3610 3626
f 3614 3626 3632
f 3632 3626 3633
f 3627 3634 3626
f 3634 3633 3626
f 3628 3635 3627
f 3635 3634 3627
f 3629 3636 3628
f 3636 3635 3628
f 3630 3637 3629
f 3637 3636 3629
f 3631 3638 3630
f 3638 3637 3630
f 3458 3639 2834
f 3639 2866 2834
f 3459 3640 3458
f 3640 3639 3458
f 3461 3641 3459
f 3641 3640 3459
f 3642 3461 3643
f 3641 3461 3642
f 3639 3644 2866
f 3644 2874 2866
f 3640 3645 3639
f 3645 3644 3639
f 3641 3646 3640
f 3646 3645 3640
f 3647 3641 3642
f 3646 3641 3647
f 3644 3648 2874
f 3648 2885 2874
f 3649 3645 3650
f 3649 3648 3645
f 3648 3644 3645
f 3646 3650 3645
f 3651 3650 3646
f 3647 3651 3646
f 3648 2894 2885
f 3652 2894 3648
f 3649 3652 3648
f 3653 3654 3642
f 3653 3642 3655
f 3655 3642 3643
f 3654 3656 3647
f 3642 3654 3647
f 3650 3657 3649
f 3650 3651 3658
f 3657 3650 3658
f 3651 3647 3656
f 3651 3656 3658
f 3658 3656 3659
f 3660 3661 2926
f 3660 2926 3652
f 3652 2926 2894
f 3652 3649 3657
f 3652 3657 3660
f 3660 3657 3662
f 3658 3663 3657
f 3663 3662 3657
f 3660 3664 3661
f 3664 3665 3666
f 3664 3660 3665
f 3660 3662 3665
f 3667 3668 3669
f 3667 3670 3671
f 3668 3667 3671
f 3672 3671 3655
f 3672 3655 3673
f 3671 3670 3655
f 3653 3655 3674
f 3670 3674 3655
f 3675 3676 3677
f 3669 3676 3675
f 3669 3675 3667
f 3667 3675 3678
f 3679 3680 3670
f 3679 3670 3678
f 3678 3670 3667
f 3674 3670 3680
f 3681 3674 3680
f 3682 3683 3675
f 3682 3675 2947
f 3677 2948 3675
f 2948 2947 3675
f 3683 3684 3685
f 3683 3685 3675
f 3675 3685 3678
f 3661 3686 3687
f 2926 3661 3687
f 2926 3687 3682
f 2926 3682 2947
f 2963 3688 3689
f 2964 2963 3689
f 3467 3689 3688
f 3465 3467 3688
f 3465 3688 3669
f 3465 3669 3668
f 3671 3465 3668
f 3468 3465 3671
f 3672 3468 3671
f 3690 3468 3672
f 3676 2971 3677
f 3676 3688 2971
f 3688 2963 2971
f 3669 3688 3676
f 3680 3679 3691
f 3677 2971 2948
f 3683 3682 3692
f 3472 3689 3470
f 3472 2986 3689
f 2986 2964 3689
f 3467 3470 3689
f 3472 2835 2986
f 3612 3693 2858
f 3693 3062 2858
f 3694 3612 3613
f 3693 3612 3694
f 3065 3695 3696
f 3065 3062 3695
f 3062 3693 3695
f 3697 3693 3694
f 3695 3693 3697
f 3695 3698 3696
f 3697 3698 3695
f 3699 3700 3701
f 3701 3702 3699
f 3702 3703 3699
f 3632 3704 3694
f 3613 3632 3694
f 3633 3705 3632
f 3705 3704 3632
f 3634 3706 3633
f 3706 3705 3633
f 3635 3707 3634
f 3707 3706 3634
f 3636 3708 3635
f 3708 3707 3635
f 3637 3709 3636
f 3709 3708 3636
f 3638 3710 3637
f 3710 3709 3637
f 3069 3065 3696
f 3711 3069 3696
f 3704 3712 3697
f 3694 3704 3697
f 3705 3713 3704
f 3713 3712 3704
f 3706 3714 3705
f 3714 3713 3705
f 3707 3715 3706
f 3715 3714 3706
f 3708 3716 3707
f 3716 3715 3707
f 3709 3717 3708
f 3717 3716 3708
f 3718 3710 3719
f 3718 3717 3710
f 3717 3709 3710
f 3696 3720 3711
f 3698 3720 3696
f 3697 3720 3698
f 3697 3721 3720
f 3697 3712 3721
f 3722 3720 3721
f 3713 3723 3712
f 3723 3721 3712
f 3714 3724 3713
f 3724 3723 3713
f 3715 3725 3714
f 3725 3724 3714
f 3716 3726 3715
f 3726 3725 3715
f 3727 3717 3728
f 3727 3726 3717
f 3726 3716 3717
f 3718 3728 3717
f 3721 3729 3722
f 3701 3700 3730
f 3701 3730 3721
f 3701 3721 3723
f 3721 3730 3729
f 3702 3701 3723
f 3702 3723 3731
f 3731 3723 3724
f 3725 3732 3724
f 3732 3731 3724
f 3733 3726 3734
f 3733 3732 3726
f 3732 3725 3726
f 3727 3734 3726
f 3703 3702 3731
f 3703 3731 3735
f 3735 3731 3736
f 3732 3737 3731
f 3737 3736 3731
f 3738 3732 3733
f 3737 3732 3738
f 3737 3739 3736
f 3739 3740 3736
f 3741 3737 3738
f 3739 3737 3741
f 3739 3742 3740
f 3743 3742 3739
f 3741 3743 3739
f 3070 3069 3711
f 3744 3070 3711
f 3719 3745 3718
f 3711 3746 3744
f 3720 3746 3711
f 3746 3720 3722
f 3747 3746 3722
f 3728 3748 3727
f 3728 3718 3745
f 3728 3745 3748
f 3748 3745 3749
f 3750 3722 3729
f 3750 3751 3722
f 3751 3747 3722
f 3729 3730 3750
f 3734 3752 3753
f 3733 3734 3753
f 3748 3734 3727
f 3748 3754 3734
f 3754 3752 3734
f 3749 3754 3748
f 3755 3754 3749
f 3756 3757 3758
f 3756 3753 3757
f 3756 3738 3753
f 3738 3733 3753
f 3759 3756 3758
f 3760 3759 3758
f 3738 3759 3741
f 3756 3759 3738
f 3760 3743 3759
f 3760 3761 3743
f 3761 3742 3743
f 3741 3759 3743
f 3762 3763 3085
f 3763 3086 3085
f 3764 3765 3762
f 3765 3763 3762
f 3766 3767 3764
f 3767 3765 3764
f 3768 3769 3766
f 3769 3767 3766
f 3770 3771 3768
f 3771 3769 3768
f 3772 3773 3770
f 3773 3771 3770
f 3774 3775 3772
f 3775 3773 3772
f 3776 3777 3774
f 3777 3775 3774
f 3763 3778 3086
f 3778 3094 3086
f 3765 3779 3763
f 3779 3778 3763
f 3767 3780 3765
f 3780 3779 3765
f 3769 3781 3767
f 3781 3780 3767
f 3771 3782 3769
f 3782 3781 3769
f 3773 3783 3771
f 3783 3782 3771
f 3775 3784 3773
f 3784 3783 3773
f 3777 3785 3775
f 3785 3784 3775
f 3778 3786 3094
f 3786 3102 3094
f 3779 3787 3778
f 3787 3786 3778
f 3780 3788 3779
f 3788 3787 3779
f 3781 3789 3780
f 3789 3788 3780
f 3782 3790 3781
f 3790 3789 3781
f 3783 3791 3782
f 3791 3790 3782
f 3784 3792 3783
f 3792 3791 3783
f 3785 3793 3784
f 3793 3792 3784
f 3786 3794 3102
f 3794 3110 3102
f 3787 3795 3786
f 3795 3794 3786
f 3788 3796 3787
f 3796 3795 3787
f 3789 3797 3788
f 3797 3796 3788
f 3790 3798 3789
f 3798 3797 3789
f 3791 3799 3790
f 3799 3798 3790
f 3792 3800 3791
f 3800 3799 3791
f 3793 3801 3792
f 3801 3800 3792
f 3794 3802 3110
f 3802 3120 3110
f 3795 3803 3794
f 3803 3802 3794
f 3796 3804 3795
f 3804 3803 3795
f 3797 3805 3796
f 3805 3804 3796
f 3798 3806 3797
f 3806 3805 3797
f 3799 3807 3798
f 3807 3806 3798
f 3800 3808 3799
f 3808 3807 3799
f 3801 3809 3800
f 3809 3808 3800
f 3802 3810 3120
f 3810 3128 3120
f 3803 3811 3802
f 3811 3810 3802
f 3804 3812 3803
f 3812 3811 3803
f 3805 3813 3804
f 3813 3812 3804
f 3806 3814 3805
f 3814 3813 3805
f 3807 3815 3806
f 3815 3814 3806
f 3808 3816 3807
f 3816 3815 3807
f 3809 3817 3808
f 3817 3816 3808
f 3810 3818 3128
f 3818 3136 3128
f 3811 3819 3810
f 3819 3818 3810
f 3812 3820 3811
f 3820 3819 3811
f 3813 3821 3812
f 3821 3820 3812
f 3814 3822 3813
f 3822 3821 3813
f 3815 3823 3814
f 3823 3822 3814
f 3816 3824 3815
f 3824 3823 3815
f 3817 3825 3816
f 3825 3824 3816
f 3818 3826 3136
f 3826 3144 3136
f 3819 3827 3818
f 3827 3826 3818
f 3820 3828 3819
f 3828 3827 3819
f 3821 3829 3820
f 3829 3828 3820
f 3822 3830 3821
f 3830 3829 3821
f 3823 3831 3822
f 3831 3830 3822
f 3824 3832 3823
f 3832 3831 3823
f 3825 3833 3824
f 3833 3832 3824
f 3772 3834 3835
f 3774 3772 3835
f 3836 3774 3835
f 3776 3774 3836
f 3837 3776 3836
f 3834 3838 3839
f 3835 3834 3839
f 3836 3835 3840
f 3835 3839 3840
f 3837 3836 3841
f 3836 3840 3841
f 3838 3842 3839
f 3842 3843 3844
f 3842 3844 3839
f 3839 3844 3840
f 3841 3840 3845
f 3840 3844 3845
f 3826 3846 3144
f 3846 3230 3144
f 3827 3847 3826
f 3847 3846 3826
f 3828 3848 3827
f 3848 3847 3827
f 3829 3849 3828
f 3849 3848 3828
f 3830 3850 3829
f 3850 3849 3829
f 3831 3851 3830
f 3851 3850 3830
f 3832 3852 3831
f 3852 3851 3831
f 3833 3853 3832
f 3853 3852 3832
f 3846 3854 3230
f 3854 3238 3230
f 3847 3855 3846
f 3855 3854 3846
f 3848 3856 3847
f 3856 3855 3847
f 3849 3857 3848
f 3857 3856 3848
f 3850 3858 3849
f 3858 3857 3849
f 3851 3859 3850
f 3859 3858 3850
f 3852 3860 3851
f 3860 3859 3851
f 3854 3861 3238
f 3861 3246 3238
f 3855 3862 3854
f 3862 3861 3854
f 3856 3863 3855
f 3863 3862 3855
f 3857 3864 3856
f 3864 3863 3856
f 3858 3865 3857
f 3865 3864 3857
f 3859 3866 3858
f 3866 3865 3858
f 3861 3867 3246
f 3867 3254 3246
f 3862 3868 3861
f 3868 3867 3861
f 3863 3869 3862
f 3869 3868 3862
f 3864 3870 3863
f 3870 3869 3863
f 3865 3871 3864
f 3871 3870 3864
f 3867 3872 3254
f 3872 3262 3254
f 3868 3873 3867
f 3873 3872 3867
f 3869 3874 3868
f 3874 3873 3868
f 3870 3875 3869
f 3875 3874 3869
f 3872 3876 3262
f 3876 3270 3262
f 3873 3877 3872
f 3877 3876 3872
f 3874 3878 3873
f 3878 3877 3873
f 3876 3879 3270
f 3879 3278 3270
f 3877 3880 3876
f 3880 3879 3876
f 3879 3881 3278
f 3881 3286 3278
f 3881 3882 3286
f 3882 3372 3286
f 3883 3884 3776
f 3884 3777 3776
f 3885 3883 3886
f 3885 3887 3883
f 3887 3884 3883
f 3888 3887 3885
f 3888 3889 3887
f 3889 3890 3887
f 3891 3892 3889
f 3892 3890 3889
f 3893 3894 3891
f 3894 3892 3891
f 3895 3896 3893
f 3896 3894 3893
f 3897 3898 3895
f 3898 3896 3895
f 3899 3900 3897
f 3900 3898 3897
f 3884 3901 3777
f 3901 3785 3777
f 3887 3902 3884
f 3902 3901 3884
f 3890 3903 3887
f 3903 3902 3887
f 3892 3904 3890
f 3904 3903 3890
f 3894 3905 3892
f 3905 3904 3892
f 3896 3906 3894
f 3906 3905 3894
f 3898 3907 3896
f 3907 3906 3896
f 3900 3908 3898
f 3908 3907 3898
f 3901 3909 3785
f 3909 3793 3785
f 3902 3910 3901
f 3910 3909 3901
f 3903 3911 3902
f 3911 3910 3902
f 3904 3912 3903
f 3912 3911 3903
f 3905 3913 3904
f 3913 3912 3904
f 3906 3914 3905
f 3914 3913 3905
f 3907 3915 3906
f 3915 3914 3906
f 3908 3916 3907
f 3916 3915 3907
f 3909 3917 3793
f 3917 3801 3793
f 3910 3918 3909
f 3918 3917 3909
f 3911 3919 3910
f 3919 3918 3910
f 3912 3920 3911
f 3920 3919 3911
f 3913 3921 3912
f 3921 3920 3912
f 3914 3922 3913
f 3922 3921 3913
f 3915 3923 3914
f 3923 3922 3914
f 3917 3924 3801
f 3924 3809 3801
f 3918 3925 3917
f 3925 3924 3917
f 3919 3926 3918
f 3926 3925 3918
f 3920 3927 3919
f 3927 3926 3919
f 3921 3928 3920
f 3928 3927 3920
f 3924 3929 3809
f 3929 3817 3809
f 3925 3930 3924
f 3930 3929 3924
f 3926 3931 3925
f 3931 3930 3925
f 3927 3932 3926
f 3932 3931 3926
f 3929 3933 3817
f 3933 3825 3817
f 3930 3934 3929
f 3934 3933 3929
f 3931 3935 3930
f 3935 3934 3930
f 3933 3936 3825
f 3936 3833 3825
f 3934 3937 3933
f 3937 3936 3933
f 3883 3776 3837
f 3938 3883 3837
f 3939 3940 3885
f 3939 3885 3938
f 3886 3883 3885
f 3883 3938 3885
f 3888 3885 3940
f 3938 3837 3941
f 3837 3841 3941
f 3941 3841 3942
f 3841 3845 3942
f 3943 3944 3899
f 3944 3900 3899
f 3945 3946 3943
f 3946 3944 3943
f 3947 3948 3949
f 3947 3946 3948
f 3946 3945 3948
f 3944 3950 3900
f 3950 3908 3900
f 3946 3951 3944
f 3951 3950 3944
f 3070 3952 3071
f 3071 3952 3953
f 3952 3954 3953
f 3953 3954 3955
f 3191 3956 3957
f 3198 3958 3959
f 3957 3958 3198
f 3191 3957 3198
f 3191 3198 3216
f 3191 3216 3215
f 3217 3960 3961
f 3959 3960 3217
f 3198 3959 3217
f 3198 3217 3218
f 3198 3218 3219
f 3216 3198 3219
f 3222 3217 3961
f 3222 3961 3221
f 3221 3961 3962
f 3218 3217 3222
f 3956 3963 3957
f 3958 3198 3959
f 3958 3957 3963
f 3958 3963 3198
f 3198 3963 3964
f 3960 3217 3961
f 3960 3959 3198
f 3960 3198 3217
f 3217 3198 3965
f 3964 3966 3198
f 3966 3965 3198
f 3217 3967 3962
f 3961 3217 3962
f 3965 3968 3217
f 3968 3967 3217
f 3966 3969 3965
f 3969 3968 3965
f 3221 3962 3319
f 3962 3970 3319
f 3319 3970 3971
f 3320 3319 3971
f 3971 3322 3320
f 3972 3322 3971
f 3322 3972 3973
f 3328 3322 3973
f 3973 3330 3328
f 3974 3330 3973
f 3332 3975 3331
f 3332 3333 3976
f 3975 3332 3976
f 3333 3335 3976
f 3977 3978 3339
f 3977 3339 3974
f 3974 3339 3330
f 2405 3331 3975
f 2405 3975 2424
f 2424 3975 3979
f 3976 3980 3975
f 3980 3979 3975
f 3335 3341 3980
f 3976 3335 3980
f 3978 3981 3345
f 3339 3978 3345
f 3979 3982 2424
f 3982 2425 2424
f 3980 3983 3979
f 3983 3982 3979
f 3341 3346 3984
f 3341 3984 3980
f 3980 3984 3983
f 3346 3348 3984
f 3345 3981 3352
f 3982 3985 2425
f 3985 2426 2425
f 3983 3986 3982
f 3986 3985 3982
f 3984 3987 3983
f 3987 3986 3983
f 3348 3354 3988
f 3348 3988 3984
f 3984 3988 3987
f 3354 3355 3989
f 3988 3354 3989
f 3355 3357 3989
f 3360 2422 2426
f 3360 2426 3990
f 3990 2426 3985
f 3986 3991 3985
f 3991 3990 3985
f 3987 3992 3986
f 3992 3991 3986
f 3988 3993 3987
f 3993 3992 3987
f 3989 3994 3988
f 3994 3993 3988
f 3357 3362 3994
f 3989 3357 3994
f 3967 3995 3970
f 3962 3967 3970
f 3968 3996 3967
f 3996 3995 3967
f 3969 3997 3968
f 3997 3996 3968
f 3970 3995 3971
f 3972 3971 3995
f 3972 3995 3998
f 3998 3995 3996
f 3997 3999 3996
f 3999 3998 3996
f 3972 3998 3973
f 3974 3973 3998
f 3974 3998 4000
f 4000 3998 3999
f 3974 4000 3977
f 4001 4002 4003
f 4001 4004 4005
f 4003 4004 4001
f 4005 4006 4007
f 4004 4006 4005
f 4006 4008 4007
f 4009 4010 4011
f 4002 4009 4011
f 4002 4001 4009
f 4001 4012 4009
f 4005 4013 4001
f 4013 4012 4001
f 4007 4014 4005
f 4014 4013 4005
f 4015 4007 4008
f 4015 4016 4007
f 4016 4014 4007
f 4016 4017 4018
f 4015 4017 4016
f 4019 4020 4021
f 4010 4019 4021
f 4010 4009 4019
f 4009 4022 4019
f 4012 4023 4009
f 4023 4022 4009
f 4013 4024 4012
f 4024 4023 4012
f 4014 4025 4013
f 4025 4024 4013
f 4016 4026 4014
f 4026 4025 4014
f 4018 4027 4016
f 4027 4026 4016
f 4028 4029 4030
f 4020 4028 4030
f 4020 4019 4028
f 4019 4031 4028
f 4022 4032 4019
f 4032 4031 4019
f 4023 4033 4022
f 4033 4032 4022
f 4024 4034 4023
f 4034 4033 4023
f 4025 4035 4024
f 4035 4034 4024
f 4026 4036 4025
f 4036 4035 4025
f 4027 4037 4026
f 4037 4036 4026
f 4029 2597 2599
f 4029 4028 2597
f 4028 4038 2597
f 4031 4039 4028
f 4039 4038 4028
f 4032 4040 4031
f 4040 4039 4031
f 4033 4041 4032
f 4041 4040 4032
f 4034 4042 4033
f 4042 4041 4033
f 4035 4043 4034
f 4043 4042 4034
f 4036 4044 4035
f 4044 4043 4035
f 4037 4045 4036
f 4045 4044 4036
f 4046 2423 3360
f 4046 4047 2423
f 4047 2607 2423
f 4046 4048 4047
f 3361 4049 3362
f 4049 4050 4051
f 4049 3361 4050
f 3361 3363 4050
f 3364 4052 3363
f 4052 4050 3363
f 4047 4053 2607
f 4053 2615 2607
f 4054 4047 4048
f 4054 4055 4047
f 4055 4053 4047
f 4054 4056 4055
f 4057 4058 4059
f 4051 4057 4059
f 4051 4050 4057
f 4050 4060 4057
f 4052 4061 4050
f 4061 4060 4050
f 4053 4062 2615
f 4062 2623 2615
f 4055 4063 4053
f 4063 4062 4053
f 4064 4055 4056
f 4064 4065 4055
f 4065 4063 4055
f 4065 4066 4067
f 4064 4066 4065
f 4067 4068 4069
f 4066 4068 4067
f 4058 4069 4068
f 4058 4057 4069
f 4057 4070 4069
f 4071 4060 4072
f 4071 4070 4060
f 4070 4057 4060
f 4061 4072 4060
f 4073 4072 4061
f 4062 4074 2623
f 4074 2631 2623
f 4063 4075 4062
f 4075 4074 4062
f 4065 4076 4063
f 4076 4075 4063
f 4003 4002 4076
f 4003 4076 4067
f 4067 4076 4065
f 4004 4003 4067
f 4069 4004 4067
f 4006 4004 4069
f 4070 4006 4069
f 4070 4008 4006
f 4070 4071 4008
f 4071 4077 4008
f 4074 4078 2631
f 4078 2639 2631
f 4075 4079 4074
f 4079 4078 4074
f 4011 4010 4079
f 4011 4079 4076
f 4076 4079 4075
f 4002 4011 4076
f 4008 4077 4080
f 4015 4008 4080
f 4081 4080 4082
f 4081 4017 4080
f 4017 4015 4080
f 4078 4083 2639
f 4083 2647 2639
f 4021 4020 4083
f 4021 4083 4079
f 4079 4083 4078
f 4010 4021 4079
f 4081 4082 4084
f 4030 4029 2654
f 4030 2654 4083
f 4083 2654 2647
f 4020 4030 4083
f 4029 2599 2654
f 3360 3990 4046
f 4048 4046 3990
f 4048 3990 4085
f 4085 3990 3991
f 3992 4086 3991
f 4086 4085 3991
f 3993 4087 3992
f 4087 4086 3992
f 3994 4088 3993
f 4088 4087 3993
f 3362 4049 4089
f 3362 4089 3994
f 3994 4089 4088
f 4049 4051 4089
f 4048 4085 4054
f 4056 4054 4085
f 4056 4085 4090
f 4090 4085 4086
f 4087 4091 4086
f 4091 4090 4086
f 4088 4092 4087
f 4092 4091 4087
f 4059 4058 4092
f 4059 4092 4089
f 4089 4092 4088
f 4051 4059 4089
f 4056 4090 4064
f 4066 4064 4090
f 4091 4066 4090
f 4068 4066 4091
f 4092 4068 4091
f 4058 4068 4092
f 4072 4093 4094
f 4071 4072 4094
f 4073 4095 4072
f 4072 4095 4093
f 4071 4094 4077
f 4094 4096 4077
f 4077 4096 4097
f 4080 4077 4097
f 4097 4082 4080
f 4098 4082 4097
f 4082 4098 4099
f 4084 4082 4099
f 4093 4100 4094
f 4093 4095 4101
f 4100 4093 4101
f 4100 4102 4103
f 4100 4103 4094
f 4094 4103 4096
f 4101 4102 4100
f 4104 4102 4101
f 4096 4103 4105
f 4097 4096 4105
f 4098 4106 4107
f 4098 4097 4106
f 4097 4105 4106
f 4098 4107 4099
f 4102 4108 4103
f 4102 4104 4109
f 4108 4102 4109
f 4103 4108 4105
f 4106 4105 4108
f 4109 4106 4108
f 4110 4111 4112
f 4113 4110 4112
f 4114 4115 4116
f 4117 4114 4116
f 4118 4114 4117
f 4119 4118 4117
f 4120 4118 4119
f 4038 4121 2597
f 4121 2745 2597
f 4039 4122 4038
f 4122 4121 4038
f 4040 4123 4039
f 4123 4122 4039
f 4041 4124 4040
f 4124 4123 4040
f 4042 4125 4041
f 4125 4124 4041
f 4043 4126 4042
f 4126 4125 4042
f 4127 4128 4126
f 4127 4126 4044
f 4044 4126 4043
f 4129 4127 4044
f 4045 4129 4044
f 4121 4130 2745
f 4130 2756 2745
f 4122 4131 4121
f 4131 4130 4121
f 4123 4132 4122
f 4132 4131 4122
f 4124 4133 4123
f 4133 4132 4123
f 4134 4135 4133
f 4134 4133 4125
f 4125 4133 4124
f 4136 4134 4125
f 4126 4136 4125
f 4128 4136 4126
f 4137 2762 2756
f 4130 4137 2756
f 4138 4137 4130
f 4131 4138 4130
f 4139 4138 4131
f 4132 4139 4131
f 4140 4139 4132
f 4133 4140 4132
f 4135 4140 4133
f 3952 3070 3744
f 4141 3952 3744
f 3744 4142 4141
f 3746 4142 3744
f 4142 3746 3747
f 4143 4142 3747
f 3747 3751 4143
f 4143 3751 4144
f 3752 4145 3753
f 4146 4145 3752
f 4146 3752 4147
f 4147 3752 3754
f 4148 4149 4147
f 4148 4147 3755
f 3755 4147 3754
f 3757 4150 4151
f 3758 3757 4151
f 4145 3757 3753
f 4145 4152 3757
f 4152 4150 3757
f 4146 4152 4145
f 4148 4153 4149
f 4154 4151 4155
f 4154 3760 4151
f 3760 3758 4151
f 3760 4154 3761
f 3954 3952 4141
f 4156 3954 4141
f 4141 4157 4156
f 4142 4157 4141
f 4157 4142 4143
f 4158 4157 4143
f 4143 4144 4158
f 4158 4144 4159
f 4147 4160 4146
f 4147 4149 4160
f 4150 4161 4162
f 4151 4150 4162
f 4163 4164 4161
f 4163 4161 4152
f 4152 4161 4150
f 4152 4165 4163
f 4146 4165 4152
f 4146 4166 4165
f 4146 4160 4166
f 4149 4166 4160
f 4149 4153 4166
f 4153 4167 4166
f 4155 4168 4169
f 4169 4168 4170
f 4162 4155 4151
f 4168 4155 4162
f 4163 4171 4164
f 4165 4171 4163
f 4172 3954 4156
f 4173 4172 4156
f 4174 4156 4157
f 4174 4175 4156
f 4175 4173 4156
f 4157 4158 4174
f 4174 4158 4159
f 4174 4159 4176
f 4174 4176 4177
f 4178 4176 4159
f 4176 4178 4179
f 4161 4180 4162
f 4161 4164 4180
f 4166 4181 4165
f 4166 4167 4182
f 4181 4166 4182
f 4168 4183 4170
f 4170 4183 4184
f 4180 4168 4162
f 4180 4185 4168
f 4185 4183 4168
f 4164 4185 4180
f 4164 4171 4185
f 4171 4186 4185
f 4181 4171 4165
f 4181 4187 4171
f 4187 4186 4171
f 4182 4187 4181
f 4188 4187 4182
f 4189 4172 4173
f 4190 4189 4173
f 4176 4191 4177
f 4177 4191 4192
f 4191 4176 4179
f 4193 4191 4179
f 4194 4195 4196
f 4194 4196 4185
f 4185 4196 4183
f 4185 4186 4197
f 4194 4185 4197
f 4186 4187 4198
f 4197 4186 4198
f 4187 4188 4199
f 4198 4187 4199
f 4194 4200 4195
f 4197 4200 4194
f 4201 4200 4197
f 4198 4201 4197
f 4202 4201 4198
f 4199 4202 4198
f 4203 4202 4199
f 4189 4190 4204
f 4205 4206 4207
f 4191 4193 4208
f 4208 4193 4209
f 4208 4209 4210
f 4208 4210 4211
f 4212 4210 4209
f 4210 4212 4213
f 4196 4195 4214
f 4195 4215 4214
f 4195 4200 4215
f 4200 4216 4215
f 4217 4218 4216
f 4217 4216 4201
f 4201 4216 4200
f 4201 4202 4219
f 4217 4201 4219
f 4202 4203 4220
f 4219 4202 4220
f 4217 4221 4218
f 4221 4222 4223
f 4221 4217 4222
f 4217 4219 4222
f 4220 4224 4219
f 4224 4222 4219
f 4205 4207 4225
f 4226 4210 4213
f 4227 4226 4213
f 4228 4229 4230
f 4228 4230 4216
f 4216 4230 4215
f 4216 4218 4228
f 4231 4232 4233
f 4221 4231 4233
f 4221 4233 4228
f 4221 4228 4218
f 4221 4223 4231
f 4226 4227 4234
f 4235 4236 3184
f 4236 3185 3184
f 4237 4238 4239
f 4237 4236 4238
f 4236 4235 4238
f 4240 4239 4238
f 4241 4236 4242
f 4241 3191 4236
f 3191 3185 4236
f 4237 4242 4236
f 4241 3200 3191
f 4239 4243 4244
f 4237 4239 4244
f 4245 4239 4240
f 4243 4239 4245
f 4242 4246 4247
f 4241 4242 4247
f 4244 4242 4237
f 4246 4242 4244
f 4247 3200 4241
f 3215 3200 4247
f 4248 4243 4245
f 4248 4249 4243
f 4249 4250 4243
f 4249 4251 4252
f 4249 4248 4251
f 4248 4253 4251
f 3191 4247 4246
f 3191 4246 3956
f 3956 4246 4254
f 4255 4246 4244
f 4254 4246 4255
f 4247 3191 3215
f 3956 4254 4256
f 3963 3956 4256
f 4254 4255 4257
f 4254 4257 4256
f 4256 4257 4258
f 4259 4260 4257
f 4260 4258 4257
f 4252 4261 4262
f 4252 4262 4259
f 4259 4262 4260
f 4261 4263 4262
f 4256 4264 3963
f 4264 3964 3963
f 4258 4265 4256
f 4265 4264 4256
f 4260 4266 4258
f 4266 4265 4258
f 4262 4267 4260
f 4267 4266 4260
f 4263 4268 4269
f 4263 4269 4262
f 4262 4269 4267
f 4268 4270 4271
f 4269 4268 4271
f 4270 4272 4271
f 4264 4273 3964
f 4273 3966 3964
f 4265 4274 4264
f 4274 4273 4264
f 4266 4275 4265
f 4275 4274 4265
f 4267 4276 4266
f 4276 4275 4266
f 4269 4277 4267
f 4277 4276 4267
f 4271 4278 4269
f 4278 4277 4269
f 4272 4279 4280
f 4272 4280 4271
f 4271 4280 4278
f 4279 4281 4280
f 4273 4282 3966
f 4282 3969 3966
f 4274 4283 4273
f 4283 4282 4273
f 4275 4284 4274
f 4284 4283 4274
f 4276 4285 4275
f 4285 4284 4275
f 4277 4286 4276
f 4286 4285 4276
f 4278 4287 4277
f 4287 4286 4277
f 4280 4288 4278
f 4288 4287 4278
f 4281 4289 4290
f 4281 4290 4280
f 4280 4290 4288
f 3353 4291 4292
f 3352 4291 3353
f 4291 4293 4292
f 4292 4294 3353
f 4294 3359 3353
f 4295 4292 4293
f 4294 4292 4295
f 4294 4296 3359
f 4296 3364 3359
f 4297 4294 4295
f 4297 4298 4294
f 4298 4296 4294
f 4298 4299 4300
f 4297 4299 4298
f 4300 4301 4302
f 4299 4301 4300
f 4302 4303 4304
f 4301 4303 4302
f 3977 4305 3978
f 4306 3978 4305
f 3981 3978 4306
f 3981 4306 4307
f 3981 4307 3352
f 3352 4307 4291
f 4307 4293 4291
f 4308 4293 4307
f 4309 4310 4295
f 4309 4295 4308
f 4308 4295 4293
f 4309 4311 4310
f 4312 4313 4314
f 4295 4310 4297
f 4310 4311 4315
f 4310 4315 4297
f 4297 4315 4299
f 4301 4299 4316
f 4299 4315 4316
f 4313 4312 4303
f 4313 4303 4316
f 4316 4303 4301
f 4317 4303 4312
f 4317 4312 4318
f 4318 4312 4319
f 4282 4320 3969
f 4320 3997 3969
f 4283 4321 4282
f 4321 4320 4282
f 4284 4322 4283
f 4322 4321 4283
f 4285 4323 4284
f 4323 4322 4284
f 4286 4324 4285
f 4324 4323 4285
f 4287 4325 4286
f 4325 4324 4286
f 4288 4326 4287
f 4326 4325 4287
f 4290 4327 4288
f 4327 4326 4288
f 4320 4328 3997
f 4328 3999 3997
f 4321 4329 4320
f 4329 4328 4320
f 4322 4330 4321
f 4330 4329 4321
f 4323 4331 4322
f 4331 4330 4322
f 4324 4332 4323
f 4332 4331 4323
f 4325 4333 4324
f 4333 4332 4324
f 4326 4334 4325
f 4334 4333 4325
f 4327 4335 4326
f 4335 4334 4326
f 4328 4336 3999
f 4336 4000 3999
f 4329 4337 4328
f 4337 4336 4328
f 4330 4338 4329
f 4338 4337 4329
f 4331 4339 4330
f 4339 4338 4330
f 4332 4340 4331
f 4340 4339 4331
f 4333 4341 4332
f 4341 4340 4332
f 4334 4342 4333
f 4342 4341 4333
f 4335 4343 4334
f 4343 4342 4334
f 4305 3977 4000
f 4305 4000 4344
f 4344 4000 4336
f 4337 4345 4336
f 4345 4344 4336
f 4338 4346 4337
f 4346 4345 4337
f 4339 4347 4338
f 4347 4346 4338
f 4340 4348 4339
f 4348 4347 4339
f 4341 4349 4340
f 4349 4348 4340
f 4342 4350 4341
f 4350 4349 4341
f 4343 4351 4342
f 4351 4350 4342
f 4344 4352 4306
f 4305 4344 4306
f 4345 4353 4344
f 4353 4352 4344
f 4346 4354 4345
f 4354 4353 4345
f 4347 4355 4346
f 4355 4354 4346
f 4348 4356 4347
f 4356 4355 4347
f 4349 4357 4348
f 4357 4356 4348
f 4350 4358 4349
f 4358 4357 4349
f 4359 4360 4358
f 4359 4358 4351
f 4351 4358 4350
f 4306 4352 4307
f 4308 4307 4352
f 4308 4352 4361
f 4361 4352 4353
f 4354 4362 4353
f 4362 4361 4353
f 4355 4363 4354
f 4363 4362 4354
f 4356 4364 4355
f 4364 4363 4355
f 4357 4365 4356
f 4365 4364 4356
f 4366 4367 4365
f 4366 4365 4358
f 4358 4365 4357
f 4360 4366 4358
f 4308 4361 4309
f 4311 4309 4361
f 4311 4361 4368
f 4368 4361 4362
f 4363 4369 4362
f 4369 4368 4362
f 4314 4313 4369
f 4314 4369 4364
f 4364 4369 4363
f 4370 4314 4364
f 4365 4370 4364
f 4367 4370 4365
f 4311 4368 4315
f 4316 4315 4368
f 4369 4316 4368
f 4313 4316 4369
f 4371 4372 4373
f 4371 4374 4375
f 4373 4374 4371
f 4375 4376 4377
f 4374 4376 4375
f 4376 4378 4377
f 4379 4380 4381
f 4371 4382 4372
f 4382 4383 4384
f 4382 4371 4383
f 4371 4375 4383
f 4377 4385 4375
f 4385 4383 4375
f 4386 4377 4378
f 4386 4387 4377
f 4387 4385 4377
f 4380 4387 4386
f 4380 4379 4387
f 4379 4388 4387
f 4389 4390 4379
f 4390 4388 4379
f 4391 4392 4389
f 4392 4390 4389
f 4393 4394 4391
f 4394 4392 4391
f 4383 4395 4384
f 4385 4395 4383
f 4396 4395 4385
f 4396 4397 4398
f 4396 4385 4397
f 4385 4387 4397
f 4388 4399 4387
f 4399 4397 4387
f 4390 4400 4388
f 4400 4399 4388
f 4392 4401 4390
f 4401 4400 4390
f 4394 4402 4392
f 4402 4401 4392
f 4401 4403 4400
f 4403 4404 4400
f 4405 4406 4403
f 4405 4403 4402
f 4402 4403 4401
f 4017 4407 4018
f 4408 4018 4407
f 4408 4409 4018
f 4409 4027 4018
f 4409 4410 4027
f 4410 4037 4027
f 4411 4412 4409
f 4412 4410 4409
f 4410 4413 4037
f 4413 4045 4037
f 4414 4415 4413
f 4414 4413 4412
f 4412 4413 4410
f 4416 4414 4412
f 4373 4372 4052
f 4373 4052 4296
f 4296 4052 3364
f 4374 4373 4296
f 4298 4374 4296
f 4376 4374 4298
f 4300 4376 4298
f 4378 4376 4300
f 4378 4300 4417
f 4417 4300 4302
f 4381 4380 4417
f 4381 4417 4304
f 4304 4417 4302
f 4304 4317 4418
f 4304 4418 4381
f 4381 4418 4419
f 4372 4382 4420
f 4372 4420 4052
f 4052 4420 4061
f 4382 4384 4420
f 4378 4417 4386
f 4380 4386 4417
f 4420 4073 4061
f 4421 4073 4420
f 4384 4421 4420
f 4384 4395 4421
f 4395 4422 4421
f 4423 4424 4422
f 4423 4422 4396
f 4396 4422 4395
f 4396 4398 4423
f 4017 4081 4407
f 4407 4081 4084
f 4407 4084 4408
f 4408 4084 4425
f 4426 4408 4427
f 4408 4425 4427
f 4317 4318 4418
f 4428 4418 4318
f 4429 4428 4318
f 4430 4428 4429
f 4431 4430 4429
f 4421 4432 4073
f 4073 4432 4095
f 4422 4433 4421
f 4421 4433 4432
f 4433 4422 4424
f 4434 4433 4424
f 4424 4435 4434
f 4436 4435 4424
f 4437 4438 4435
f 4437 4435 4439
f 4439 4435 4436
f 4425 4084 4440
f 4084 4099 4440
f 4427 4425 4441
f 4425 4440 4441
f 4095 4432 4442
f 4101 4095 4442
f 4432 4433 4443
f 4442 4432 4443
f 4433 4434 4443
f 4442 4104 4101
f 4444 4104 4442
f 4444 4445 4446
f 4444 4442 4445
f 4442 4443 4445
f 4434 4435 4447
f 4434 4447 4443
f 4443 4447 4445
f 4435 4438 4447
f 4107 4448 4449
f 4106 4448 4107
f 4446 4449 4448
f 4446 4445 4449
f 4445 4450 4449
f 4447 4451 4445
f 4451 4450 4445
f 4438 4452 4451
f 4447 4438 4451
f 4440 4099 4107
f 4449 4440 4107
f 4441 4440 4449
f 4450 4441 4449
f 4453 4441 4450
f 4451 4453 4450
f 4452 4453 4451
f 4104 4444 4454
f 4109 4104 4454
f 4444 4446 4454
f 4448 4106 4109
f 4454 4448 4109
f 4446 4448 4454
f 4455 4456 4457
f 4455 4458 4456
f 4458 4459 4456
f 4460 4458 4455
f 4461 4462 4463
f 4464 4465 4466
f 4464 4467 4465
f 4463 4467 4464
f 4463 4468 4467
f 4463 4462 4468
f 4469 4470 4471
f 4472 4470 4469
f 4472 4469 4473
f 4473 4469 4474
f 4465 4474 4466
f 4465 4475 4474
f 4475 4473 4474
f 4467 4475 4465
f 4476 4477 4478
f 4460 4476 4478
f 4470 4476 4471
f 4470 4479 4476
f 4479 4477 4476
f 4472 4479 4470
f 4459 4480 4481
f 4482 4459 4481
f 4458 4483 4459
f 4459 4483 4480
f 4478 4458 4460
f 4483 4458 4478
f 4468 4484 4485
f 4467 4468 4485
f 4473 4486 4472
f 4487 4486 4473
f 4487 4473 4488
f 4488 4473 4475
f 4485 4475 4467
f 4488 4475 4485
f 4477 4489 4490
f 4478 4477 4490
f 4479 4491 4477
f 4477 4491 4489
f 4486 4479 4472
f 4486 4492 4479
f 4492 4491 4479
f 4487 4492 4486
f 4480 4493 4481
f 4494 4493 4480
f 4494 4480 4495
f 4495 4480 4483
f 4490 4483 4478
f 4495 4483 4490
f 4496 4497 4498
f 4496 4498 4499
f 4499 4498 4500
f 4501 4496 4499
f 4502 4503 4504
f 4505 4506 4113
f 4505 4113 4507
f 4507 4113 4508
f 4509 4505 4507
f 4498 4509 4507
f 4497 4509 4498
f 4506 4110 4113
f 4484 4510 4485
f 4488 4511 4487
f 4488 4512 4511
f 4485 4512 4488
f 4485 4513 4512
f 4485 4510 4513
f 4489 4514 4490
f 4489 4491 4515
f 4514 4489 4515
f 4516 4515 4491
f 4516 4491 4517
f 4517 4491 4492
f 4511 4492 4487
f 4511 4518 4492
f 4518 4517 4492
f 4512 4518 4511
f 4495 4519 4494
f 4495 4520 4519
f 4490 4520 4495
f 4490 4521 4520
f 4490 4514 4521
f 4515 4521 4514
f 4522 4521 4515
f 4516 4522 4515
f 4523 4129 4045
f 4413 4523 4045
f 4415 4523 4413
f 4513 4524 4512
f 4517 4525 4516
f 4517 4518 4526
f 4525 4517 4526
f 4518 4512 4524
f 4518 4524 4526
f 4526 4524 4527
f 4521 4528 4520
f 4521 4522 4529
f 4528 4521 4529
f 4522 4516 4525
f 4522 4525 4529
f 4529 4525 4530
f 4526 4531 4525
f 4531 4530 4525
f 4527 4532 4526
f 4532 4531 4526
f 4533 3542 3541
f 4533 3541 4534
f 4534 3541 4535
f 4482 4535 4536
f 4534 4535 4482
f 4533 3545 3542
f 4534 4537 4538
f 4533 4534 4538
f 4481 4534 4482
f 4537 4534 4481
f 4538 3545 4533
f 3559 3545 4538
f 4537 4539 4540
f 4538 4537 4540
f 4493 4537 4481
f 4493 4541 4537
f 4541 4539 4537
f 4494 4541 4493
f 4540 3559 4538
f 3573 3559 4540
f 4539 4542 4540
f 4543 4542 4539
f 4543 4539 4544
f 4544 4539 4541
f 4519 4541 4494
f 4519 4545 4541
f 4545 4544 4541
f 4520 4545 4519
f 3573 4546 3588
f 4540 4546 3573
f 4540 4547 4546
f 4540 4542 4547
f 4543 4547 4542
f 4546 3592 3588
f 4544 4548 4543
f 4544 4545 4549
f 4548 4544 4549
f 4545 4520 4528
f 4545 4528 4549
f 4549 4528 4550
f 4529 4551 4528
f 4551 4550 4528
f 4530 4552 4529
f 4552 4551 4529
f 4531 4553 4530
f 4553 4552 4530
f 4532 4554 4531
f 4554 4553 4531
f 4547 4555 4546
f 4547 4543 4548
f 4547 4548 4555
f 4555 4548 4556
f 4549 4557 4548
f 4557 4556 4548
f 4550 4558 4549
f 4558 4557 4549
f 4551 4559 4550
f 4559 4558 4550
f 4552 4560 4551
f 4560 4559 4551
f 4553 4561 4552
f 4561 4560 4552
f 4554 4562 4553
f 4562 4561 4553
f 3592 4546 4555
f 3592 4555 3615
f 3615 4555 4563
f 4556 4564 4555
f 4564 4563 4555
f 4557 4565 4556
f 4565 4564 4556
f 4558 4566 4557
f 4566 4565 4557
f 4559 4567 4558
f 4567 4566 4558
f 4560 4568 4559
f 4568 4567 4559
f 4561 4569 4560
f 4569 4568 4560
f 4562 4570 4561
f 4570 4569 4561
f 4563 4571 3615
f 4571 3617 3615
f 4564 4572 4563
f 4572 4571 4563
f 4565 4573 4564
f 4573 4572 4564
f 4566 4574 4565
f 4574 4573 4565
f 4567 4575 4566
f 4575 4574 4566
f 4568 4576 4567
f 4576 4575 4567
f 4569 4577 4568
f 4577 4576 4568
f 4570 4578 4569
f 4578 4577 4569
f 4571 4579 3617
f 4579 3620 3617
f 4572 4580 4571
f 4580 4579 4571
f 4573 4581 4572
f 4581 4580 4572
f 4574 4582 4573
f 4582 4581 4573
f 4575 4583 4574
f 4583 4582 4574
f 4576 4584 4575
f 4584 4583 4575
f 4577 4585 4576
f 4585 4584 4576
f 4578 4586 4577
f 4586 4585 4577
f 4579 4587 3620
f 4587 3625 3620
f 4580 4588 4579
f 4588 4587 4579
f 4581 4589 4580
f 4589 4588 4580
f 4582 4590 4581
f 4590 4589 4581
f 4583 4591 4582
f 4591 4590 4582
f 4584 4592 4583
f 4592 4591 4583
f 4585 4593 4584
f 4593 4592 4584
f 4586 4594 4585
f 4594 4593 4585
f 4587 4595 3625
f 4595 3631 3625
f 4588 4596 4587
f 4596 4595 4587
f 4589 4597 4588
f 4597 4596 4588
f 4590 4598 4589
f 4598 4597 4589
f 4591 4599 4590
f 4599 4598 4590
f 4592 4600 4591
f 4600 4599 4591
f 4593 4601 4592
f 4601 4600 4592
f 4594 4602 4593
f 4602 4601 4593
f 4595 4603 3631
f 4603 3638 3631
f 4596 4604 4595
f 4604 4603 4595
f 4597 4605 4596
f 4605 4604 4596
f 4598 4606 4597
f 4606 4605 4597
f 4599 4607 4598
f 4607 4606 4598
f 4600 4608 4599
f 4608 4607 4599
f 4601 4609 4600
f 4609 4608 4600
f 4602 4610 4601
f 4610 4609 4601
f 4611 4462 4461
f 4611 4461 4612
f 4612 4461 4613
f 4614 4613 4615
f 4614 4616 4613
f 4616 4612 4613
f 4611 4468 4462
f 4612 4617 4618
f 4611 4612 4618
f 4616 4619 4612
f 4612 4619 4617
f 4620 4616 4621
f 4619 4616 4620
f 4618 4468 4611
f 4484 4468 4618
f 4622 4623 4624
f 4623 4625 4624
f 4617 4626 4618
f 4627 4626 4617
f 4627 4617 4628
f 4628 4617 4619
f 4629 4619 4620
f 4629 4630 4619
f 4630 4628 4619
f 4630 4631 4632
f 4630 4629 4631
f 4629 4633 4631
f 4634 4635 4633
f 4635 4631 4633
f 4636 4637 4638
f 4636 4635 4637
f 4635 4634 4637
f 4625 4638 4637
f 4639 4638 4625
f 4623 4639 4625
f 4640 4639 4623
f 4484 4641 4510
f 4618 4641 4484
f 4618 4642 4641
f 4618 4626 4642
f 4627 4642 4626
f 4643 4644 4645
f 4632 4631 4646
f 4645 4647 4643
f 4635 4646 4631
f 4648 4646 4635
f 4636 4648 4635
f 4641 4513 4510
f 4643 4649 4644
f 4647 4649 4643
f 4628 4650 4627
f 4628 4630 4651
f 4650 4628 4651
f 4630 4632 4651
f 4638 4652 4636
f 4638 4639 4653
f 4652 4638 4653
f 4639 4640 4654
f 4653 4639 4654
f 4642 4655 4641
f 4642 4627 4650
f 4642 4650 4655
f 4655 4650 4656
f 4645 4644 4656
f 4645 4656 4651
f 4651 4656 4650
f 4647 4645 4651
f 4647 4651 4657
f 4632 4646 4651
f 4646 4657 4651
f 4646 4648 4658
f 4657 4646 4658
f 4648 4636 4652
f 4648 4652 4658
f 4658 4652 4659
f 4653 4660 4652
f 4660 4659 4652
f 4654 4661 4653
f 4661 4660 4653
f 4513 4641 4655
f 4513 4655 4524
f 4524 4655 4662
f 4656 4663 4655
f 4663 4662 4655
f 4644 4649 4664
f 4644 4664 4656
f 4656 4664 4663
f 4649 4647 4657
f 4649 4657 4664
f 4664 4657 4665
f 4658 4666 4657
f 4666 4665 4657
f 4659 4667 4658
f 4667 4666 4658
f 4660 4668 4659
f 4668 4667 4659
f 4661 4669 4660
f 4669 4668 4660
f 4662 4670 4524
f 4670 4527 4524
f 4663 4671 4662
f 4671 4670 4662
f 4664 4672 4663
f 4672 4671 4663
f 4665 4673 4664
f 4673 4672 4664
f 4666 4674 4665
f 4674 4673 4665
f 4667 4675 4666
f 4675 4674 4666
f 4668 4676 4667
f 4676 4675 4667
f 4669 4677 4668
f 4677 4676 4668
f 4670 4678 4527
f 4678 4532 4527
f 4671 4679 4670
f 4679 4678 4670
f 4672 4680 4671
f 4680 4679 4671
f 4673 4681 4672
f 4681 4680 4672
f 4674 4682 4673
f 4682 4681 4673
f 4675 4683 4674
f 4683 4682 4674
f 4676 4684 4675
f 4684 4683 4675
f 4677 4685 4676
f 4685 4684 4676
f 4686 4687 4688
f 4689 4223 4222
f 4690 4223 4689
f 4224 4691 4222
f 4691 4689 4222
f 4692 4231 4223
f 4692 4223 4693
f 4693 4223 4690
f 4692 4693 4694
f 4695 4696 4697
f 4698 4696 4695
f 4603 4699 3638
f 4699 3710 3638
f 4700 4604 4701
f 4700 4699 4604
f 4699 4603 4604
f 4605 4701 4604
f 4702 4701 4605
f 4702 4703 4704
f 4702 4605 4703
f 4605 4606 4703
f 4607 4705 4606
f 4705 4703 4606
f 4608 4706 4607
f 4706 4705 4607
f 4609 4707 4608
f 4707 4706 4608
f 4610 4708 4609
f 4708 4707 4609
f 4699 3719 3710
f 4709 3719 4699
f 4700 4709 4699
f 4703 4710 4704
f 4705 4710 4703
f 4711 4710 4705
f 4711 4712 4713
f 4711 4705 4712
f 4705 4706 4712
f 4707 4714 4706
f 4714 4712 4706
f 4708 4715 4707
f 4715 4714 4707
f 4716 4713 4712
f 4717 4713 4716
f 4698 4718 4716
f 4698 4716 4714
f 4714 4716 4712
f 4696 4698 4714
f 4715 4696 4714
f 4719 4720 4721
f 4701 4722 4700
f 4701 4702 4723
f 4722 4701 4723
f 4702 4704 4723
f 3719 4709 4724
f 3745 3719 4724
f 4709 4700 4722
f 4709 4722 4724
f 4724 4722 4725
f 4726 4723 4727
f 4726 4725 4723
f 4725 4722 4723
f 4728 4729 4727
f 4710 4728 4727
f 4710 4727 4723
f 4710 4723 4704
f 4710 4711 4730
f 4728 4710 4730
f 4711 4713 4730
f 4731 4724 4732
f 4731 3749 4724
f 3749 3745 4724
f 4725 4732 4724
f 4733 4732 4725
f 4726 4733 4725
f 4734 4729 4728
f 4735 4729 4734
f 4730 4736 4728
f 4736 4734 4728
f 4713 4717 4736
f 4730 4713 4736
f 4731 3755 3749
f 4734 4737 4735
f 4737 4738 4739
f 4737 4734 4738
f 4734 4736 4738
f 4717 4740 4741
f 4717 4741 4736
f 4736 4741 4738
f 4740 4742 4741
f 4743 4739 4738
f 4744 4739 4743
f 4741 4745 4738
f 4745 4743 4738
f 4742 4746 4745
f 4741 4742 4745
f 4747 4744 4743
f 4748 4744 4747
f 4745 4749 4743
f 4749 4747 4743
f 4746 4750 4749
f 4745 4746 4749
f 4747 4751 4748
f 4751 4752 4753
f 4751 4747 4752
f 4747 4749 4752
f 4750 4754 4755
f 4750 4755 4749
f 4749 4755 4752
f 4754 4756 4755
f 4727 4757 4726
f 4727 4729 4757
f 4732 4758 4731
f 4732 4733 4759
f 4758 4732 4759
f 4733 4726 4757
f 4733 4757 4759
f 4759 4757 4760
f 4729 4735 4760
f 4757 4729 4760
f 3755 4731 4758
f 3755 4758 4148
f 4148 4758 4761
f 4759 4762 4758
f 4762 4761 4758
f 4760 4763 4759
f 4763 4762 4759
f 4735 4737 4764
f 4735 4764 4760
f 4760 4764 4763
f 4737 4739 4764
f 4761 4153 4148
f 4765 4153 4761
f 4762 4765 4761
f 4766 4765 4762
f 4766 4767 4768
f 4766 4762 4767
f 4762 4763 4767
f 4764 4769 4763
f 4769 4767 4763
f 4739 4744 4769
f 4764 4739 4769
f 4770 4768 4767
f 4771 4768 4770
f 4769 4772 4767
f 4772 4770 4767
f 4744 4748 4772
f 4769 4744 4772
f 4773 4774 4775
f 4773 4770 4774
f 4770 4772 4774
f 4748 4751 4776
f 4748 4776 4772
f 4772 4776 4774
f 4751 4753 4776
f 4776 4777 4774
f 4777 4778 4774
f 4753 4779 4777
f 4776 4753 4777
f 4780 4781 4167
f 4780 4167 4765
f 4765 4167 4153
f 4765 4766 4782
f 4780 4765 4782
f 4766 4768 4782
f 4780 4783 4781
f 4783 4784 4785
f 4783 4780 4784
f 4780 4782 4784
f 4768 4771 4784
f 4782 4768 4784
f 4786 4785 4784
f 4787 4785 4786
f 4771 4773 4788
f 4771 4788 4784
f 4784 4788 4786
f 4773 4775 4788
f 4167 4781 4182
f 4789 4790 4188
f 4783 4789 4188
f 4783 4188 4182
f 4783 4182 4781
f 4783 4785 4789
f 4791 4790 4789
f 4792 4790 4791
f 4785 4787 4791
f 4789 4785 4791
f 4791 4793 4792
f 4794 4795 4793
f 4796 4794 4793
f 4796 4793 4791
f 4796 4791 4787
f 4796 4797 4794
f 4188 4790 4199
f 4203 4199 4790
f 4203 4790 4798
f 4798 4790 4792
f 4799 4792 4793
f 4799 4800 4792
f 4800 4798 4792
f 4793 4795 4799
f 4203 4798 4220
f 4798 4800 4224
f 4220 4798 4224
f 4801 4802 4803
f 4804 4805 4806
f 4806 4805 4807
f 4807 4808 4809
f 4810 4808 4807
f 4810 4807 4811
f 4811 4807 4805
f 4810 4812 4808
f 4799 4813 4800
f 4814 4815 4813
f 4816 4814 4813
f 4816 4813 4799
f 4816 4799 4795
f 4816 4817 4814
f 4818 4815 4814
f 4819 4815 4818
f 4817 4820 4818
f 4814 4817 4818
f 4811 4821 4810
f 4822 4823 4824
f 4825 4823 4822
f 4825 4822 4826
f 4826 4822 4812
f 4821 4812 4810
f 4821 4827 4812
f 4827 4826 4812
f 4825 4828 4823
f 4800 4813 4829
f 4800 4829 4224
f 4224 4829 4691
f 4813 4815 4829
f 4829 4830 4691
f 4830 4831 4691
f 4815 4819 4830
f 4829 4815 4830
f 4830 4832 4831
f 4832 4833 4831
f 4819 4834 4832
f 4830 4819 4832
f 4826 4835 4825
f 4836 4835 4826
f 4836 4826 4837
f 4837 4826 4827
f 4828 4838 4839
f 4840 4828 4839
f 4835 4828 4825
f 4835 4841 4828
f 4841 4838 4828
f 4836 4841 4835
f 4842 4843 4844
f 4845 4842 4844
f 4839 4842 4840
f 4843 4842 4839
f 4837 4846 4847
f 4836 4837 4847
f 4838 4848 4839
f 4849 4848 4838
f 4849 4838 4850
f 4850 4838 4841
f 4847 4841 4836
f 4850 4841 4847
f 4843 4851 4852
f 4844 4843 4852
f 4848 4843 4839
f 4848 4853 4843
f 4853 4851 4843
f 4849 4853 4848
f 4846 4854 4847
f 4850 4855 4849
f 4850 4856 4855
f 4847 4856 4850
f 4847 4857 4856
f 4847 4854 4857
f 4851 4858 4852
f 4851 4853 4859
f 4858 4851 4859
f 4853 4860 4859
f 4849 4860 4853
f 4849 4861 4860
f 4849 4855 4861
f 4856 4861 4855
f 4857 4862 4856
f 4861 4863 4860
f 4861 4856 4862
f 4861 4862 4863
f 4863 4862 4864
f 4865 4866 4867
f 4865 4844 4866
f 4844 4852 4866
f 4858 4868 4869
f 4858 4869 4852
f 4852 4869 4866
f 4859 4868 4858
f 4870 4868 4859
f 4860 4870 4859
f 4871 4872 4873
f 4874 4875 4876
f 4872 4877 4873
f 4874 4878 4875
f 4868 4879 4869
f 4868 4870 4880
f 4879 4868 4880
f 4870 4860 4863
f 4870 4863 4880
f 4880 4863 4881
f 4864 4882 4863
f 4882 4881 4863
f 4883 4869 4879
f 4883 4879 4884
f 4871 4885 4879
f 4885 4884 4879
f 4872 4871 4879
f 4872 4879 4886
f 4886 4879 4880
f 4881 4887 4880
f 4887 4886 4880
f 4882 4888 4881
f 4888 4887 4881
f 4877 4872 4886
f 4877 4886 4889
f 4874 4876 4886
f 4876 4889 4886
f 4878 4874 4886
f 4878 4886 4890
f 4890 4886 4887
f 4888 4891 4887
f 4891 4890 4887
f 4892 4878 4890
f 4892 4890 4893
f 4893 4890 4894
f 4891 4895 4890
f 4895 4894 4890
f 4896 4897 4898
f 4896 4898 4895
f 4895 4898 4894
f 4897 4899 4898
f 4289 4900 4290
f 4900 4901 4902
f 4900 4902 4290
f 4290 4902 4327
f 4901 4903 4902
f 4902 4904 4327
f 4904 4335 4327
f 4903 4905 4904
f 4902 4903 4904
f 4906 4907 4343
f 4906 4343 4904
f 4904 4343 4335
f 4905 4906 4904
f 4907 4908 4351
f 4343 4907 4351
f 4908 4359 4351
f 4909 4910 4911
f 4910 4912 4911
f 4913 4914 4910
f 4909 4913 4910
f 4915 4916 4917
f 4917 4916 4918
f 4919 4920 4921
f 4920 4922 4405
f 4920 4919 4922
f 4919 4923 4922
f 4924 4925 4926
f 4921 4920 4402
f 4921 4402 4927
f 4927 4402 4394
f 4928 4921 4927
f 4920 4405 4402
f 4929 4930 4931
f 4930 4932 4931
f 4933 4934 4935
f 4936 4934 4933
f 4937 4938 4935
f 4938 4933 4935
f 4938 4939 4933
f 4939 4940 4933
f 4939 4941 4940
f 4941 4942 4940
f 4943 4944 4945
f 4946 4944 4943
f 4947 4948 4945
f 4948 4943 4945
f 4942 4949 4947
f 4949 4948 4947
f 4941 4950 4942
f 4950 4949 4942
f 4678 4951 4532
f 4951 4554 4532
f 4679 4952 4678
f 4952 4951 4678
f 4680 4953 4679
f 4953 4952 4679
f 4681 4954 4680
f 4954 4953 4680
f 4682 4955 4681
f 4955 4954 4681
f 4683 4956 4682
f 4956 4955 4682
f 4684 4957 4683
f 4957 4956 4683
f 4685 4958 4684
f 4958 4957 4684
f 4951 4959 4554
f 4959 4562 4554
f 4952 4960 4951
f 4960 4959 4951
f 4953 4961 4952
f 4961 4960 4952
f 4954 4962 4953
f 4962 4961 4953
f 4955 4963 4954
f 4963 4962 4954
f 4956 4964 4955
f 4964 4963 4955
f 4957 4965 4956
f 4965 4964 4956
f 4958 4966 4957
f 4966 4965 4957
f 4959 4967 4562
f 4967 4570 4562
f 4960 4968 4959
f 4968 4967 4959
f 4961 4969 4960
f 4969 4968 4960
f 4962 4970 4961
f 4970 4969 4961
f 4963 4971 4962
f 4971 4970 4962
f 4964 4972 4963
f 4972 4971 4963
f 4965 4973 4964
f 4973 4972 4964
f 4966 4974 4965
f 4974 4973 4965
f 4967 4975 4570
f 4975 4578 4570
f 4968 4976 4967
f 4976 4975 4967
f 4969 4977 4968
f 4977 4976 4968
f 4970 4978 4969
f 4978 4977 4969
f 4971 4979 4970
f 4979 4978 4970
f 4972 4980 4971
f 4980 4979 4971
f 4981 4934 4980
f 4981 4980 4973
f 4973 4980 4972
f 4982 4981 4973
f 4974 4982 4973
f 4975 4983 4578
f 4983 4586 4578
f 4976 4984 4975
f 4984 4983 4975
f 4977 4985 4976
f 4985 4984 4976
f 4978 4986 4977
f 4986 4985 4977
f 4979 4987 4978
f 4987 4986 4978
f 4980 4988 4979
f 4988 4987 4979
f 4934 4936 4988
f 4980 4934 4988
f 4983 4989 4586
f 4989 4594 4586
f 4984 4990 4983
f 4990 4989 4983
f 4985 4991 4984
f 4991 4990 4984
f 4986 4992 4985
f 4992 4991 4985
f 4987 4993 4986
f 4993 4992 4986
f 4994 4995 4993
f 4994 4993 4988
f 4988 4993 4987
f 4936 4994 4988
f 4989 4996 4594
f 4996 4602 4594
f 4990 4997 4989
f 4997 4996 4989
f 4991 4998 4990
f 4998 4997 4990
f 4992 4999 4991
f 4999 4998 4991
f 5000 4944 4999
f 5000 4999 4993
f 4993 4999 4992
f 4995 5000 4993
f 4996 5001 4602
f 5001 4610 4602
f 4997 5002 4996
f 5002 5001 4996
f 4998 5003 4997
f 5003 5002 4997
f 4999 5004 4998
f 5004 5003 4998
f 4944 4946 5004
f 4999 4944 5004
f 5005 5006 5007
f 5008 5009 5010
f 4946 5008 5010
f 4946 4943 5008
f 4943 5011 5008
f 4948 5012 4943
f 5012 5011 4943
f 4949 5013 4948
f 5013 5012 4948
f 5014 5015 5013
f 5014 5013 4950
f 4950 5013 4949
f 5016 5017 5018
f 5009 5016 5018
f 5009 5008 5016
f 5008 5019 5016
f 5011 5020 5008
f 5020 5019 5008
f 5012 5021 5011
f 5021 5020 5011
f 5022 5023 5021
f 5022 5021 5013
f 5013 5021 5012
f 5015 5022 5013
f 4697 5024 5025
f 4696 5024 4697
f 5024 5026 5025
f 5027 5017 5016
f 5028 5017 5027
f 5019 5029 5016
f 5029 5027 5016
f 5030 5031 5029
f 5030 5029 5020
f 5020 5029 5019
f 5032 5030 5020
f 5021 5032 5020
f 5023 5032 5021
f 5033 5025 5034
f 5033 5035 5025
f 5035 4697 5025
f 5026 5034 5025
f 5027 5036 5028
f 5036 5037 5038
f 5036 5027 5037
f 5027 5029 5037
f 5031 5039 5037
f 5029 5031 5037
f 5040 5041 5042
f 5040 5043 5041
f 5044 5045 5046
f 5047 5045 5044
f 5046 5048 5049
f 5045 5048 5046
f 5038 5049 5048
f 5038 5037 5049
f 5037 5050 5049
f 5039 5051 5050
f 5037 5039 5050
f 5042 5041 5052
f 5043 5052 5041
f 5053 5054 5046
f 5049 5053 5046
f 5055 5053 5049
f 5050 5055 5049
f 5051 5055 5050
f 5056 5057 5058
f 5056 5059 5060
f 5056 5060 5057
f 5057 5060 5061
f 5062 5063 5064
f 5058 5063 5062
f 5056 5058 5062
f 5056 5062 5005
f 5056 5005 5065
f 5059 5056 5065
f 5066 5067 5068
f 5069 5067 5066
f 5069 5066 5070
f 5070 5066 5071
f 5064 5006 5062
f 5064 5070 5006
f 5070 5071 5006
f 5005 5062 5006
f 5001 5072 4610
f 5072 4708 4610
f 5002 5073 5001
f 5073 5072 5001
f 5003 5074 5002
f 5074 5073 5002
f 5010 5009 5074
f 5010 5074 5004
f 5004 5074 5003
f 4946 5010 5004
f 5072 5075 4708
f 5075 4715 4708
f 5073 5076 5072
f 5076 5075 5072
f 5018 5017 5076
f 5018 5076 5074
f 5074 5076 5073
f 5009 5018 5074
f 5024 4696 4715
f 5075 5024 4715
f 5026 5024 5075
f 5026 5075 5077
f 5077 5075 5076
f 5017 5028 5077
f 5076 5017 5077
f 5034 5078 5033
f 5034 5026 5077
f 5034 5077 5078
f 5078 5077 5079
f 5028 5036 5080
f 5028 5080 5077
f 5077 5080 5079
f 5036 5038 5080
f 5033 5078 5047
f 5045 5047 5078
f 5079 5045 5078
f 5048 5045 5079
f 5080 5048 5079
f 5038 5048 5080
f 5057 5081 5058
f 5082 5081 5057
f 5082 5057 5083
f 5083 5057 5061
f 5063 5084 5064
f 5063 5085 5084
f 5058 5085 5063
f 5058 5086 5085
f 5058 5081 5086
f 5082 5086 5081
f 5070 5087 5069
f 5070 5088 5087
f 5064 5088 5070
f 5064 5089 5088
f 5064 5084 5089
f 5085 5089 5084
f 5083 5090 5082
f 5086 5091 5092
f 5085 5086 5092
f 5090 5086 5082
f 5090 5093 5086
f 5093 5091 5086
f 5089 5094 5095
f 5088 5089 5095
f 5092 5089 5085
f 5094 5089 5092
f 5091 5096 5092
f 5097 5096 5091
f 5097 5091 5098
f 5098 5091 5093
f 5094 5099 5100
f 5095 5094 5100
f 5096 5094 5092
f 5096 5101 5094
f 5101 5099 5094
f 5097 5101 5096
f 5098 5102 5103
f 5097 5098 5103
f 5099 5104 5100
f 5105 5104 5099
f 5105 5099 5106
f 5106 5099 5101
f 5103 5101 5097
f 5106 5101 5103
f 5102 5107 5103
f 5106 5108 5105
f 5106 5109 5108
f 5103 5109 5106
f 5103 5110 5109
f 5103 5107 5110
f 5110 5111 5112
f 5109 5110 5112
f 5111 5113 5112
f 5069 5114 5067
f 5115 5116 5117
f 5118 5116 5115
f 5118 5115 5119
f 5119 5115 5114
f 5087 5114 5069
f 5087 5120 5114
f 5120 5119 5114
f 5088 5120 5087
f 5118 5121 5116
f 5119 5122 5123
f 5118 5119 5123
f 5120 5124 5119
f 5119 5124 5122
f 5095 5120 5088
f 5124 5120 5095
f 5121 5125 5126
f 5127 5121 5126
f 5123 5121 5118
f 5125 5121 5123
f 5128 5129 5130
f 5128 5130 5131
f 5131 5130 5132
f 5126 5132 5127
f 5131 5132 5126
f 5128 5133 5129
f 5122 5134 5123
f 5135 5134 5122
f 5135 5122 5136
f 5136 5122 5124
f 5100 5124 5095
f 5136 5124 5100
f 5125 5137 5138
f 5126 5125 5138
f 5134 5125 5123
f 5134 5139 5125
f 5139 5137 5125
f 5135 5139 5134
f 5131 5140 5141
f 5128 5131 5141
f 5138 5131 5126
f 5140 5131 5138
f 5142 4802 4801
f 5142 4801 5143
f 5143 4801 5133
f 5141 5133 5128
f 5143 5133 5141
f 5142 4804 4802
f 5136 5144 5145
f 5135 5136 5145
f 5104 5136 5100
f 5104 5146 5136
f 5146 5144 5136
f 5105 5146 5104
f 5137 5147 5138
f 5148 5147 5137
f 5148 5137 5149
f 5149 5137 5139
f 5145 5139 5135
f 5149 5139 5145
f 5140 5150 5151
f 5141 5140 5151
f 5147 5140 5138
f 5147 5152 5140
f 5152 5150 5140
f 5148 5152 5147
f 5143 5153 5154
f 5142 5143 5154
f 5151 5143 5141
f 5153 5143 5151
f 5154 4804 5142
f 4805 4804 5154
f 5144 5155 5145
f 5156 5155 5144
f 5156 5144 5157
f 5157 5144 5146
f 5108 5146 5105
f 5108 5158 5146
f 5158 5157 5146
f 5109 5158 5108
f 5149 5159 5148
f 5149 5160 5159
f 5145 5160 5149
f 5145 5161 5160
f 5145 5155 5161
f 5156 5161 5155
f 5150 5162 5151
f 5163 5162 5150
f 5163 5150 5164
f 5164 5150 5152
f 5159 5152 5148
f 5159 5165 5152
f 5165 5164 5152
f 5160 5165 5159
f 5153 5166 5167
f 5154 5153 5167
f 5162 5153 5151
f 5162 5168 5153
f 5168 5166 5153
f 5163 5168 5162
f 5167 4805 5154
f 4811 4805 5167
f 5157 5169 5156
f 5170 5169 5157
f 5170 5157 5171
f 5171 5157 5158
f 5112 5158 5109
f 5171 5158 5112
f 5161 5172 5173
f 5160 5161 5173
f 5169 5161 5156
f 5169 5174 5161
f 5174 5172 5161
f 5170 5174 5169
f 5164 5175 5163
f 5176 5175 5164
f 5176 5164 5177
f 5177 5164 5165
f 5173 5165 5160
f 5177 5165 5173
f 5166 5178 5167
f 5179 5178 5166
f 5179 5166 5180
f 5180 5166 5168
f 5175 5168 5163
f 5175 5181 5168
f 5181 5180 5168
f 5176 5181 5175
f 4811 5182 4821
f 5167 5182 4811
f 5167 5183 5182
f 5167 5178 5183
f 5179 5183 5178
f 5182 4827 4821
f 5171 5184 5185
f 5170 5171 5185
f 5113 5171 5112
f 5113 5186 5171
f 5186 5184 5171
f 5172 5187 5173
f 5188 5187 5172
f 5188 5172 5189
f 5189 5172 5174
f 5185 5174 5170
f 5189 5174 5185
f 5177 5190 5191
f 5176 5177 5191
f 5187 5177 5173
f 5187 5192 5177
f 5192 5190 5177
f 5188 5192 5187
f 5180 5193 5194
f 5179 5180 5194
f 5181 5195 5180
f 5180 5195 5193
f 5191 5181 5176
f 5195 5181 5191
f 5183 5196 5197
f 5182 5183 5197
f 5194 5183 5179
f 5196 5183 5194
f 5197 4827 5182
f 4837 4827 5197
f 5184 5198 5185
f 5199 5198 5184
f 5199 5184 5200
f 5200 5184 5186
f 5189 5201 5202
f 5188 5189 5202
f 5198 5189 5185
f 5198 5203 5189
f 5203 5201 5189
f 5199 5203 5198
f 5190 5204 5205
f 5191 5190 5205
f 5192 5206 5190
f 5190 5206 5204
f 5202 5192 5188
f 5206 5192 5202
f 5193 5207 5194
f 5208 5207 5193
f 5208 5193 5209
f 5209 5193 5195
f 5205 5195 5191
f 5209 5195 5205
f 5196 5210 5211
f 5197 5196 5211
f 5207 5196 5194
f 5207 5212 5196
f 5212 5210 5196
f 5208 5212 5207
f 5211 4837 5197
f 4846 4837 5211
f 5200 5213 5199
f 5201 5214 5202
f 5201 5203 5215
f 5214 5201 5215
f 5203 5199 5213
f 5203 5213 5215
f 5215 5213 5216
f 5204 5217 5205
f 5204 5206 5218
f 5217 5204 5218
f 5206 5219 5218
f 5202 5219 5206
f 5202 5220 5219
f 5202 5214 5220
f 5215 5220 5214
f 5221 5220 5215
f 5216 5221 5215
f 5222 5221 5216
f 5209 5223 5224
f 5208 5209 5224
f 5217 5209 5205
f 5217 5225 5209
f 5225 5223 5209
f 5218 5225 5217
f 5226 5225 5218
f 5219 5226 5218
f 5210 5227 5211
f 5228 5227 5210
f 5228 5210 5229
f 5229 5210 5212
f 5224 5212 5208
f 5229 5212 5224
f 5230 5231 5232
f 5232 5233 5230
f 4846 5211 5227
f 4846 5227 4854
f 4854 5227 5234
f 5235 5227 5228
f 5234 5227 5235
f 5230 5236 5231
f 5234 4857 4854
f 5237 4857 5234
f 5235 5237 5234
f 5220 5238 5219
f 5220 5221 5239
f 5238 5220 5239
f 5221 5222 5240
f 5239 5221 5240
f 5223 5241 5224
f 5223 5225 5242
f 5241 5223 5242
f 5225 5226 5243
f 5242 5225 5243
f 5226 5219 5238
f 5226 5238 5243
f 5243 5238 5244
f 5239 5245 5238
f 5245 5244 5238
f 5240 5246 5239
f 5246 5245 5239
f 5229 5247 5228
f 5229 5224 5241
f 5229 5241 5247
f 5247 5241 5248
f 5242 5249 5241
f 5249 5248 5241
f 5232 5231 5249
f 5232 5249 5243
f 5243 5249 5242
f 5233 5232 5243
f 5233 5243 5250
f 5250 5243 5244
f 5245 5251 5244
f 5251 5250 5244
f 5252 5253 5251
f 5252 5251 5246
f 5246 5251 5245
f 5247 5254 5235
f 5228 5247 5235
f 5248 5255 5247
f 5255 5254 5247
f 5249 5256 5248
f 5256 5255 5248
f 5231 5236 5257
f 5231 5257 5249
f 5249 5257 5256
f 5236 5233 5250
f 5236 5250 5257
f 5258 5259 5250
f 5259 5257 5250
f 5260 5258 5250
f 5251 5260 5250
f 5253 5260 5251
f 4857 5237 5261
f 4862 4857 5261
f 5237 5235 5254
f 5237 5254 5261
f 5261 5254 5262
f 5255 5263 5254
f 5263 5262 5254
f 5256 5264 5255
f 5264 5263 5255
f 5261 5265 4862
f 5265 4864 4862
f 5262 5266 5261
f 5266 5265 5261
f 5267 5268 5266
f 5267 5266 5263
f 5263 5266 5262
f 5269 5267 5263
f 5264 5269 5263
f 5265 5270 4864
f 5270 4882 4864
f 5270 5271 4882
f 5271 4888 4882
f 5272 5273 4891
f 5272 4891 5271
f 5271 4891 4888
f 5274 5272 5271
f 5273 5275 4895
f 4891 5273 4895
f 5275 4896 4895
f 5276 5277 5278
f 5279 5276 5278
f 5280 5281 5282
f 5283 5280 5282
f 5284 5285 5280
f 5280 5285 5281
f 5278 5284 5279
f 5285 5284 5278
f 5286 5287 5288
f 5289 5286 5288
f 5282 5286 5283
f 5287 5286 5282
f 5290 5291 5292
f 5293 5291 5290
f 5294 5293 5290
f 5295 5296 5297
f 5298 5299 5300
f 5301 5298 5300
f 5299 5302 5303
f 5300 5299 5303
f 5302 5304 5305
f 5303 5302 5305
f 5294 5306 5307
f 5294 5307 5308
f 5308 5307 5309
f 5310 5301 5311
f 5310 5308 5301
f 5308 5309 5301
f 5300 5311 5301
f 5312 5311 5300
f 5303 5312 5300
f 5313 5312 5303
f 5305 5313 5303
f 5314 5313 5305
f 5291 5315 5295
f 5316 5315 5291
f 5316 5291 5317
f 5317 5291 5293
f 5308 5293 5294
f 5308 5318 5293
f 5318 5317 5293
f 5310 5318 5308
f 4915 5296 5319
f 4916 4915 5319
f 5296 5320 5319
f 5295 5320 5296
f 5295 5321 5320
f 5295 5315 5321
f 5316 5321 5315
f 5322 4918 4916
f 5322 4916 5323
f 5323 4916 5319
f 5324 5319 5320
f 5323 5319 5324
f 5311 5325 5310
f 5311 5312 5326
f 5325 5311 5326
f 5312 5313 5327
f 5326 5312 5327
f 5328 5327 5313
f 5328 5313 5329
f 5329 5313 5314
f 5317 5330 5316
f 5317 5318 5331
f 5330 5317 5331
f 5318 5310 5325
f 5318 5325 5331
f 5331 5325 5332
f 5326 5333 5325
f 5333 5332 5325
f 5327 5334 5326
f 5334 5333 5326
f 5335 5327 5328
f 5334 5327 5335
f 5321 5336 5320
f 5321 5316 5330
f 5321 5330 5336
f 5336 5330 5337
f 5331 5338 5330
f 5338 5337 5330
f 5339 5332 5340
f 5339 5338 5332
f 5338 5331 5332
f 5333 5340 5332
f 5341 5340 5333
f 5334 5341 5333
f 5342 5341 5334
f 5343 5344 5345
f 5335 5342 5334
f 5336 5346 5347
f 5336 5347 5320
f 5320 5347 5324
f 5337 5346 5336
f 5348 5346 5337
f 5348 5349 5350
f 5348 5337 5349
f 5337 5338 5349
f 5351 5338 5339
f 5351 5352 5338
f 5352 5349 5338
f 5352 5353 5354
f 5351 5353 5352
f 5354 5355 5356
f 5353 5355 5354
f 5345 5356 5355
f 5345 5344 5356
f 5344 5357 5356
f 5358 5359 5360
f 5358 5324 5359
f 5324 5347 5359
f 5349 5361 5350
f 5361 5362 5363
f 5361 5349 5362
f 5349 5352 5362
f 5354 5364 5352
f 5364 5362 5352
f 5356 5365 5354
f 5365 5364 5354
f 5357 5366 5356
f 5366 5365 5356
f 5329 5367 5328
f 5367 5368 5335
f 5328 5367 5335
f 5340 5369 5339
f 5340 5341 5370
f 5369 5340 5370
f 5341 5342 5371
f 5370 5341 5371
f 5342 5335 5368
f 5342 5368 5371
f 5343 5345 5368
f 5345 5371 5368
f 5346 5372 5347
f 5346 5348 5373
f 5372 5346 5373
f 5348 5350 5373
f 5339 5369 5351
f 5353 5351 5369
f 5370 5353 5369
f 5355 5353 5370
f 5371 5355 5370
f 5345 5355 5371
f 5372 5374 5359
f 5347 5372 5359
f 5373 5375 5372
f 5375 5374 5372
f 5350 5361 5376
f 5350 5376 5373
f 5373 5376 5375
f 5361 5363 5376
f 5377 5360 5359
f 5378 5360 5377
f 5379 5380 5381
f 5363 5379 5381
f 5363 5362 5379
f 5362 5382 5379
f 5364 5383 5362
f 5383 5382 5362
f 5365 5384 5364
f 5384 5383 5364
f 5366 5385 5365
f 5385 5384 5365
f 5378 5386 5387
f 5386 4622 5387
f 5388 5378 5377
f 5388 5389 5378
f 5389 5386 5378
f 5388 5390 5389
f 5391 5380 5379
f 5392 5380 5391
f 5382 5393 5379
f 5393 5391 5379
f 5383 5394 5382
f 5394 5393 5382
f 5384 5395 5383
f 5395 5394 5383
f 5385 5396 5384
f 5396 5395 5384
f 5397 5386 5398
f 5397 4623 5386
f 4623 4622 5386
f 5389 5398 5386
f 5399 5398 5389
f 5400 5401 5402
f 5390 5399 5389
f 5392 5401 5400
f 5392 5391 5401
f 5391 5403 5401
f 5393 5404 5391
f 5404 5403 5391
f 5394 5405 5393
f 5405 5404 5393
f 5395 5406 5394
f 5406 5405 5394
f 5396 5407 5395
f 5407 5406 5395
f 5397 4640 4623
f 5408 5409 5410
f 5402 5408 5410
f 5402 5401 5408
f 5401 5411 5408
f 5403 5412 5401
f 5412 5411 5401
f 5404 5413 5403
f 5413 5412 5403
f 5405 5414 5404
f 5414 5413 5404
f 5406 5415 5405
f 5415 5414 5405
f 5407 5416 5406
f 5416 5415 5406
f 5408 5417 5409
f 5411 5417 5408
f 5418 5417 5411
f 5418 5419 5420
f 5418 5411 5419
f 5411 5412 5419
f 5413 5421 5412
f 5421 5419 5412
f 5414 5422 5413
f 5422 5421 5413
f 5415 5423 5414
f 5423 5422 5414
f 5416 5424 5415
f 5424 5423 5415
f 5425 5426 5427
f 5420 5419 5428
f 5427 5429 5425
f 5428 5430 5431
f 5428 5419 5430
f 5419 5421 5430
f 5422 5432 5421
f 5432 5430 5421
f 5423 5433 5422
f 5433 5432 5422
f 5424 5434 5423
f 5434 5433 5423
f 5435 5426 5425
f 5436 5426 5435
f 5437 5425 5429
f 5437 5438 5425
f 5438 5435 5425
f 5431 5438 5437
f 5431 5430 5438
f 5430 5439 5438
f 5432 5440 5430
f 5440 5439 5430
f 5433 5441 5432
f 5441 5440 5432
f 5434 5442 5433
f 5442 5441 5433
f 5438 5443 5435
f 5443 5444 5435
f 5439 5445 5438
f 5445 5443 5438
f 5440 5446 5439
f 5446 5445 5439
f 5441 5447 5440
f 5447 5446 5440
f 5442 5448 5441
f 5448 5447 5441
f 5374 5449 5377
f 5359 5374 5377
f 5375 5450 5374
f 5450 5449 5374
f 5381 5380 5450
f 5381 5450 5376
f 5376 5450 5375
f 5363 5381 5376
f 5377 5449 5388
f 5390 5388 5449
f 5390 5449 5451
f 5451 5449 5450
f 5380 5392 5451
f 5450 5380 5451
f 5398 5452 5397
f 5398 5399 5453
f 5452 5398 5453
f 5399 5390 5451
f 5399 5451 5453
f 5400 5402 5451
f 5402 5453 5451
f 5392 5400 5451
f 4640 5397 5452
f 4640 5452 4654
f 4654 5452 5454
f 5410 5409 5454
f 5410 5454 5453
f 5453 5454 5452
f 5402 5410 5453
f 5454 5455 4654
f 5455 4661 4654
f 5409 5417 5456
f 5409 5456 5454
f 5454 5456 5455
f 5417 5418 5457
f 5456 5417 5457
f 5418 5420 5457
f 5455 5458 4661
f 5458 4669 4661
f 5456 5459 5455
f 5459 5458 5455
f 5427 5426 5459
f 5427 5459 5457
f 5457 5459 5456
f 5429 5427 5457
f 5429 5457 5460
f 5420 5428 5457
f 5428 5460 5457
f 5428 5431 5460
f 5458 5461 4669
f 5461 4677 4669
f 5459 5462 5458
f 5462 5461 5458
f 5426 5436 5462
f 5459 5426 5462
f 5429 5460 5437
f 5431 5437 5460
f 5461 5463 4677
f 5463 4685 4677
f 5462 5464 5461
f 5464 5463 5461
f 5436 5465 5464
f 5462 5436 5464
f 5443 5466 5444
f 5466 5467 5444
f 5445 5468 5443
f 5468 5466 5443
f 5446 5469 5445
f 5469 5468 5445
f 5447 5470 5446
f 5470 5469 5446
f 5448 5471 5447
f 5471 5470 5447
f 5472 5473 5474
f 5472 5467 5473
f 5467 5475 5473
f 5466 5476 5467
f 5476 5475 5467
f 5468 5477 5466
f 5477 5476 5466
f 5469 5478 5468
f 5478 5477 5468
f 5470 5479 5469
f 5479 5478 5469
f 5471 5480 5470
f 5480 5479 5470
f 5477 5481 5476
f 5481 5482 5476
f 5478 5483 5477
f 5483 5481 5477
f 5484 5485 5483
f 5484 5483 5479
f 5479 5483 5478
f 5486 5484 5479
f 5486 5479 5487
f 5487 5479 5480
f 5488 5489 5490
f 5488 5490 5481
f 5481 5490 5482
f 5491 5488 5481
f 5491 5481 5492
f 5492 5481 5483
f 5485 5493 5492
f 5483 5485 5492
f 5486 5487 5494
f 5495 5496 4937
f 5496 4938 4937
f 5497 5498 5495
f 5498 5496 5495
f 5499 5500 5497
f 5500 5498 5497
f 5490 5501 5499
f 5501 5500 5499
f 5489 5502 5501
f 5490 5489 5501
f 5491 5492 5503
f 5493 5503 5492
f 5496 5504 4938
f 5504 4939 4938
f 5498 5505 5496
f 5505 5504 5496
f 5500 5506 5498
f 5506 5505 5498
f 5507 5508 5506
f 5507 5506 5501
f 5501 5506 5500
f 5502 5507 5501
f 5504 5509 4939
f 5509 4941 4939
f 5505 5510 5504
f 5510 5509 5504
f 5511 5512 5510
f 5511 5510 5506
f 5506 5510 5505
f 5508 5511 5506
f 5509 5513 4941
f 5513 4950 4941
f 5514 5515 5513
f 5514 5513 5510
f 5510 5513 5509
f 5512 5514 5510
f 5516 5517 5518
f 5516 5519 5520
f 5516 5520 5517
f 5517 5520 5521
f 5463 5522 4685
f 5522 4958 4685
f 5464 5523 5463
f 5523 5522 5463
f 5465 5472 5523
f 5464 5465 5523
f 5522 5524 4958
f 5524 4966 4958
f 5474 5525 5524
f 5474 5524 5523
f 5523 5524 5522
f 5472 5474 5523
f 5524 5526 4966
f 5526 4974 4966
f 5525 5527 5526
f 5524 5525 5526
f 5528 4982 4974
f 5526 5528 4974
f 5527 5528 5526
f 5517 5529 5518
f 5517 5521 5530
f 5529 5517 5530
f 5531 5532 5533
f 5534 5535 5536
f 5537 5060 5538
f 5539 5014 4950
f 5513 5539 4950
f 5515 5539 5513
f 5540 5516 5518
f 5540 5518 5531
f 5531 5518 5541
f 5519 5516 5540
f 5542 5543 5544
f 5545 5543 5542
f 5545 5542 5546
f 5546 5542 5532
f 5541 5532 5531
f 5546 5532 5541
f 5547 5548 5549
f 5550 5547 5549
f 5551 5552 5547
f 5547 5552 5548
f 5543 5551 5544
f 5543 5553 5551
f 5553 5552 5551
f 5545 5553 5543
f 5554 5555 5556
f 5554 5557 5555
f 5550 5549 5534
f 5549 5558 5534
f 5555 5559 5560
f 5555 5560 5556
f 5556 5560 5537
f 5557 5559 5555
f 5557 5535 5559
f 5535 5561 5559
f 5558 5535 5534
f 5561 5535 5558
f 5560 5060 5537
f 5061 5060 5560
f 5529 5562 5541
f 5518 5529 5541
f 5563 5530 5564
f 5563 5562 5530
f 5562 5529 5530
f 5546 5565 5566
f 5545 5546 5566
f 5562 5546 5541
f 5562 5567 5546
f 5567 5565 5546
f 5563 5567 5562
f 5548 5568 5549
f 5548 5552 5569
f 5568 5548 5569
f 5570 5569 5552
f 5570 5552 5571
f 5571 5552 5553
f 5566 5553 5545
f 5571 5553 5566
f 5568 5572 5573
f 5568 5573 5549
f 5549 5573 5558
f 5569 5572 5568
f 5574 5572 5569
f 5570 5574 5569
f 5559 5575 5560
f 5576 5575 5559
f 5576 5559 5577
f 5577 5559 5561
f 5573 5561 5558
f 5577 5561 5573
f 5575 5061 5560
f 5575 5578 5061
f 5578 5083 5061
f 5576 5578 5575
f 5564 5579 5580
f 5563 5564 5580
f 5565 5581 5566
f 5582 5581 5565
f 5582 5565 5583
f 5583 5565 5567
f 5580 5567 5563
f 5583 5567 5580
f 5571 5584 5585
f 5570 5571 5585
f 5581 5571 5566
f 5581 5586 5571
f 5586 5584 5571
f 5582 5586 5581
f 5572 5587 5573
f 5588 5587 5572
f 5588 5572 5589
f 5589 5572 5574
f 5585 5574 5570
f 5589 5574 5585
f 5577 5590 5591
f 5576 5577 5591
f 5587 5577 5573
f 5587 5592 5577
f 5592 5590 5577
f 5588 5592 5587
f 5593 5090 5083
f 5593 5083 5594
f 5594 5083 5578
f 5591 5578 5576
f 5594 5578 5591
f 5593 5093 5090
f 5579 5595 5596
f 5580 5579 5596
f 5583 5597 5598
f 5582 5583 5598
f 5596 5583 5580
f 5597 5583 5596
f 5584 5599 5585
f 5600 5599 5584
f 5600 5584 5601
f 5601 5584 5586
f 5598 5586 5582
f 5601 5586 5598
f 5589 5602 5603
f 5588 5589 5603
f 5599 5589 5585
f 5599 5604 5589
f 5604 5602 5589
f 5600 5604 5599
f 5590 5605 5591
f 5606 5605 5590
f 5606 5590 5607
f 5607 5590 5592
f 5603 5592 5588
f 5607 5592 5603
f 5594 5608 5609
f 5593 5594 5609
f 5605 5594 5591
f 5605 5610 5594
f 5610 5608 5594
f 5606 5610 5605
f 5609 5093 5593
f 5098 5093 5609
f 5595 5611 5596
f 5597 5612 5598
f 5597 5613 5612
f 5596 5613 5597
f 5596 5614 5613
f 5596 5611 5614
f 5601 5615 5600
f 5601 5616 5615
f 5598 5616 5601
f 5598 5617 5616
f 5598 5612 5617
f 5613 5617 5612
f 5602 5618 5603
f 5619 5618 5602
f 5619 5602 5620
f 5620 5602 5604
f 5615 5604 5600
f 5615 5621 5604
f 5621 5620 5604
f 5616 5621 5615
f 5607 5622 5606
f 5607 5623 5622
f 5603 5623 5607
f 5603 5624 5623
f 5603 5618 5624
f 5619 5624 5618
f 5608 5625 5609
f 5626 5625 5608
f 5626 5608 5627
f 5627 5608 5610
f 5622 5610 5606
f 5622 5628 5610
f 5628 5627 5610
f 5623 5628 5622
f 5625 5098 5609
f 5625 5629 5098
f 5629 5102 5098
f 5626 5629 5625
f 5614 5630 5613
f 5617 5631 5632
f 5616 5617 5632
f 5630 5617 5613
f 5630 5633 5617
f 5633 5631 5617
f 5620 5634 5619
f 5635 5634 5620
f 5635 5620 5636
f 5636 5620 5621
f 5632 5621 5616
f 5636 5621 5632
f 5624 5637 5638
f 5623 5624 5638
f 5634 5624 5619
f 5634 5639 5624
f 5639 5637 5624
f 5635 5639 5634
f 5627 5640 5626
f 5641 5640 5627
f 5641 5627 5642
f 5642 5627 5628
f 5638 5628 5623
f 5642 5628 5638
f 5643 5107 5102
f 5643 5102 5644
f 5644 5102 5629
f 5640 5629 5626
f 5640 5645 5629
f 5645 5644 5629
f 5641 5645 5640
f 5643 5110 5107
f 5631 5646 5632
f 5647 5646 5631
f 5647 5631 5648
f 5648 5631 5633
f 5636 5649 5650
f 5635 5636 5650
f 5646 5636 5632
f 5646 5651 5636
f 5651 5649 5636
f 5647 5651 5646
f 5637 5652 5638
f 5653 5652 5637
f 5653 5637 5654
f 5654 5637 5639
f 5650 5639 5635
f 5654 5639 5650
f 5642 5655 5656
f 5641 5642 5656
f 5652 5642 5638
f 5652 5657 5642
f 5657 5655 5642
f 5653 5657 5652
f 5644 5658 5643
f 5659 5658 5644
f 5659 5644 5660
f 5660 5644 5645
f 5656 5645 5641
f 5660 5645 5656
f 5658 5110 5643
f 5658 5661 5110
f 5661 5111 5110
f 5659 5661 5658
f 5648 5662 5663
f 5647 5648 5663
f 5649 5664 5650
f 5665 5664 5649
f 5665 5649 5666
f 5666 5649 5651
f 5663 5651 5647
f 5666 5651 5663
f 5654 5667 5668
f 5653 5654 5668
f 5664 5654 5650
f 5664 5669 5654
f 5669 5667 5654
f 5665 5669 5664
f 5655 5670 5656
f 5671 5670 5655
f 5671 5655 5672
f 5672 5655 5657
f 5668 5657 5653
f 5672 5657 5668
f 5660 5673 5674
f 5659 5660 5674
f 5670 5660 5656
f 5670 5675 5660
f 5675 5673 5660
f 5671 5675 5670
f 5676 5113 5111
f 5676 5111 5677
f 5677 5111 5661
f 5674 5661 5659
f 5677 5661 5674
f 5662 5678 5663
f 5666 5679 5680
f 5665 5666 5680
f 5678 5666 5663
f 5678 5681 5666
f 5681 5679 5666
f 5667 5682 5668
f 5683 5682 5667
f 5683 5667 5684
f 5684 5667 5669
f 5680 5669 5665
f 5684 5669 5680
f 5672 5685 5686
f 5671 5672 5686
f 5682 5672 5668
f 5682 5687 5672
f 5687 5685 5672
f 5683 5687 5682
f 5673 5688 5674
f 5689 5688 5673
f 5689 5673 5690
f 5690 5673 5675
f 5686 5675 5671
f 5690 5675 5686
f 5677 5691 5692
f 5676 5677 5692
f 5688 5677 5674
f 5688 5693 5677
f 5693 5691 5677
f 5689 5693 5688
f 5679 5694 5680
f 5679 5681 5695
f 5694 5679 5695
f 5684 5696 5683
f 5684 5680 5694
f 5684 5694 5696
f 5696 5694 5697
f 5698 5695 5699
f 5698 5697 5695
f 5697 5694 5695
f 5685 5700 5686
f 5685 5687 5701
f 5700 5685 5701
f 5687 5702 5701
f 5683 5702 5687
f 5683 5703 5702
f 5683 5696 5703
f 5697 5703 5696
f 5704 5703 5697
f 5698 5704 5697
f 5690 5705 5689
f 5690 5706 5705
f 5686 5706 5690
f 5686 5707 5706
f 5686 5700 5707
f 5701 5707 5700
f 5708 5707 5701
f 5702 5708 5701
f 5691 5709 5692
f 5691 5693 5710
f 5709 5691 5710
f 5693 5711 5710
f 5689 5711 5693
f 5689 5712 5711
f 5689 5705 5712
f 5706 5712 5705
f 5699 5713 5698
f 5703 5714 5702
f 5703 5704 5715
f 5714 5703 5715
f 5704 5698 5713
f 5704 5713 5715
f 5715 5713 5716
f 5707 5717 5706
f 5707 5708 5718
f 5717 5707 5718
f 5708 5702 5714
f 5708 5714 5718
f 5718 5714 5719
f 5715 5720 5714
f 5720 5719 5714
f 5716 5721 5715
f 5721 5720 5715
f 5712 5722 5711
f 5712 5706 5717
f 5712 5717 5722
f 5722 5717 5723
f 5718 5724 5717
f 5724 5723 5717
f 5719 5725 5718
f 5725 5724 5718
f 5720 5726 5719
f 5726 5725 5719
f 5727 5728 5726
f 5727 5726 5721
f 5721 5726 5720
f 5676 5186 5113
f 5692 5186 5676
f 5200 5186 5692
f 5200 5729 5213
f 5692 5729 5200
f 5692 5730 5729
f 5692 5709 5730
f 5710 5730 5709
f 5731 5730 5710
f 5711 5731 5710
f 5732 5213 5729
f 5216 5213 5732
f 5733 5734 5735
f 5732 5222 5216
f 5733 5736 5734
f 5737 5735 5734
f 5738 5735 5737
f 5730 5739 5729
f 5730 5731 5740
f 5739 5730 5740
f 5731 5711 5722
f 5731 5722 5740
f 5740 5722 5741
f 5723 5742 5722
f 5742 5741 5722
f 5724 5743 5723
f 5743 5742 5723
f 5744 5745 5743
f 5744 5743 5725
f 5725 5743 5724
f 5746 5744 5725
f 5726 5746 5725
f 5728 5746 5726
f 5739 5747 5732
f 5729 5739 5732
f 5740 5748 5739
f 5748 5747 5739
f 5741 5749 5740
f 5749 5748 5740
f 5742 5750 5741
f 5750 5749 5741
f 5751 5752 5750
f 5751 5750 5743
f 5743 5750 5742
f 5745 5751 5743
f 5753 5754 5755
f 5222 5732 5747
f 5222 5747 5240
f 5733 5735 5747
f 5735 5240 5747
f 5736 5733 5747
f 5736 5747 5756
f 5756 5747 5748
f 5749 5757 5748
f 5757 5756 5748
f 5750 5758 5749
f 5758 5757 5749
f 5752 5759 5758
f 5750 5752 5758
f 5755 5754 5760
f 5735 5738 5246
f 5240 5735 5246
f 5736 5756 5761
f 5762 5761 5756
f 5757 5762 5756
f 5763 5762 5757
f 5758 5763 5757
f 5759 5763 5758
f 5738 5252 5246
f 5764 5765 5766
f 5767 5768 5769
f 5770 5767 5769
f 5771 5772 5767
f 5767 5772 5768
f 5773 5774 5771
f 5771 5774 5772
f 5775 5776 5773
f 5773 5776 5774
f 5769 5777 5770
f 5778 5777 5769
f 5768 5779 5769
f 5780 5779 5768
f 5780 5768 5781
f 5781 5768 5772
f 5774 5782 5772
f 5772 5782 5781
f 5776 5783 5774
f 5774 5783 5782
f 5778 5784 5785
f 5786 5778 5785
f 5779 5778 5769
f 5779 5787 5778
f 5787 5784 5778
f 5780 5787 5779
f 5788 5305 5304
f 5788 5304 5789
f 5789 5304 5790
f 5785 5790 5786
f 5789 5790 5785
f 5788 5314 5305
f 5781 5791 5792
f 5780 5781 5792
f 5782 5793 5781
f 5781 5793 5791
f 5783 5794 5782
f 5782 5794 5793
f 5795 5796 5783
f 5783 5796 5794
f 5784 5797 5798
f 5785 5784 5798
f 5787 5799 5784
f 5784 5799 5797
f 5792 5787 5780
f 5799 5787 5792
f 5789 5800 5801
f 5788 5789 5801
f 5798 5789 5785
f 5800 5789 5798
f 5801 5314 5788
f 5329 5314 5801
f 5802 5803 5804
f 5804 5805 5802
f 5803 5344 5343
f 5803 5802 5344
f 5802 5806 5344
f 5807 5802 5805
f 5806 5802 5807
f 5806 5808 5344
f 5808 5357 5344
f 5809 5806 5807
f 5809 5810 5806
f 5810 5808 5806
f 5809 5811 5810
f 5808 5812 5357
f 5812 5366 5357
f 5813 5810 5814
f 5813 5812 5810
f 5812 5808 5810
f 5811 5814 5810
f 5791 5815 5816
f 5792 5791 5816
f 5793 5817 5791
f 5791 5817 5815
f 5794 5818 5793
f 5793 5818 5817
f 5797 5819 5820
f 5798 5797 5820
f 5799 5821 5797
f 5797 5821 5819
f 5816 5799 5792
f 5821 5799 5816
f 5800 5822 5823
f 5801 5800 5823
f 5820 5800 5798
f 5822 5800 5820
f 5329 5824 5367
f 5329 5801 5824
f 5801 5823 5824
f 5803 5825 5804
f 5803 5367 5825
f 5803 5368 5367
f 5824 5825 5367
f 5825 5805 5804
f 5826 5805 5825
f 5803 5343 5368
f 5805 5826 5807
f 5826 5827 5807
f 5807 5827 5828
f 5809 5807 5828
f 5828 5811 5809
f 5829 5811 5828
f 5814 5830 5813
f 5814 5831 5830
f 5814 5811 5831
f 5811 5829 5831
f 5815 5832 5833
f 5816 5815 5833
f 5817 5834 5815
f 5815 5834 5832
f 5818 5835 5817
f 5817 5835 5834
f 5819 5836 5837
f 5820 5819 5837
f 5821 5838 5819
f 5819 5838 5836
f 5833 5821 5816
f 5838 5821 5833
f 5822 5839 5840
f 5823 5822 5840
f 5837 5822 5820
f 5839 5822 5837
f 5841 5842 5824
f 5841 5824 5840
f 5840 5824 5823
f 5841 5843 5842
f 5824 5842 5825
f 5842 5826 5825
f 5842 5843 5826
f 5843 5844 5826
f 5845 5846 5827
f 5845 5827 5844
f 5844 5827 5826
f 5845 5847 5846
f 5827 5846 5828
f 5846 5829 5828
f 5846 5847 5829
f 5847 5848 5829
f 5829 5848 5831
f 5848 5849 5831
f 5850 5851 5852
f 5850 5833 5832
f 5850 5832 5851
f 5851 5832 5853
f 5834 5854 5832
f 5832 5854 5853
f 5835 5855 5834
f 5834 5855 5854
f 5836 5856 5857
f 5837 5836 5857
f 5852 5838 5850
f 5852 5856 5838
f 5856 5836 5838
f 5833 5850 5838
f 5839 5858 5859
f 5840 5839 5859
f 5857 5839 5837
f 5858 5839 5857
f 5840 5859 5860
f 5841 5840 5860
f 5860 5843 5841
f 5861 5843 5860
f 5843 5861 5844
f 5861 5862 5844
f 5844 5862 5863
f 5845 5844 5863
f 5863 5847 5845
f 5864 5847 5863
f 5847 5864 5848
f 5864 5865 5848
f 5866 5867 5849
f 5866 5849 5865
f 5865 5849 5848
f 5866 5868 5867
f 5851 5869 5870
f 5852 5851 5870
f 5871 5872 5855
f 5855 5872 5873
f 5856 5874 5875
f 5857 5856 5875
f 5870 5856 5852
f 5874 5856 5870
f 5858 5876 5877
f 5859 5858 5877
f 5875 5858 5857
f 5876 5858 5875
f 5859 5877 5878
f 5860 5859 5878
f 5878 5861 5860
f 5879 5861 5878
f 5861 5879 5862
f 5879 5880 5862
f 5862 5880 5881
f 5863 5862 5881
f 5881 5864 5863
f 5882 5864 5881
f 5864 5882 5865
f 5882 5883 5865
f 5865 5883 5884
f 5866 5865 5884
f 5884 5868 5866
f 5885 5868 5884
f 5869 5886 5870
f 5874 5887 5888
f 5875 5874 5888
f 5886 5874 5870
f 5886 5889 5874
f 5889 5887 5874
f 5890 5889 5886
f 5876 5891 5892
f 5877 5876 5892
f 5888 5876 5875
f 5891 5876 5888
f 5877 5892 5893
f 5878 5877 5893
f 5893 5879 5878
f 5894 5879 5893
f 5879 5894 5880
f 5894 5895 5880
f 5880 5895 5896
f 5881 5880 5896
f 5896 5882 5881
f 5897 5882 5896
f 5882 5897 5883
f 5897 5898 5883
f 5883 5898 5899
f 5884 5883 5899
f 5899 5885 5884
f 5900 5885 5899
f 5901 5902 5903
f 5901 5890 5904
f 5901 5904 5902
f 5902 5904 5905
f 5906 5907 5908
f 5906 5905 5907
f 5905 5904 5907
f 5909 5908 5907
f 5887 5910 5911
f 5888 5887 5911
f 5903 5889 5901
f 5903 5910 5889
f 5910 5887 5889
f 5890 5901 5889
f 5891 5912 5913
f 5892 5891 5913
f 5911 5891 5888
f 5912 5891 5911
f 5892 5913 5914
f 5893 5892 5914
f 5914 5894 5893
f 5915 5894 5914
f 5894 5915 5895
f 5915 5916 5895
f 5895 5916 5917
f 5896 5895 5917
f 5917 5897 5896
f 5918 5897 5917
f 5919 5920 5898
f 5919 5898 5918
f 5918 5898 5897
f 5919 5921 5920
f 5898 5920 5899
f 5920 5900 5899
f 5920 5921 5900
f 5921 5922 5900
f 5902 5923 5924
f 5903 5902 5924
f 5905 5925 5902
f 5902 5925 5923
f 5926 5905 5906
f 5925 5905 5926
f 5910 5927 5928
f 5911 5910 5928
f 5924 5910 5903
f 5927 5910 5924
f 5912 5929 5913
f 5912 5930 5929
f 5912 5911 5930
f 5911 5928 5930
f 5913 5929 5914
f 5929 5915 5914
f 5929 5930 5915
f 5930 5931 5915
f 5932 5933 5916
f 5932 5916 5931
f 5931 5916 5915
f 5932 5934 5933
f 5916 5933 5917
f 5933 5918 5917
f 5933 5934 5918
f 5934 5935 5918
f 5918 5935 5936
f 5919 5918 5936
f 5936 5921 5919
f 5937 5921 5936
f 5921 5937 5922
f 5937 5938 5922
f 5923 5939 5940
f 5924 5923 5940
f 5925 5941 5923
f 5923 5941 5939
f 5942 5925 5926
f 5942 5943 5925
f 5943 5941 5925
f 5944 5943 5942
f 5927 5945 5946
f 5928 5927 5946
f 5940 5927 5924
f 5945 5927 5940
f 5928 5946 5930
f 5946 5947 5930
f 5948 5949 5931
f 5948 5931 5947
f 5947 5931 5930
f 5948 5950 5949
f 5931 5949 5932
f 5949 5934 5932
f 5949 5950 5934
f 5950 5951 5934
f 5952 5953 5935
f 5952 5935 5951
f 5951 5935 5934
f 5952 5954 5953
f 5935 5953 5936
f 5953 5937 5936
f 5953 5954 5937
f 5954 5955 5937
f 5956 5957 5938
f 5956 5938 5955
f 5955 5938 5937
f 5956 5958 5957
f 5939 5959 5940
f 5939 5941 5960
f 5959 5939 5960
f 5941 5943 5961
f 5960 5941 5961
f 5943 5944 5962
f 5943 5962 5961
f 5961 5962 5963
f 5945 5964 5946
f 5945 5965 5964
f 5940 5965 5945
f 5940 5966 5965
f 5940 5959 5966
f 5960 5966 5959
f 5967 5966 5960
f 5967 5968 5969
f 5967 5960 5968
f 5960 5961 5968
f 5963 5970 5961
f 5970 5968 5961
f 5971 5972 5963
f 5972 5970 5963
f 5973 5974 5971
f 5974 5972 5971
f 5964 5975 5947
f 5946 5964 5947
f 5976 5964 5965
f 5976 5977 5964
f 5977 5975 5964
f 5977 5978 5979
f 5976 5978 5977
f 5969 5979 5978
f 5969 5968 5979
f 5968 5980 5979
f 5970 5981 5968
f 5981 5980 5968
f 5972 5982 5970
f 5982 5981 5970
f 5947 5975 5948
f 5950 5948 5975
f 5950 5975 5983
f 5983 5975 5977
f 5984 5979 5985
f 5984 5983 5979
f 5983 5977 5979
f 5980 5985 5979
f 5986 5985 5980
f 5983 5987 5988
f 5983 5988 5950
f 5950 5988 5951
f 5984 5987 5983
f 5951 5988 5989
f 5952 5951 5989
f 5989 5954 5952
f 5990 5954 5989
f 5991 5992 5993
f 5994 5995 5955
f 5994 5955 5990
f 5990 5955 5954
f 5994 5996 5995
f 5955 5995 5956
f 5995 5958 5956
f 5995 5996 5958
f 5996 5997 5958
f 5966 5998 5965
f 5966 5967 5999
f 5998 5966 5999
f 5967 5969 5999
f 5965 5998 5976
f 5978 5976 5998
f 5999 5978 5998
f 5969 5978 5999
f 5985 6000 5984
f 5985 5986 6001
f 6000 5985 6001
f 5987 6002 5988
f 5987 5984 6000
f 5987 6000 6002
f 6002 6000 6003
f 6001 6004 6000
f 6004 6003 6000
f 5988 6002 5989
f 5990 5989 6002
f 5990 6002 6005
f 6005 6002 6003
f 6004 6006 6003
f 6006 6005 6003
f 5993 5992 6007
f 5993 6007 6004
f 6004 6007 6006
f 5990 6005 5994
f 5996 5994 6005
f 5996 6005 6008
f 6008 6005 6006
f 6007 6009 6006
f 6009 6008 6006
f 6008 6010 5997
f 5996 6008 5997
f 6009 6011 6008
f 6011 6010 6008
f 5812 6012 5366
f 6012 5385 5366
f 6013 5812 5813
f 6013 6014 5812
f 6014 6012 5812
f 6014 6015 6016
f 6013 6015 6014
f 6015 6017 6016
f 6012 6018 5385
f 6018 5396 5385
f 6014 6019 6012
f 6019 6018 6012
f 6020 6021 6019
f 6020 6019 6016
f 6016 6019 6014
f 6016 6022 6020
f 6016 6017 6022
f 6017 6023 6022
f 6018 6024 5396
f 6024 5407 5396
f 6019 6025 6018
f 6025 6024 6018
f 6021 6026 6027
f 6021 6027 6019
f 6019 6027 6025
f 6022 6023 6027
f 6022 6027 6026
f 6023 6028 6027
f 6029 6027 6030
f 6028 6030 6027
f 6028 6031 6030
f 6032 6031 6028
f 6024 6033 5407
f 6033 5416 5407
f 6025 6034 6024
f 6034 6033 6024
f 6035 6036 6034
f 6035 6034 6027
f 6027 6034 6025
f 6029 6035 6027
f 6031 6032 6037
f 6032 6038 6037
f 6033 6039 5416
f 6039 5424 5416
f 6034 6040 6033
f 6040 6039 6033
f 6036 6041 6042
f 6036 6042 6034
f 6034 6042 6040
f 6041 6043 6042
f 6044 6045 6046
f 6044 6046 6038
f 6038 6046 6037
f 6044 6047 6045
f 6039 6048 5424
f 6048 5434 5424
f 6040 6049 6039
f 6049 6048 6039
f 6050 6051 6049
f 6050 6049 6042
f 6042 6049 6040
f 6043 6050 6042
f 6046 6045 6052
f 6045 6053 6052
f 6045 6047 6053
f 6047 6054 6053
f 6048 6055 5434
f 6055 5442 5434
f 6049 6056 6048
f 6056 6055 6048
f 6051 6057 6058
f 6051 6058 6049
f 6049 6058 6056
f 6057 6059 6058
f 6053 6054 6060
f 6061 6053 6060
f 6060 6062 6061
f 6063 6062 6060
f 6055 6064 5442
f 6064 5448 5442
f 6056 6065 6055
f 6065 6064 6055
f 6066 6067 6065
f 6066 6065 6058
f 6058 6065 6056
f 6059 6066 6058
f 6062 6063 6068
f 6063 6069 6068
f 5813 5830 6013
f 5830 5831 6070
f 5830 6070 6013
f 6013 6070 6015
f 6070 6017 6015
f 6071 6017 6070
f 6017 6071 6023
f 6071 6072 6023
f 6023 6072 6073
f 6028 6023 6073
f 6073 6032 6028
f 6074 6032 6073
f 6075 6076 6038
f 6075 6038 6074
f 6074 6038 6032
f 6075 6077 6076
f 6038 6076 6044
f 6076 6047 6044
f 6076 6077 6047
f 6077 6078 6047
f 6079 6080 6054
f 6079 6054 6078
f 6078 6054 6047
f 6079 6081 6080
f 6054 6080 6060
f 6080 6063 6060
f 6080 6081 6063
f 6081 6082 6063
f 6083 6084 6069
f 6083 6069 6082
f 6082 6069 6063
f 6083 6085 6084
f 5831 5849 6086
f 6070 5831 6086
f 6086 6071 6070
f 6087 6071 6086
f 6071 6087 6072
f 6087 6088 6072
f 6072 6088 6089
f 6073 6072 6089
f 6089 6074 6073
f 6090 6074 6089
f 6074 6090 6091
f 6075 6074 6091
f 6091 6077 6075
f 6092 6077 6091
f 6077 6092 6078
f 6092 6093 6078
f 6078 6093 6094
f 6079 6078 6094
f 6094 6081 6079
f 6095 6081 6094
f 6081 6095 6082
f 6095 6096 6082
f 6082 6096 6097
f 6083 6082 6097
f 6097 6085 6083
f 6098 6085 6097
f 5849 5867 6086
f 5867 6087 6086
f 5867 5868 6087
f 5868 6099 6087
f 6100 6101 6088
f 6100 6088 6099
f 6099 6088 6087
f 6100 6102 6101
f 6088 6101 6089
f 6101 6090 6089
f 6101 6102 6090
f 6102 6103 6090
f 6090 6103 6104
f 6091 6090 6104
f 6104 6092 6091
f 6105 6092 6104
f 6092 6105 6093
f 6105 6106 6093
f 6093 6106 6107
f 6094 6093 6107
f 6107 6095 6094
f 6108 6095 6107
f 6109 6110 6096
f 6109 6096 6108
f 6108 6096 6095
f 6109 6111 6110
f 6096 6110 6097
f 6110 6098 6097
f 6110 6111 6098
f 6111 6112 6098
f 5868 5885 6099
f 5885 6113 6099
f 6099 6113 6114
f 6100 6099 6114
f 6114 6102 6100
f 6115 6102 6114
f 6102 6115 6103
f 6115 6116 6103
f 6103 6116 6117
f 6104 6103 6117
f 6117 6105 6104
f 6118 6105 6117
f 6119 6120 6106
f 6119 6106 6118
f 6118 6106 6105
f 6119 6121 6120
f 6106 6120 6107
f 6120 6108 6107
f 6120 6121 6108
f 6121 6122 6108
f 6108 6122 6123
f 6109 6108 6123
f 6123 6111 6109
f 6124 6111 6123
f 6111 6124 6112
f 6124 6125 6112
f 5885 5900 6113
f 5900 6126 6113
f 6113 6126 6127
f 6114 6113 6127
f 6127 6115 6114
f 6128 6115 6127
f 6129 6130 6116
f 6129 6116 6128
f 6128 6116 6115
f 6129 6131 6130
f 6116 6130 6117
f 6130 6118 6117
f 6130 6131 6118
f 6131 6132 6118
f 6118 6132 6133
f 6119 6118 6133
f 6133 6121 6119
f 6134 6121 6133
f 6121 6134 6122
f 6134 6135 6122
f 6122 6135 6136
f 6123 6122 6136
f 6136 6124 6123
f 6137 6124 6136
f 6138 6139 6125
f 6138 6125 6137
f 6137 6125 6124
f 6140 6141 6126
f 6140 6126 5922
f 5922 6126 5900
f 6140 6142 6141
f 6126 6141 6127
f 6141 6128 6127
f 6141 6142 6128
f 6142 6143 6128
f 6128 6143 6144
f 6129 6128 6144
f 6144 6131 6129
f 6145 6131 6144
f 6131 6145 6132
f 6145 6146 6132
f 6132 6146 6147
f 6133 6132 6147
f 6147 6134 6133
f 6148 6134 6147
f 6134 6148 6135
f 6148 6149 6135
f 6135 6149 6150
f 6136 6135 6150
f 6150 6137 6136
f 6151 6137 6150
f 6137 6151 6152
f 6138 6137 6152
f 5922 5938 6153
f 6140 5922 6153
f 6153 6142 6140
f 6154 6142 6153
f 6142 6154 6143
f 6154 6155 6143
f 6143 6155 6156
f 6144 6143 6156
f 6156 6145 6144
f 6157 6145 6156
f 6158 6159 6146
f 6158 6146 6157
f 6157 6146 6145
f 6158 6160 6159
f 6146 6159 6147
f 6159 6148 6147
f 6159 6160 6148
f 6160 6161 6148
f 6162 6163 6149
f 6162 6149 6161
f 6161 6149 6148
f 6162 6164 6163
f 6149 6163 6150
f 6163 6151 6150
f 6163 6164 6151
f 6164 6165 6151
f 6151 6165 6166
f 6152 6151 6166
f 5938 5957 6153
f 5957 6154 6153
f 5957 5958 6154
f 5958 6167 6154
f 6168 6169 6155
f 6168 6155 6167
f 6167 6155 6154
f 6168 6170 6169
f 6155 6169 6156
f 6169 6157 6156
f 6169 6170 6157
f 6170 6171 6157
f 6157 6171 6172
f 6158 6157 6172
f 6172 6160 6158
f 6173 6160 6172
f 6160 6173 6161
f 6173 6174 6161
f 6161 6174 6175
f 6162 6161 6175
f 6175 6164 6162
f 6176 6164 6175
f 6177 6178 6165
f 6177 6165 6176
f 6176 6165 6164
f 6165 6178 6166
f 6179 6180 6167
f 6179 6167 5997
f 5997 6167 5958
f 6179 6181 6180
f 6167 6180 6168
f 6170 6182 6183
f 6168 6182 6170
f 6168 6181 6182
f 6168 6180 6181
f 6182 6184 6183
f 6183 6185 6171
f 6170 6183 6171
f 6186 6183 6184
f 6186 6187 6183
f 6187 6185 6183
f 6186 6188 6187
f 6171 6185 6172
f 6173 6172 6185
f 6173 6185 6189
f 6189 6185 6187
f 6190 6187 6188
f 6190 6191 6187
f 6191 6189 6187
f 6189 6192 6174
f 6173 6189 6174
f 6191 6193 6189
f 6193 6192 6189
f 6174 6192 6175
f 6176 6175 6192
f 6176 6192 6194
f 6194 6192 6193
f 6176 6194 6177
f 5997 6010 6179
f 6181 6179 6010
f 6181 6010 6195
f 6195 6010 6011
f 6196 6197 6011
f 6197 6195 6011
f 6181 6195 6182
f 6184 6182 6195
f 6184 6195 6198
f 6198 6195 6197
f 6184 6198 6186
f 6188 6186 6198
f 6188 6198 6199
f 6199 6198 6200
f 6188 6199 6190
f 6201 6202 6203
f 6204 6202 6201
f 6202 6204 6205
f 6204 6206 6205
f 6206 6207 6205
f 6208 6207 6206
f 6209 6210 6211
f 6209 6212 6210
f 6212 6213 6210
f 6214 6211 6210
f 6212 6215 6216
f 6217 6215 6212
f 6209 6217 6212
f 6218 6219 6220
f 6221 6219 6218
f 6221 6222 6219
f 6221 6223 6222
f 6224 6222 6223
f 6219 6225 6220
f 6226 5520 6227
f 6228 5520 6226
f 6229 6228 6226
f 6064 6230 5448
f 6230 5471 5448
f 6065 6231 6064
f 6231 6230 6064
f 6067 6232 6231
f 6065 6067 6231
f 6068 6069 6233
f 6201 6068 6233
f 6233 6204 6201
f 6234 6204 6233
f 6235 6236 5480
f 6235 5480 6230
f 6230 5480 5471
f 6237 6235 6230
f 6231 6237 6230
f 6232 6237 6231
f 6238 6239 6206
f 6238 6206 6234
f 6234 6206 6204
f 6236 6240 5487
f 5480 6236 5487
f 6208 6241 6242
f 6214 6208 6242
f 6239 6208 6206
f 6239 6243 6208
f 6243 6241 6208
f 6240 5494 5487
f 6211 6244 6245
f 6209 6211 6245
f 6242 6211 6214
f 6244 6211 6242
f 6246 6247 6248
f 6246 6224 6215
f 6246 6215 6247
f 6249 6250 6215
f 6250 6247 6215
f 6251 6249 6215
f 6251 6215 6252
f 6252 6215 6217
f 6245 6217 6209
f 6252 6217 6245
f 6222 6246 6248
f 6222 6248 6219
f 6219 6248 6253
f 6249 6254 6250
f 6224 6246 6222
f 6251 6254 6249
f 6225 6255 6256
f 6229 6225 6256
f 6253 6225 6219
f 6255 6225 6253
f 6228 6257 5520
f 5520 6257 5521
f 6256 6228 6229
f 6257 6228 6256
f 6069 6084 6233
f 6084 6234 6233
f 6084 6085 6234
f 6085 6258 6234
f 6234 6258 6259
f 6238 6234 6259
f 6241 6260 6242
f 6261 6260 6241
f 6261 6241 6262
f 6262 6241 6243
f 6244 6263 6245
f 6244 6264 6263
f 6242 6264 6244
f 6242 6265 6264
f 6242 6260 6265
f 6261 6265 6260
f 6247 6266 6248
f 6247 6250 6266
f 6252 6267 6268
f 6251 6252 6268
f 6263 6252 6245
f 6263 6269 6252
f 6269 6267 6252
f 6264 6269 6263
f 6266 6270 6253
f 6248 6266 6253
f 6250 6270 6266
f 6250 6271 6270
f 6250 6254 6271
f 6271 6272 6270
f 6268 6254 6251
f 6271 6254 6268
f 6255 6273 6256
f 6255 6274 6273
f 6253 6274 6255
f 6253 6275 6274
f 6253 6270 6275
f 6272 6275 6270
f 6276 5530 5521
f 6276 5521 6277
f 6277 5521 6257
f 6273 6257 6256
f 6273 6278 6257
f 6278 6277 6257
f 6274 6278 6273
f 6085 6098 6258
f 6098 6279 6258
f 6258 6279 6280
f 6259 6258 6280
f 6262 6281 6282
f 6261 6262 6282
f 6265 6283 6284
f 6264 6265 6284
f 6282 6265 6261
f 6283 6265 6282
f 6267 6285 6268
f 6286 6285 6267
f 6286 6267 6287
f 6287 6267 6269
f 6284 6269 6264
f 6287 6269 6284
f 6271 6288 6289
f 6272 6271 6289
f 6285 6271 6268
f 6285 6290 6271
f 6290 6288 6271
f 6286 6290 6285
f 6275 6291 6292
f 6274 6275 6292
f 6289 6275 6272
f 6291 6275 6289
f 6277 6293 6276
f 6294 6293 6277
f 6294 6277 6295
f 6295 6277 6278
f 6292 6278 6274
f 6295 6278 6292
f 6296 6297 6279
f 6296 6279 6112
f 6112 6279 6098
f 6279 6297 6280
f 6281 6298 6282
f 6283 6299 6284
f 6283 6282 6298
f 6283 6298 6299
f 6299 6298 6300
f 6287 6301 6286
f 6287 6302 6301
f 6284 6302 6287
f 6284 6303 6302
f 6284 6299 6303
f 6300 6303 6299
f 6304 6303 6300
f 6288 6305 6289
f 6288 6290 6306
f 6305 6288 6306
f 6290 6307 6306
f 6286 6307 6290
f 6286 6308 6307
f 6286 6301 6308
f 6302 6308 6301
f 6291 6309 6292
f 6291 6310 6309
f 6289 6310 6291
f 6289 6311 6310
f 6289 6305 6311
f 6306 6311 6305
f 6312 6311 6306
f 6307 6312 6306
f 6295 6313 6294
f 6295 6314 6313
f 6292 6314 6295
f 6292 6315 6314
f 6292 6309 6315
f 6310 6315 6309
f 6112 6125 6316
f 6296 6112 6316
f 6303 6317 6302
f 6318 6317 6303
f 6318 6303 6319
f 6319 6303 6304
f 6308 6320 6321
f 6307 6308 6321
f 6317 6308 6302
f 6317 6322 6308
f 6322 6320 6308
f 6318 6322 6317
f 6311 6323 6310
f 6324 6323 6311
f 6324 6311 6325
f 6325 6311 6312
f 6321 6312 6307
f 6325 6312 6321
f 6315 6326 6327
f 6314 6315 6327
f 6323 6315 6310
f 6323 6328 6315
f 6328 6326 6315
f 6324 6328 6323
f 6125 6139 6316
f 6319 6329 6330
f 6318 6319 6330
f 6320 6331 6321
f 6332 6331 6320
f 6332 6320 6333
f 6333 6320 6322
f 6330 6322 6318
f 6333 6322 6330
f 6325 6334 6335
f 6324 6325 6335
f 6331 6325 6321
f 6331 6336 6325
f 6336 6334 6325
f 6332 6336 6331
f 6326 6337 6327
f 6338 6337 6326
f 6338 6326 6339
f 6339 6326 6328
f 6335 6328 6324
f 6339 6328 6335
f 6329 6340 6330
f 6333 6341 6342
f 6332 6333 6342
f 6340 6333 6330
f 6340 6343 6333
f 6343 6341 6333
f 6334 6344 6335
f 6345 6344 6334
f 6345 6334 6346
f 6346 6334 6336
f 6342 6336 6332
f 6346 6336 6342
f 6339 6347 6348
f 6338 6339 6348
f 6344 6339 6335
f 6344 6349 6339
f 6349 6347 6339
f 6345 6349 6344
f 6341 6350 6342
f 6351 6350 6341
f 6351 6341 6352
f 6352 6341 6343
f 6346 6353 6354
f 6345 6346 6354
f 6350 6346 6342
f 6350 6355 6346
f 6355 6353 6346
f 6351 6355 6350
f 6347 6356 6348
f 6357 6356 6347
f 6357 6347 6358
f 6358 6347 6349
f 6354 6349 6345
f 6358 6349 6354
f 6352 6359 6360
f 6351 6352 6360
f 6353 6361 6354
f 6362 6361 6353
f 6362 6353 6363
f 6363 6353 6355
f 6360 6355 6351
f 6363 6355 6360
f 6358 6364 6365
f 6357 6358 6365
f 6361 6358 6354
f 6361 6366 6358
f 6366 6364 6358
f 6362 6366 6361
f 6359 6367 6360
f 6363 6368 6362
f 6363 6369 6368
f 6360 6369 6363
f 6360 6370 6369
f 6360 6367 6370
f 6364 6371 6365
f 6364 6366 6372
f 6371 6364 6372
f 6366 6373 6372
f 6362 6373 6366
f 6362 6374 6373
f 6362 6368 6374
f 6369 6374 6368
f 6370 6375 6369
f 6374 6376 6373
f 6374 6369 6375
f 6374 6375 6376
f 6376 6375 6377
f 6276 5564 5530
f 6293 5564 6276
f 6293 6378 5564
f 6378 5579 5564
f 6294 6378 6293
f 6378 6379 5579
f 5579 6379 5595
f 6313 6378 6294
f 6313 6380 6378
f 6380 6379 6378
f 6314 6380 6313
f 5595 6379 6381
f 5611 5595 6381
f 6382 6381 6379
f 6382 6379 6383
f 6383 6379 6380
f 6327 6380 6314
f 6383 6380 6327
f 6381 5614 5611
f 6384 5614 6381
f 6382 6384 6381
f 6383 6385 6386
f 6382 6383 6386
f 6337 6383 6327
f 6337 6387 6383
f 6387 6385 6383
f 6338 6387 6337
f 6388 5630 5614
f 6388 5614 6389
f 6389 5614 6384
f 6386 6384 6382
f 6389 6384 6386
f 6388 5633 5630
f 6385 6390 6386
f 6391 6390 6385
f 6391 6385 6392
f 6392 6385 6387
f 6348 6387 6338
f 6392 6387 6348
f 6389 6393 6394
f 6388 6389 6394
f 6390 6389 6386
f 6390 6395 6389
f 6395 6393 6389
f 6391 6395 6390
f 6394 5633 6388
f 5648 5633 6394
f 6392 6396 6397
f 6391 6392 6397
f 6356 6392 6348
f 6356 6398 6392
f 6398 6396 6392
f 6357 6398 6356
f 6393 6399 6394
f 6400 6399 6393
f 6400 6393 6401
f 6401 6393 6395
f 6397 6395 6391
f 6401 6395 6397
f 6399 5648 6394
f 6399 6402 5648
f 6402 5662 5648
f 6400 6402 6399
f 6396 6403 6397
f 6404 6403 6396
f 6404 6396 6405
f 6405 6396 6398
f 6365 6398 6357
f 6405 6398 6365
f 6401 6406 6407
f 6400 6401 6407
f 6403 6401 6397
f 6403 6408 6401
f 6408 6406 6401
f 6404 6408 6403
f 6409 5678 5662
f 6409 5662 6410
f 6410 5662 6402
f 6407 6402 6400
f 6410 6402 6407
f 6409 5681 5678
f 6405 6411 6404
f 6405 6365 6371
f 6405 6371 6411
f 6411 6371 6412
f 6413 6372 6414
f 6413 6412 6372
f 6412 6371 6372
f 6373 6414 6372
f 6406 6415 6407
f 6406 6408 6416
f 6415 6406 6416
f 6408 6417 6416
f 6404 6417 6408
f 6404 6418 6417
f 6404 6411 6418
f 6412 6418 6411
f 6419 6418 6412
f 6413 6419 6412
f 6410 6420 6409
f 6410 6407 6415
f 6410 6415 6420
f 6420 6415 6421
f 6416 6422 6415
f 6422 6421 6415
f 6423 6416 6417
f 6422 6416 6423
f 5681 6409 6420
f 5681 6420 5695
f 5695 6420 6424
f 6421 6425 6420
f 6425 6424 6420
f 6426 6422 6427
f 6426 6425 6422
f 6425 6421 6422
f 6423 6427 6422
f 5699 6428 6429
f 5699 5695 6428
f 5695 6424 6428
f 6430 6425 6431
f 6430 6428 6425
f 6428 6424 6425
f 6426 6431 6425
f 6428 6432 6429
f 6433 6434 6435
f 6430 6432 6428
f 6414 6436 6413
f 6414 6373 6376
f 6414 6376 6436
f 6436 6376 6437
f 6377 6438 6376
f 6438 6437 6376
f 6418 6439 6417
f 6418 6419 6440
f 6439 6418 6440
f 6419 6413 6436
f 6419 6436 6440
f 6440 6436 6441
f 6437 6442 6436
f 6442 6441 6436
f 6438 6443 6437
f 6443 6442 6437
f 6439 6444 6423
f 6417 6439 6423
f 6440 6445 6439
f 6445 6444 6439
f 6441 6446 6440
f 6446 6445 6440
f 6442 6447 6441
f 6447 6446 6441
f 6443 6448 6442
f 6448 6447 6442
f 6427 6449 6426
f 6427 6423 6444
f 6427 6444 6449
f 6449 6444 6450
f 6451 6452 6450
f 6451 6450 6445
f 6445 6450 6444
f 6453 6451 6445
f 6446 6453 6445
f 6454 6453 6446
f 6447 6454 6446
f 6455 6454 6447
f 6455 6447 6456
f 6456 6447 6448
f 5699 6429 5713
f 6431 6457 6430
f 6431 6426 6449
f 6431 6449 6457
f 6457 6449 6458
f 6459 6460 6458
f 6459 6458 6450
f 6450 6458 6449
f 6452 6459 6450
f 6455 6456 6461
f 6429 6432 6462
f 6429 6462 5713
f 5713 6462 5716
f 6432 6430 6457
f 6432 6457 6462
f 6433 6435 6457
f 6435 6462 6457
f 6463 6433 6457
f 6458 6463 6457
f 6460 6463 6458
f 6464 6465 5721
f 6464 5721 6462
f 6462 5721 5716
f 6435 6464 6462
f 6465 5727 5721
f 6466 6467 2719
f 2719 6467 2720
f 6468 6467 6466
f 6469 6467 6468
f 6467 6469 2729
f 2720 6467 2729
f 2005 2004 6468
f 6469 6468 2004
f 6469 2004 2739
f 2739 2004 2006
f 6469 2739 2729
f 2353 2352 6470
f 1975 2353 6470
f 1976 1975 6470
f 2352 2393 6470
f 2393 1986 1976
f 6470 2393 1976
f 6471 6472 6473
f 6474 6471 6473
f 5765 6471 5766
f 5765 6475 6471
f 6475 6472 6471
f 6476 6477 6478
f 6479 6477 6476
f 6479 6476 6480
f 6480 6476 6481
f 6473 6481 6474
f 6480 6481 6473
f 6482 6483 6484
f 6485 6482 6484
f 6477 6482 6478
f 6477 6486 6482
f 6486 6483 6482
f 6479 6486 6477
f 6487 6488 6489
f 6490 6487 6489
f 6484 6487 6485
f 6488 6487 6484
f 6491 6492 6493
f 6494 6492 6491
f 6494 6491 6495
f 6495 6491 6496
f 6489 6496 6490
f 6495 6496 6489
f 6492 5276 6493
f 6492 6497 5276
f 6497 5277 5276
f 6494 6497 6492
f 5908 6498 5906
f 5908 5909 6499
f 5908 6499 6498
f 6498 6499 6500
f 6498 6501 5926
f 5906 6498 5926
f 6500 6502 6498
f 6498 6502 6501
f 6501 5942 5926
f 5944 5942 6501
f 5944 6501 6503
f 6503 6501 6502
f 6503 5962 5944
f 6504 6505 6506
f 6504 6507 6505
f 5753 6506 6505
f 5753 6505 5754
f 6508 6509 6505
f 6509 5754 6505
f 6507 6508 6505
f 6510 6511 6512
f 6509 5760 5754
f 6513 6514 6515
f 6513 6516 6514
f 6512 6516 6513
f 6512 6517 6516
f 6512 6511 6517
f 6518 6519 6520
f 6521 6518 6520
f 6514 6518 6515
f 6514 6522 6518
f 6522 6519 6518
f 6516 6522 6514
f 6523 6524 6525
f 6526 6524 6523
f 6526 6523 6527
f 6527 6523 6528
f 6520 6528 6521
f 6527 6528 6520
f 6529 6530 6531
f 6529 6532 6530
f 6525 6532 6529
f 6525 6533 6532
f 6525 6524 6533
f 6526 6533 6524
f 6534 6535 6536
f 6537 6534 6536
f 6530 6534 6531
f 6530 6538 6534
f 6538 6535 6534
f 6532 6538 6530
f 6539 5765 5764
f 6539 5764 6540
f 6540 5764 6541
f 6536 6541 6537
f 6540 6541 6536
f 6539 6475 5765
s off
g _5
v -1.67393 -0.0867083 -1.43153
v -1.66862 -0.0567083 -1.43084
v -1.68101 -0.0567083 -1.40843
v -1.67887 -0.0867083 -1.42498
v -1.65126 -0.0867083 -1.45885
v -1.6487 -0.0567083 -1.45852
v -1.64329 -0.0567083 -1.46618
v -1.64287 -0.0867083 -1.46941
v -1.6947 -0.0867083 -1.40397
v -1.6869 -0.0567083 -1.40296
v -1.67014 -0.0267083 -1.43104
v -1.67981 -0.0267083 -1.41769
v -1.65292 -0.0267083 -1.45906
v -1.64248 -0.0267083 -1.47245
v -1.67075 0.00329166 -1.43112
v -1.67971 0.00329166 -1.41846
v -1.65231 0.00329166 -1.45898
v -1.64234 0.00329166 -1.47352
v -1.65491 0.0332917 -1.45932
v -1.67068 0.0332917 -1.43111
v -1.64228 0.0332917 -1.47397
v -1.65206 0.0632917 -1.45895
v -1.67238 0.0632917 -1.43133
v -1.6428 0.0632917 -1.46994
usemtl material_6
f 6542 6543 6544
f 6545 6542 6544
f 6546 6547 6542
f 6542 6547 6543
f 6548 6546 6549
f 6547 6546 6548
f 6544 6550 6545
f 6551 6550 6544
f 6543 6552 6553
f 6544 6543 6553
f 6547 6554 6543
f 6543 6554 6552
f 6555 6547 6548
f 6554 6547 6555
f 6552 6556 6557
f 6553 6552 6557
f 6554 6558 6552
f 6552 6558 6556
f 6559 6554 6555
f 6558 6554 6559
f 6558 6560 6556
f 6556 6560 6561
f 6562 6558 6559
f 6560 6558 6562
f 6560 6563 6561
f 6561 6563 6564
f 6565 6560 6562
f 6563 6560 6565
s off
g _6
v -0.97803 -0.0867083 -2.21878
v -0.993752 -0.0567083 -2.22082
v -1.00269 -0.0567083 -2.20937
v -1.00483 -0.0867083 -2.19278
v -1.02714 -0.0867083 -2.16463
v -1.03853 -0.0658533 -2.16611
v -1.04101 -0.0867083 -2.14696
v -1.03783 -0.0567083 -2.17153
v -1.01433 -0.0567083 -2.19323
v -1.00542 -0.0867083 -2.19208
v -1.07146 -0.0867083 -2.10987
v -1.07598 -0.0767522 -2.11045
v -1.07684 -0.0867083 -2.10382
v -1.07361 -0.0567083 -2.12874
v -1.06603 -0.0567083 -2.13941
v -1.04816 -0.0867083 -2.1371
v -1.0429 -0.0567083 -2.16667
v -1.00108 -0.0391571 -2.22176
v -1.0273 -0.0267083 -2.1949
v -1.03639 -0.0267083 -2.18264
v -1.00518 -0.0267083 -2.22229
v -1.07178 -0.0267083 -2.14016
v -1.0722 -0.0267083 -2.13969
v -1.04856 -0.0267083 -2.1674
v -1.03468 5.49406e-05 -2.19586
v -1.03454 0.00329166 -2.19698
v -1.00876 0.00329166 -2.22276
v -1.07213 -0.0249733 -2.1402
v -1.07058 0.00329166 -2.15216
v -1.057 0.00329166 -2.1685
v -1.03545 0.00329166 -2.19596
v -1.02875 0.0332917 -2.22534
v -1.03134 0.0332917 -2.22172
v -1.06828 0.0234798 -2.16995
v -1.06724 0.0332917 -2.17805
v -1.04981 0.0332917 -2.19782
v -1.03084 0.0409684 -2.22561
v -1.05919 0.0632917 -2.19903
v -1.0657 0.0632917 -2.18993
v -1.03605 0.0632917 -2.22629
v -1.09558 -0.0867083 -2.08274
v -1.10958 -0.0645072 -2.08455
v -1.11294 -0.0867083 -2.05857
v -1.10877 -0.0567083 -2.09079
v -1.08578 -0.0567083 -2.11172
v -1.13958 -0.0867083 -2.02793
v -1.14702 -0.074785 -2.02889
v -1.14819 -0.0867083 -2.01987
v -1.14478 -0.0567083 -2.04628
v -1.13463 -0.0567083 -2.05753
v -1.1158 -0.0867083 -2.0551
v -1.11429 -0.0567083 -2.08515
v -1.16683 -0.0867083 -2.0012
v -1.15819 -0.0567083 -2.03033
v -1.1779 -0.0567083 -2.00263
v -1.09683 -0.0267083 -2.11315
v -1.10765 -0.0267083 -2.09945
v -1.14251 -0.0267083 -2.05855
v -1.1433 -0.0267083 -2.0577
v -1.11964 -0.0267083 -2.08585
v -1.17895 -0.0267083 -2.01596
v -1.18062 -0.0488867 -2.00298
v -1.16671 -0.0267083 -2.03143
v -1.18903 -0.0267083 -2.00407
v -1.10281 0.00329166 -2.11392
v -1.10626 0.00329166 -2.11021
v -1.0788 0.00329166 -2.14107
v -1.14318 -0.0222821 -2.05864
v -1.14228 0.00329166 -2.06556
v -1.12659 0.00329166 -2.08675
v -1.17234 0.00329166 -2.03216
v -1.17775 0.00329166 -2.02518
v -1.14788 0.00329166 -2.05925
v -1.19296 0.00329166 -2.00458
v -1.10573 0.00780402 -2.1143
v -1.10293 0.0332917 -2.13598
v -1.09646 0.0332917 -2.14335
v -1.07329 0.0332917 -2.1706
v -1.13933 0.0247143 -2.08839
v -1.1384 0.0332917 -2.09562
v -1.12032 0.0332917 -2.11618
v -1.17678 0.0109599 -2.03274
v -1.17467 0.0332917 -2.04902
v -1.16387 0.0332917 -2.06132
v -1.14419 0.0332917 -2.08902
v -1.18774 0.0332917 -2.03415
v -1.20742 0.0332917 -2.00645
v -1.10188 0.0564849 -2.14405
v -1.1015 0.0632917 -2.14704
v -1.07997 0.0632917 -2.17147
v -1.12898 0.0632917 -2.1173
v -1.13718 0.0632917 -2.10505
v -1.1039 0.0632917 -2.14431
v -1.17089 0.0632917 -2.06222
v -1.17343 0.0632917 -2.05865
v -1.14907 0.0632917 -2.08965
v -1.20906 0.0632917 -2.01704
v -1.21038 0.0430456 -2.00683
v -1.19282 0.0632917 -2.03481
v -1.21653 0.0632917 -2.00763
v -0.814552 -0.0867083 -2.40939
v -0.825391 -0.0589169 -2.41079
v -0.827446 -0.0867083 -2.3949
v -0.825199 -0.0567083 -2.41228
v -0.809996 -0.0567083 -2.43905
v -0.792557 -0.0867083 -2.4368
v -0.862814 -0.0867083 -2.35513
v -0.862838 -0.0866658 -2.35514
v -0.862842 -0.0867083 -2.3551
v -0.859947 -0.0567083 -2.37749
v -0.850878 -0.0567083 -2.38384
v -0.838689 -0.0867083 -2.38226
v -0.826246 -0.0567083 -2.4109
v -0.885586 -0.0867083 -2.32783
v -0.896437 -0.0643635 -2.32923
v -0.898434 -0.0867083 -2.31379
v -0.895339 -0.0567083 -2.33772
v -0.881522 -0.0567083 -2.35755
v -0.911064 -0.0867083 -2.30087
v -0.923693 -0.0567083 -2.30251
v -0.931245 -0.0567083 -2.29398
v -0.933295 -0.0867083 -2.27813
v -0.900393 -0.0567083 -2.32974
v -0.957962 -0.0867083 -2.24644
v -0.967484 -0.0589471 -2.24767
v -0.969742 -0.0867083 -2.23021
v -0.967353 -0.0567083 -2.24869
v -0.945831 -0.0567083 -2.27512
v -0.936889 -0.0867083 -2.27396
v -0.968187 -0.0567083 -2.24776
v -0.820217 -0.0267083 -2.44037
v -0.821909 -0.0267083 -2.43772
v -0.85899 -0.046658 -2.38489
v -0.857167 -0.0267083 -2.39899
v -0.842506 -0.0267083 -2.41301
v -0.89259 -0.0341678 -2.35898
v -0.891994 -0.0267083 -2.36359
v -0.870306 -0.0267083 -2.38635
v -0.930037 -0.0454936 -2.30333
v -0.928225 -0.0267083 -2.31734
v -0.915093 -0.0267083 -2.33164
v -0.895451 -0.0267083 -2.35935
v -0.95906 -0.0267083 -2.27683
v -0.964638 -0.0267083 -2.26968
v -0.938332 -0.0267083 -2.3044
v -1.0003 -0.0267083 -2.2278
v -0.980504 -0.0267083 -2.24935
v -0.821543 -0.00139042 -2.44055
v -0.846463 0.00329166 -2.41352
v -0.856474 0.00329166 -2.40435
v -0.821865 0.00329166 -2.44059
v -0.875904 0.00329166 -2.38708
v -0.891095 0.00329166 -2.37055
v -0.920762 0.00329166 -2.33238
v -0.927222 0.00329166 -2.3251
v -0.899253 0.00329166 -2.35985
v -0.963637 -0.00182045 -2.27742
v -0.963464 0.00329166 -2.27875
v -0.942943 0.00329166 -2.305
v -0.985286 0.00329166 -2.24997
v -0.99965 0.00329166 -2.23285
v -0.964568 0.00329166 -2.27754
v -0.855143 0.015979 -2.41464
v -0.85303 0.0332917 -2.43098
v -0.842271 0.0332917 -2.44323
v -0.888743 0.0196341 -2.38874
v -0.887062 0.0332917 -2.40173
v -0.869091 0.0332917 -2.41644
v -0.92619 0.0117542 -2.33308
v -0.923564 0.0332917 -2.35338
v -0.916401 0.0332917 -2.36206
v -0.89628 0.0332917 -2.38971
v -0.959789 0.0306719 -2.30717
v -0.959438 0.0332917 -2.30989
v -0.93895 0.0332917 -2.33473
v -0.997236 0.0212558 -2.25152
v -0.995713 0.0332917 -2.2633
v -0.982789 0.0332917 -2.2799
v -0.961918 0.0332917 -2.30745
v -1.00517 0.0332917 -2.25254
v -1.02983 0.0632917 -2.23336
v -1.01218 0.0632917 -2.25345
v 0.312824 -0.0567083 -2.53585
v 0.31007 -0.0770833 -2.53621
v 0.309937 -0.0867083 -2.53518
v 0.337064 -0.0567083 -2.51103
v 0.337089 -0.0867083 -2.51123
v 0.308528 -0.0867083 -2.53641
v 0.31007 -0.03238 -2.53621
v 0.310007 -0.0267083 -2.53572
v 0.338074 -0.0267083 -2.51885
v 0.309221 -0.0267083 -2.53632
v 0.339822 -0.00622275 -2.53236
v 0.31007 -0.0185655 -2.53621
v 0.31007 0.00906524 -2.53621
v 0.309331 0.0332917 -2.5305
v 0.30305 0.0332917 -2.53712
v -0.633403 -0.0867083 -2.62796
v -0.64585 -0.0735595 -2.62957
v -0.647834 -0.0867083 -2.61423
v -0.642864 -0.0567083 -2.65267
v -0.637973 -0.0567083 -2.65881
v -0.624069 -0.0867083 -2.65701
v -0.659193 -0.0867083 -2.60105
v -0.67945 -0.0659614 -2.60367
v -0.682791 -0.0867083 -2.57783
v -0.677832 -0.0567083 -2.61618
v -0.66102 -0.0567083 -2.63154
v -0.70673 -0.0867083 -2.5467
v -0.716897 -0.0759096 -2.54801
v -0.719239 -0.0867083 -2.5299
v -0.686363 -0.0867083 -2.57431
v -0.713049 -0.0572966 -2.57776
v -0.71294 -0.0567083 -2.57862
v -0.68934 -0.0567083 -2.60495
v -0.752695 -0.0867083 -2.49214
v -0.754344 -0.0852898 -2.49236
v -0.754634 -0.0867083 -2.49011
v -0.729287 -0.0867083 -2.51936
v -0.750497 -0.0682416 -2.52211
v -0.748052 -0.0567083 -2.54101
v -0.73941 -0.0567083 -2.55092
v -0.71377 -0.0567083 -2.57786
v -0.773624 -0.0867083 -2.4646
v -0.787944 -0.0678985 -2.46645
v -0.791629 -0.0867083 -2.43795
v -0.785504 -0.0567083 -2.48532
v -0.779273 -0.0567083 -2.49558
v -0.761331 -0.0567083 -2.52351
v -0.640964 -0.0267083 -2.65919
v -0.642182 -0.0267083 -2.65794
v -0.664688 -0.0267083 -2.63201
v -0.677727 -0.0267083 -2.61699
v -0.713049 -0.0464399 -2.57776
v -0.711889 -0.0267083 -2.57761
v -0.713251 -0.0267083 -2.57621
v -0.687668 -0.0267083 -2.60473
v -0.738852 -0.0267083 -2.55085
v -0.748067 -0.0267083 -2.5409
v -0.784096 -0.0409338 -2.4962
v -0.783021 -0.0267083 -2.50452
v -0.764841 -0.0267083 -2.52396
v -0.63663 0.00329166 -2.65863
v -0.643154 0.00329166 -2.65042
v -0.658935 0.00329166 -2.63127
v -0.678672 0.00329166 -2.60968
v -0.713049 -0.0089975 -2.57776
v -0.712922 0.00329166 -2.57875
v -0.683835 0.00329166 -2.60424
v -0.737868 0.00329166 -2.55072
v -0.748326 0.00329166 -2.5389
v -0.713833 0.00329166 -2.57787
v -0.763299 0.00329166 -2.52376
v -0.783263 0.00329166 -2.50264
v -0.642003 0.0160804 -2.65933
v -0.671292 0.0332917 -2.63286
v -0.676593 0.0332917 -2.62576
v -0.649214 0.0332917 -2.66026
v -0.696331 0.0332917 -2.60585
v -0.710967 0.0332917 -2.59387
v -0.746649 0.020558 -2.55186
v -0.745414 0.0332917 -2.56141
v -0.726985 0.0332917 -2.57957
v -0.780249 0.0256636 -2.52595
v -0.779269 0.0332917 -2.53353
v -0.755608 0.0332917 -2.55302
v -0.795288 -0.0567083 -2.4674
v -0.805234 -0.0267083 -2.46869
v -0.788172 -0.0267083 -2.49673
v -0.821466 0.00329166 -2.44114
v -0.805401 0.00329166 -2.46871
v -0.787551 0.00329166 -2.49665
v -0.817696 0.0261034 -2.4703
v -0.816323 0.0332917 -2.48091
v -0.806113 0.0332917 -2.49905
v -0.785009 0.0332917 -2.52657
v -0.822271 0.0332917 -2.47089
v 0.310351 -0.0567083 -2.53838
v 0.282749 -0.0867083 -2.55886
v 0.282401 -0.0567083 -2.55617
v 0.262591 -0.0567083 -2.5726
v 0.265674 -0.0867083 -2.5722
v 0.255212 -0.0867083 -2.57984
v 0.255137 -0.0567083 -2.57926
v 0.22754 -0.0867083 -2.59977
v 0.228392 -0.0567083 -2.60636
v 0.226999 -0.0567083 -2.60745
v 0.217728 -0.0867083 -2.60865
v 0.200817 -0.0867083 -2.62705
v 0.200919 -0.0567083 -2.62783
v 0.28255 -0.0267083 -2.55732
v 0.265525 -0.0267083 -2.57222
v 0.255376 -0.0267083 -2.5811
v 0.227744 -0.0267083 -2.60135
v 0.21853 -0.0267083 -2.60855
v 0.20027 -0.0267083 -2.62282
v 0.310294 0.00329166 -2.53794
v 0.340544 0.00329166 -2.53794
v 0.283267 0.00329166 -2.56287
v 0.264704 0.00329166 -2.57233
v 0.254887 0.00329166 -2.57733
v 0.228075 0.00329166 -2.60391
v 0.222451 0.00329166 -2.60804
v 0.20045 0.00329166 -2.62421
v 0.28271 0.0332917 -2.55856
v 0.266856 0.0332917 -2.57205
v 0.255459 0.0332917 -2.58175
v 0.227407 0.0332917 -2.59874
v 0.217504 0.0332917 -2.60868
v 0.200631 0.0332917 -2.62561
v 0.18195 -0.0567083 -2.64353
v 0.181978 -0.0867083 -2.64352
v 0.173641 -0.0867083 -2.65082
v 0.173593 -0.0567083 -2.65044
v 0.146169 -0.0867083 -2.6723
v 0.146421 -0.0567083 -2.67425
v 0.140099 -0.0567083 -2.67919
v 0.138536 -0.0867083 -2.67939
v 0.119085 -0.0867083 -2.69678
v 0.118949 -0.0567083 -2.69573
v 0.0983191 -0.0567083 -2.71484
v 0.0912888 -0.0823933 -2.71575
v 0.0912046 -0.0867083 -2.7151
v 0.0918334 -0.0567083 -2.71996
v 0.0901744 -0.0867083 -2.71589
v 0.0643298 -0.0867083 -2.7412
v 0.0645144 -0.0567083 -2.74263
v 0.0568348 -0.0567083 -2.75046
v 0.0560087 -0.0867083 -2.75056
v 0.0375005 -0.0867083 -2.76765
v 0.0373566 -0.0567083 -2.76654
v 0.0148111 -0.0567083 -2.78614
v 0.0168306 -0.0867083 -2.78588
v 0.010319 -0.0867083 -2.79138
v 0.0101722 -0.0567083 -2.79024
v -0.0170135 -0.0867083 -2.81394
v -0.0171551 -0.0567083 -2.81284
v 0.182163 -0.0267083 -2.6435
v 0.173701 -0.0267083 -2.65127
v 0.14644 -0.0267083 -2.67439
v 0.141157 -0.0267083 -2.67905
v 0.118923 -0.0267083 -2.69553
v 0.0912888 -0.0319286 -2.71575
v 0.0911834 -0.0267083 -2.71494
v 0.0898872 -0.0267083 -2.71593
v 0.0642948 -0.0267083 -2.74093
v 0.0546928 -0.0267083 -2.75073
v 0.0372131 -0.0267083 -2.76543
v 0.0122596 -0.0267083 -2.78647
v 0.00994092 -0.0267083 -2.78845
v -0.0171646 -0.0267083 -2.81277
v 0.177915 0.00329166 -2.64405
v 0.173293 0.00329166 -2.64812
v 0.146087 0.00329166 -2.67166
v 0.137237 0.00329166 -2.67956
v 0.118969 0.00329166 -2.69588
v 0.0916716 0.00329166 -2.7157
v 0.0912888 -0.00227535 -2.71575
v 0.0913198 0.00329166 -2.71599
v 0.0644622 0.00329166 -2.74222
v 0.0558703 0.00329166 -2.75058
v 0.0372016 0.00329166 -2.76534
v 0.0116359 0.00329166 -2.78655
v 0.00988582 0.00329166 -2.78803
v -0.0174997 0.00329166 -2.81018
v 0.179579 0.0332917 -2.64383
v 0.173427 0.0332917 -2.64916
v 0.147133 0.0332917 -2.67828
v 0.146946 0.0326763 -2.6783
v 0.146965 0.0332917 -2.67845
v 0.119866 0.0332917 -2.70282
v 0.101921 0.0332917 -2.71438
v 0.0922549 0.0332917 -2.72322
v 0.0652062 0.0332917 -2.74798
v 0.0634283 0.0332917 -2.7496
v 0.0381563 0.0332917 -2.77272
v 0.0264017 0.0332917 -2.78464
v 0.0114141 0.0332917 -2.79985
v -0.0166402 0.0332917 -2.81682
v -0.0283105 -0.0567083 -2.82197
v -0.0263048 -0.0867083 -2.82171
v -0.0304551 -0.0267083 -2.82224
v -0.0278894 0.00329166 -2.82191
v -0.0223081 0.0332917 -2.82119
v -0.398099 -0.0867083 -2.86978
v -0.401641 -0.0567083 -2.87024
v -0.403164 -0.0567083 -2.86882
v -0.403701 -0.0867083 -2.86467
v -0.430858 -0.0867083 -2.84377
v -0.430111 -0.0567083 -2.84367
v -0.43742 -0.0567083 -2.83784
v -0.437295 -0.0867083 -2.83881
v -0.463434 -0.0867083 -2.81773
v -0.462699 -0.0567083 -2.81764
v -0.47119 -0.0567083 -2.81061
v -0.471061 -0.0867083 -2.81161
v -0.49578 -0.0867083 -2.79167
v -0.494297 -0.0567083 -2.79148
v -0.505227 -0.0567083 -2.78133
v -0.505117 -0.0867083 -2.78218
v -0.402958 -0.033443 -2.87041
v -0.433085 -0.0267083 -2.84406
v -0.436967 -0.0267083 -2.84134
v -0.403352 -0.0267083 -2.87046
v -0.466178 -0.0267083 -2.81809
v -0.470715 -0.0267083 -2.81429
v -0.496603 -0.0267083 -2.79177
v -0.504754 -0.0267083 -2.78499
v -0.402958 -0.0245132 -2.87041
v -0.39037 0.00329166 -2.86879
v -0.403902 0.00329166 -2.86311
v -0.427294 0.00329166 -2.84331
v -0.437807 0.00329166 -2.83485
v -0.457894 0.00329166 -2.81702
v -0.471901 0.00329166 -2.80512
v -0.488815 0.00329166 -2.79077
v -0.505868 0.00329166 -2.77637
v -0.343453 0.0293173 -2.86272
v -0.337425 0.0332917 -2.86194
v -0.344148 0.0332917 -2.85734
v -0.373205 0.00985344 -2.86657
v -0.377021 0.0332917 -2.83706
v -0.406219 0.0332917 -2.84519
v -0.411891 0.0332917 -2.84132
v -0.439401 0.0332917 -2.82252
v -0.44911 0.0332917 -2.81588
v -0.472794 0.0332917 -2.79821
v -0.484617 0.0332917 -2.79022
v -0.506147 0.0332917 -2.77421
v -0.525943 -0.0867083 -2.76532
v -0.5253 -0.0567083 -2.76523
v -0.539127 -0.0567083 -2.7531
v -0.538606 -0.0867083 -2.75713
v -0.549021 -0.0867083 -2.73805
v -0.55641 -0.0567083 -2.73901
v -0.573134 -0.0567083 -2.72405
v -0.573884 -0.0867083 -2.71825
v -0.589764 -0.0867083 -2.71307
v -0.585482 -0.0567083 -2.71252
v -0.607285 -0.0567083 -2.69388
v -0.607488 -0.0867083 -2.69231
v -0.610351 -0.0867083 -2.68548
v -0.615427 -0.0567083 -2.68614
v -0.527874 -0.0267083 -2.76557
v -0.538635 -0.0267083 -2.75691
v -0.559502 -0.0267083 -2.73941
v -0.573085 -0.0267083 -2.72442
v -0.585675 -0.0267083 -2.71254
v -0.607518 -0.0267083 -2.69207
v -0.613773 -0.0267083 -2.68593
v -0.520437 0.00329166 -2.76461
v -0.539763 0.00329166 -2.74818
v -0.549743 0.00329166 -2.73815
v -0.573825 0.00329166 -2.7187
v -0.608403 -0.00581548 -2.68523
v -0.606399 0.00329166 -2.68497
v -0.608696 0.00329166 -2.68296
v -0.581522 0.00329166 -2.71201
v -0.519268 0.0332917 -2.76445
v -0.539616 0.0332917 -2.74932
v -0.553927 0.0332917 -2.73869
v -0.573083 0.0332917 -2.72444
v -0.608403 0.00804469 -2.68523
v -0.606846 0.0332917 -2.69727
v -0.586314 0.0332917 -2.71262
v -0.640617 0.0332917 -2.67004
v -0.62191 0.0332917 -2.68698
v -0.0443113 -0.0867083 -2.83676
v -0.0445115 -0.0567083 -2.83522
v -0.069696 -0.0567083 -2.85757
v -0.0681591 -0.0867083 -2.85737
v -0.0715794 -0.0867083 -2.85982
v -0.0716616 -0.0567083 -2.85919
v -0.0986567 -0.0867083 -2.88436
v -0.0987703 -0.0567083 -2.88348
v -0.111483 -0.0567083 -2.89322
v -0.107298 -0.0867083 -2.89268
v -0.125916 -0.0867083 -2.90748
v -0.126331 -0.0567083 -2.90427
v -0.153583 -0.0867083 -2.92746
v -0.153834 -0.0567083 -2.92551
v -0.157427 -0.0567083 -2.92941
v -0.155897 -0.0867083 -2.92921
v -0.181078 -0.0867083 -2.94876
v -0.180408 -0.0567083 -2.95394
v -0.197261 -0.0567083 -2.96481
v -0.205588 -0.0867083 -2.96589
v -0.208763 -0.0867083 -2.96859
v -0.208349 -0.0567083 -2.97179
v -0.21573 -0.0867083 -2.9672
v -0.225255 -0.0567083 -2.96843
v -0.239536 -0.0567083 -2.96455
v -0.23981 -0.0867083 -2.96242
v -0.0446381 -0.0267083 -2.83424
v -0.0718352 -0.0410624 -2.85784
v -0.0719653 -0.0267083 -2.85684
v -0.0737875 -0.0267083 -2.8581
v -0.0991296 -0.0267083 -2.8807
v -0.113113 -0.0267083 -2.89343
v -0.126434 -0.0267083 -2.90348
v -0.153617 -0.0267083 -2.92719
v -0.156043 -0.0267083 -2.92923
v -0.181163 -0.0267083 -2.9481
v -0.209054 -0.0467462 -2.96634
v -0.210681 -0.0267083 -2.95376
v -0.240009 -0.0267083 -2.96089
v -0.0443061 0.00329166 -2.8368
v -0.0719521 0.00329166 -2.85694
v -0.0731134 0.00329166 -2.85801
v -0.0990359 0.00329166 -2.88142
v -0.11606 0.00329166 -2.89381
v -0.126518 0.00329166 -2.90283
v -0.153881 0.00329166 -2.92515
v -0.180038 0.00329166 -2.93234
v -0.183091 0.00329166 -2.93319
v -0.211232 0.00329166 -2.9495
v -0.240395 0.00329166 -2.9579
v -0.0432976 0.0332917 -2.8446
v -0.0529751 0.0332917 -2.8554
v -0.0718352 0.0052041 -2.85784
v -0.070332 0.0332917 -2.86947
v -0.0973997 0.0332917 -2.8914
v -0.0977401 0.0326049 -2.89144
v -0.0977022 0.0332917 -2.89174
v -0.127492 0.0327389 -2.89529
v -0.127511 0.0332917 -2.89514
v -0.117575 0.0332917 -2.89401
v -0.127975 0.0332917 -2.89535
v -0.156094 0.0332917 -2.90804
v -0.18315 0.00642143 -2.93274
v -0.183757 0.0332917 -2.92804
v -0.212902 0.0234779 -2.93659
v -0.213738 0.0332917 -2.93012
v -0.242654 0.0183375 -2.94043
v -0.244907 0.0332917 -2.92301
v -0.271158 -0.0867083 -2.95393
v -0.271332 -0.0567083 -2.95259
v -0.283668 -0.0867083 -2.94574
v -0.282303 -0.0567083 -2.94556
v -0.304315 -0.0567083 -2.93145
v -0.304368 -0.0867083 -2.93104
v -0.321643 -0.0867083 -2.9204
v -0.320829 -0.0567083 -2.92029
v -0.337462 -0.0567083 -2.90905
v -0.337505 -0.0867083 -2.90871
v -0.368785 -0.0867083 -2.89624
v -0.369358 -0.0849135 -2.89632
v -0.369399 -0.0867083 -2.896
v -0.368712 -0.0567083 -2.90131
v -0.373425 -0.0567083 -2.89684
v -0.271589 -0.0267083 -2.9506
v -0.279252 -0.0267083 -2.94517
v -0.304878 -0.0267083 -2.9271
v -0.317145 -0.0267083 -2.91982
v -0.337821 -0.0267083 -2.90627
v -0.369358 -0.0487309 -2.89632
v -0.354182 -0.0267083 -2.89436
v -0.370524 -0.0267083 -2.8873
v -0.402901 -0.0267083 -2.87085
v -0.271694 0.00329166 -2.94979
v -0.278928 0.00329166 -2.94512
v -0.304915 0.00329166 -2.92681
v -0.315271 0.00329166 -2.91957
v -0.338399 0.00329166 -2.9018
v -0.348477 0.00329166 -2.89362
v -0.372083 0.00329166 -2.87524
v -0.276254 0.0242415 -2.91453
v -0.26033 0.0332917 -2.91247
v -0.278089 0.0332917 -2.90033
v -0.272406 0.00680158 -2.94428
v -0.309853 0.0275685 -2.88862
v -0.299257 0.0332917 -2.88725
v -0.310966 0.0332917 -2.88002
v -0.306006 0.00892028 -2.91838
v -0.339606 0.00944658 -2.89247
usemtl material_7
f 6566 6567 6568
f 6569 6566 6568
f 6570 6571 6572
f 6573 6571 6570
f 6573 6570 6574
f 6574 6570 6575
f 6568 6575 6569
f 6574 6575 6568
f 6576 6577 6578
f 6579 6577 6576
f 6579 6576 6580
f 6580 6576 6581
f 6571 6581 6572
f 6571 6582 6581
f 6582 6580 6581
f 6573 6582 6571
f 6567 6583 6568
f 6574 6584 6585
f 6573 6574 6585
f 6583 6574 6568
f 6583 6586 6574
f 6586 6584 6574
f 6580 6587 6588
f 6579 6580 6588
f 6582 6589 6580
f 6580 6589 6587
f 6585 6582 6573
f 6589 6582 6585
f 6584 6590 6585
f 6591 6590 6584
f 6591 6584 6592
f 6592 6584 6586
f 6587 6593 6588
f 6594 6593 6587
f 6594 6587 6595
f 6595 6587 6589
f 6590 6589 6585
f 6590 6596 6589
f 6596 6595 6589
f 6591 6596 6590
f 6592 6597 6598
f 6591 6592 6598
f 6595 6599 6594
f 6600 6599 6595
f 6600 6595 6601
f 6601 6595 6596
f 6598 6596 6591
f 6601 6596 6598
f 6597 6602 6598
f 6601 6603 6604
f 6600 6601 6604
f 6602 6601 6598
f 6602 6605 6601
f 6605 6603 6601
f 6606 6607 6608
f 6606 6609 6607
f 6578 6609 6606
f 6578 6610 6609
f 6578 6577 6610
f 6579 6610 6577
f 6611 6612 6613
f 6614 6612 6611
f 6614 6611 6615
f 6615 6611 6616
f 6607 6616 6608
f 6607 6617 6616
f 6617 6615 6616
f 6609 6617 6607
f 6612 6618 6613
f 6612 6619 6618
f 6619 6620 6618
f 6614 6619 6612
f 6610 6621 6622
f 6609 6610 6622
f 6588 6610 6579
f 6621 6610 6588
f 6615 6623 6624
f 6614 6615 6624
f 6617 6625 6615
f 6615 6625 6623
f 6622 6617 6609
f 6625 6617 6622
f 6626 6627 6620
f 6626 6620 6628
f 6628 6620 6619
f 6624 6619 6614
f 6628 6619 6624
f 6626 6629 6627
f 6621 6630 6631
f 6622 6621 6631
f 6593 6621 6588
f 6593 6632 6621
f 6632 6630 6621
f 6594 6632 6593
f 6623 6633 6624
f 6634 6633 6623
f 6634 6623 6635
f 6635 6623 6625
f 6631 6625 6622
f 6635 6625 6631
f 6628 6636 6637
f 6626 6628 6637
f 6633 6628 6624
f 6633 6638 6628
f 6638 6636 6628
f 6634 6638 6633
f 6637 6629 6626
f 6639 6629 6637
f 6630 6640 6631
f 6641 6640 6630
f 6641 6630 6642
f 6642 6630 6632
f 6599 6632 6594
f 6599 6643 6632
f 6643 6642 6632
f 6600 6643 6599
f 6635 6644 6634
f 6635 6645 6644
f 6631 6645 6635
f 6631 6646 6645
f 6631 6640 6646
f 6641 6646 6640
f 6636 6647 6637
f 6648 6647 6636
f 6648 6636 6649
f 6649 6636 6638
f 6644 6638 6634
f 6644 6650 6638
f 6650 6649 6638
f 6645 6650 6644
f 6647 6639 6637
f 6647 6651 6639
f 6651 6652 6639
f 6648 6651 6647
f 6642 6653 6641
f 6654 6653 6642
f 6654 6642 6655
f 6655 6642 6643
f 6604 6643 6600
f 6655 6643 6604
f 6646 6656 6657
f 6645 6646 6657
f 6653 6646 6641
f 6653 6658 6646
f 6658 6656 6646
f 6654 6658 6653
f 6649 6659 6660
f 6648 6649 6660
f 6650 6661 6649
f 6649 6661 6659
f 6657 6650 6645
f 6661 6650 6657
f 6662 6663 6652
f 6662 6652 6664
f 6664 6652 6651
f 6660 6651 6648
f 6664 6651 6660
f 6662 6665 6663
f 6666 6667 6668
f 6669 6667 6666
f 6669 6666 6670
f 6670 6666 6671
f 6672 6673 6674
f 6675 6673 6672
f 6675 6672 6676
f 6676 6672 6677
f 6667 6677 6668
f 6667 6678 6677
f 6678 6676 6677
f 6669 6678 6667
f 6679 6680 6681
f 6679 6682 6680
f 6674 6682 6679
f 6674 6683 6682
f 6674 6673 6683
f 6675 6683 6673
f 6684 6685 6686
f 6687 6684 6686
f 6680 6684 6681
f 6680 6688 6684
f 6688 6685 6684
f 6682 6688 6680
f 6689 6690 6691
f 6692 6690 6689
f 6692 6689 6693
f 6693 6689 6694
f 6686 6694 6687
f 6693 6694 6686
f 6690 6566 6691
f 6690 6695 6566
f 6695 6567 6566
f 6692 6695 6690
f 6670 6696 6697
f 6669 6670 6697
f 6676 6698 6675
f 6699 6698 6676
f 6699 6676 6700
f 6700 6676 6678
f 6697 6678 6669
f 6700 6678 6697
f 6683 6701 6682
f 6683 6702 6701
f 6675 6702 6683
f 6675 6703 6702
f 6675 6698 6703
f 6699 6703 6698
f 6685 6704 6686
f 6705 6704 6685
f 6705 6685 6706
f 6706 6685 6688
f 6701 6688 6682
f 6701 6707 6688
f 6707 6706 6688
f 6702 6707 6701
f 6693 6708 6709
f 6692 6693 6709
f 6704 6693 6686
f 6704 6710 6693
f 6710 6708 6693
f 6705 6710 6704
f 6711 6583 6567
f 6711 6567 6712
f 6712 6567 6695
f 6709 6695 6692
f 6712 6695 6709
f 6711 6586 6583
f 6696 6713 6697
f 6700 6714 6715
f 6699 6700 6715
f 6713 6700 6697
f 6713 6716 6700
f 6716 6714 6700
f 6703 6717 6718
f 6702 6703 6718
f 6715 6703 6699
f 6717 6703 6715
f 6706 6719 6720
f 6705 6706 6720
f 6707 6721 6706
f 6706 6721 6719
f 6718 6707 6702
f 6721 6707 6718
f 6708 6722 6709
f 6723 6722 6708
f 6723 6708 6724
f 6724 6708 6710
f 6720 6710 6705
f 6724 6710 6720
f 6712 6725 6726
f 6711 6712 6726
f 6722 6712 6709
f 6722 6727 6712
f 6727 6725 6712
f 6723 6727 6722
f 6726 6586 6711
f 6592 6586 6726
f 6714 6728 6715
f 6729 6728 6714
f 6729 6714 6730
f 6730 6714 6716
f 6717 6731 6718
f 6717 6732 6731
f 6715 6732 6717
f 6715 6733 6732
f 6715 6728 6733
f 6729 6733 6728
f 6719 6734 6720
f 6735 6734 6719
f 6735 6719 6736
f 6736 6719 6721
f 6731 6721 6718
f 6731 6737 6721
f 6737 6736 6721
f 6732 6737 6731
f 6724 6738 6723
f 6724 6739 6738
f 6720 6739 6724
f 6720 6740 6739
f 6720 6734 6740
f 6735 6740 6734
f 6725 6741 6726
f 6742 6741 6725
f 6742 6725 6743
f 6743 6725 6727
f 6738 6727 6723
f 6738 6744 6727
f 6744 6743 6727
f 6739 6744 6738
f 6741 6592 6726
f 6741 6745 6592
f 6745 6597 6592
f 6742 6745 6741
f 6746 6602 6597
f 6746 6597 6747
f 6747 6597 6745
f 6746 6605 6602
f 6748 6749 6750
f 6748 6750 6751
f 6751 6750 6752
f 6750 6749 6753
f 6754 6748 6751
f 6754 6751 6755
f 6755 6751 6756
f 6754 6755 6757
f 6758 6759 6755
f 6756 6758 6755
f 6755 6759 6757
f 6760 6761 6762
f 6763 6764 6765
f 6766 6764 6763
f 6766 6763 6767
f 6767 6763 6768
f 6769 6770 6771
f 6769 6772 6770
f 6765 6772 6769
f 6765 6773 6772
f 6765 6764 6773
f 6766 6773 6764
f 6774 6775 6776
f 6774 6777 6778
f 6775 6774 6778
f 6777 6779 6778
f 6771 6779 6777
f 6771 6780 6779
f 6771 6770 6780
f 6772 6780 6770
f 6781 6782 6783
f 6781 6784 6785
f 6782 6781 6785
f 6784 6786 6785
f 6776 6786 6784
f 6776 6787 6786
f 6776 6775 6787
f 6778 6787 6775
f 6788 6787 6778
f 6779 6788 6778
f 6789 6790 6791
f 6789 6792 6790
f 6783 6792 6789
f 6783 6793 6792
f 6783 6782 6793
f 6785 6793 6782
f 6794 6793 6785
f 6786 6794 6785
f 6767 6795 6796
f 6766 6767 6796
f 6773 6797 6798
f 6772 6773 6798
f 6796 6773 6766
f 6797 6773 6796
f 6799 6800 6801
f 6799 6779 6780
f 6799 6780 6800
f 6800 6780 6802
f 6798 6780 6772
f 6802 6780 6798
f 6787 6803 6804
f 6786 6787 6804
f 6801 6788 6799
f 6801 6803 6788
f 6803 6787 6788
f 6779 6799 6788
f 6793 6805 6792
f 6806 6805 6793
f 6806 6793 6807
f 6807 6793 6794
f 6804 6794 6786
f 6807 6794 6804
f 6795 6808 6809
f 6796 6795 6809
f 6797 6810 6811
f 6798 6797 6811
f 6809 6797 6796
f 6810 6797 6809
f 6800 6812 6801
f 6813 6812 6800
f 6813 6800 6814
f 6814 6800 6802
f 6811 6802 6798
f 6814 6802 6811
f 6803 6815 6816
f 6804 6803 6816
f 6812 6803 6801
f 6812 6817 6803
f 6817 6815 6803
f 6813 6817 6812
f 6807 6818 6819
f 6806 6807 6819
f 6816 6807 6804
f 6818 6807 6816
f 6808 6820 6809
f 6810 6821 6822
f 6811 6810 6822
f 6820 6810 6809
f 6820 6823 6810
f 6823 6821 6810
f 6814 6824 6825
f 6813 6814 6825
f 6822 6814 6811
f 6824 6814 6822
f 6815 6826 6816
f 6827 6826 6815
f 6827 6815 6828
f 6828 6815 6817
f 6825 6817 6813
f 6828 6817 6825
f 6818 6829 6819
f 6818 6830 6829
f 6816 6830 6818
f 6816 6831 6830
f 6816 6826 6831
f 6827 6831 6826
f 6790 6671 6791
f 6790 6832 6671
f 6832 6670 6671
f 6792 6832 6790
f 6832 6833 6670
f 6670 6833 6696
f 6805 6832 6792
f 6805 6834 6832
f 6834 6833 6832
f 6806 6834 6805
f 6835 6713 6696
f 6835 6696 6836
f 6836 6696 6833
f 6834 6837 6833
f 6833 6837 6836
f 6819 6834 6806
f 6837 6834 6819
f 6835 6716 6713
f 6836 6838 6835
f 6839 6838 6836
f 6839 6836 6840
f 6840 6836 6837
f 6829 6837 6819
f 6829 6841 6837
f 6841 6840 6837
f 6830 6841 6829
f 6838 6716 6835
f 6838 6842 6716
f 6842 6730 6716
f 6839 6842 6838
f 6748 6843 6749
f 6749 6844 6753
f 6749 6843 6844
f 6843 6845 6844
f 6844 6845 6846
f 6847 6844 6846
f 6846 6848 6847
f 6849 6848 6846
f 6848 6849 6850
f 6849 6851 6850
f 6850 6851 6852
f 6853 6850 6852
f 6852 6854 6853
f 6855 6854 6852
f 6748 6754 6843
f 6757 6843 6754
f 6757 6856 6843
f 6856 6845 6843
f 6845 6856 6857
f 6846 6845 6857
f 6857 6849 6846
f 6858 6849 6857
f 6849 6858 6851
f 6858 6859 6851
f 6851 6859 6860
f 6852 6851 6860
f 6860 6855 6852
f 6861 6855 6860
f 6862 6758 6863
f 6759 6758 6862
f 6759 6856 6757
f 6759 6862 6856
f 6862 6864 6856
f 6856 6864 6865
f 6857 6856 6865
f 6865 6858 6857
f 6866 6858 6865
f 6858 6866 6859
f 6866 6867 6859
f 6859 6867 6868
f 6860 6859 6868
f 6868 6861 6860
f 6869 6861 6868
f 6762 6862 6760
f 6762 6870 6862
f 6870 6864 6862
f 6864 6870 6871
f 6865 6864 6871
f 6871 6866 6865
f 6872 6866 6871
f 6866 6872 6867
f 6872 6873 6867
f 6867 6873 6874
f 6868 6867 6874
f 6874 6869 6868
f 6875 6869 6874
f 6854 6855 6876
f 6877 6854 6876
f 6876 6878 6877
f 6879 6878 6876
f 6878 6879 6880
f 6879 6881 6880
f 6880 6881 6882
f 6883 6880 6882
f 6882 6884 6883
f 6885 6884 6882
f 6886 6887 6888
f 6886 6888 6885
f 6885 6888 6884
f 6886 6889 6887
f 6888 6887 6890
f 6887 6891 6890
f 6887 6889 6891
f 6889 6892 6891
f 6891 6892 6893
f 6894 6891 6893
f 6893 6895 6894
f 6896 6895 6893
f 6895 6896 6897
f 6898 6895 6897
f 6897 6899 6898
f 6900 6899 6897
f 6899 6900 6901
f 6900 6902 6901
f 6855 6861 6903
f 6876 6855 6903
f 6903 6879 6876
f 6904 6879 6903
f 6879 6904 6881
f 6904 6905 6881
f 6881 6905 6906
f 6882 6881 6906
f 6906 6885 6882
f 6907 6885 6906
f 6908 6886 6885
f 6908 6885 6909
f 6909 6885 6907
f 6886 6908 6889
f 6908 6909 6910
f 6910 6889 6908
f 6910 6911 6889
f 6911 6892 6889
f 6892 6911 6912
f 6893 6892 6912
f 6912 6896 6893
f 6913 6896 6912
f 6896 6913 6914
f 6897 6896 6914
f 6914 6900 6897
f 6915 6900 6914
f 6900 6915 6902
f 6915 6916 6902
f 6861 6869 6917
f 6903 6861 6917
f 6917 6904 6903
f 6918 6904 6917
f 6904 6918 6905
f 6918 6919 6905
f 6905 6919 6920
f 6906 6905 6920
f 6920 6907 6906
f 6921 6907 6920
f 6922 6923 6909
f 6922 6909 6921
f 6921 6909 6907
f 6922 6924 6923
f 6909 6923 6910
f 6923 6911 6910
f 6923 6924 6911
f 6924 6925 6911
f 6911 6925 6926
f 6912 6911 6926
f 6926 6913 6912
f 6927 6913 6926
f 6913 6927 6928
f 6914 6913 6928
f 6928 6915 6914
f 6929 6915 6928
f 6915 6929 6916
f 6929 6930 6916
f 6869 6875 6931
f 6917 6869 6931
f 6931 6918 6917
f 6932 6918 6931
f 6933 6934 6919
f 6933 6919 6932
f 6932 6919 6918
f 6933 6935 6934
f 6919 6934 6920
f 6934 6921 6920
f 6934 6935 6921
f 6935 6936 6921
f 6921 6936 6937
f 6922 6921 6937
f 6937 6924 6922
f 6938 6924 6937
f 6924 6938 6925
f 6938 6939 6925
f 6925 6939 6940
f 6926 6925 6940
f 6940 6927 6926
f 6941 6927 6940
f 6927 6941 6942
f 6928 6927 6942
f 6942 6929 6928
f 6943 6929 6942
f 6929 6943 6930
f 6943 6944 6930
f 6901 6902 6945
f 6946 6901 6945
f 6902 6916 6947
f 6945 6902 6947
f 6916 6930 6948
f 6947 6916 6948
f 6930 6944 6949
f 6948 6930 6949
f 6950 6951 6952
f 6953 6950 6952
f 6954 6955 6956
f 6957 6954 6956
f 6952 6954 6953
f 6955 6954 6952
f 6958 6959 6960
f 6961 6958 6960
f 6956 6958 6957
f 6959 6958 6956
f 6962 6963 6964
f 6965 6962 6964
f 6960 6962 6961
f 6963 6962 6960
f 6951 6966 6952
f 6955 6967 6968
f 6956 6955 6968
f 6966 6955 6952
f 6966 6969 6955
f 6969 6967 6955
f 6959 6970 6971
f 6960 6959 6971
f 6968 6959 6956
f 6970 6959 6968
f 6963 6972 6973
f 6964 6963 6973
f 6971 6963 6960
f 6972 6963 6971
f 6974 6975 6976
f 6967 6977 6978
f 6968 6967 6978
f 6976 6969 6974
f 6976 6977 6969
f 6977 6967 6969
f 6970 6979 6980
f 6971 6970 6980
f 6978 6970 6968
f 6979 6970 6978
f 6972 6981 6982
f 6973 6972 6982
f 6980 6972 6971
f 6981 6972 6980
f 6983 6984 6985
f 6986 6983 6985
f 6987 6986 6985
f 6975 6986 6987
f 6975 6987 6976
f 6976 6987 6988
f 6977 6989 6990
f 6978 6977 6990
f 6988 6977 6976
f 6989 6977 6988
f 6979 6991 6992
f 6980 6979 6992
f 6990 6979 6978
f 6991 6979 6990
f 6981 6993 6994
f 6982 6981 6994
f 6992 6981 6980
f 6993 6981 6992
f 6995 6996 6997
f 6998 6995 6997
f 6964 6995 6965
f 6996 6995 6964
f 6999 7000 7001
f 7002 6999 7001
f 6997 6999 6998
f 7000 6999 6997
f 7003 7004 7005
f 7006 7003 7005
f 7001 7003 7002
f 7004 7003 7001
f 7007 7008 6768
f 6768 7008 6767
f 7005 7007 7006
f 7008 7007 7005
f 6996 7009 7010
f 6997 6996 7010
f 6973 6996 6964
f 7009 6996 6973
f 7000 7011 7012
f 7001 7000 7012
f 7010 7000 6997
f 7011 7000 7010
f 7004 7013 7014
f 7005 7004 7014
f 7012 7004 7001
f 7013 7004 7012
f 7008 7015 6767
f 6767 7015 6795
f 7014 7008 7005
f 7015 7008 7014
f 7009 7016 7017
f 7010 7009 7017
f 6982 7009 6973
f 7016 7009 6982
f 7011 7018 7019
f 7012 7011 7019
f 7017 7011 7010
f 7018 7011 7017
f 7020 7021 7022
f 7020 7014 7013
f 7020 7013 7021
f 7021 7013 7023
f 7019 7013 7012
f 7023 7013 7019
f 7022 7015 7020
f 7022 6808 7015
f 6808 6795 7015
f 7014 7020 7015
f 7016 7024 7025
f 7017 7016 7025
f 6994 7016 6982
f 7024 7016 6994
f 7018 7026 7027
f 7019 7018 7027
f 7025 7018 7017
f 7026 7018 7025
f 7021 7028 7022
f 7029 7028 7021
f 7029 7021 7030
f 7030 7021 7023
f 7027 7023 7019
f 7030 7023 7027
f 6808 7031 6820
f 7022 7031 6808
f 7022 7032 7031
f 7022 7028 7032
f 7029 7032 7028
f 7031 6823 6820
f 6945 7033 6946
f 7034 7033 6945
f 7033 7034 7035
f 7036 7033 7035
f 7035 7037 7036
f 7038 7037 7035
f 7037 7038 7039
f 7038 7040 7039
f 7039 7040 7041
f 7042 7039 7041
f 7041 7043 7042
f 7044 7043 7041
f 7043 7044 7045
f 7044 7046 7045
f 7045 7046 7047
f 7048 7045 7047
f 7047 7049 7048
f 7050 7049 7047
f 7049 7050 7051
f 7052 7049 7051
f 7051 7053 7052
f 7054 7053 7051
f 7055 7056 7057
f 7058 7055 7057
f 7054 7055 7053
f 7056 7055 7054
f 6947 7034 6945
f 7059 7034 6947
f 7060 7035 7034
f 7060 7034 7061
f 7061 7034 7059
f 7035 7060 7038
f 7060 7061 7062
f 7062 7038 7060
f 7062 7063 7038
f 7063 7040 7038
f 7040 7063 7064
f 7041 7040 7064
f 7064 7044 7041
f 7065 7044 7064
f 7044 7065 7046
f 7065 7066 7046
f 7046 7066 7067
f 7047 7046 7067
f 7067 7050 7047
f 7068 7050 7067
f 7069 7051 7050
f 7069 7050 7070
f 7070 7050 7068
f 7051 7069 7054
f 7056 7069 7070
f 7056 7070 7057
f 7057 7070 7071
f 7054 7069 7056
f 6948 7059 6947
f 7072 7059 6948
f 7059 7072 7061
f 7072 7073 7061
f 7061 7073 7074
f 7062 7061 7074
f 7074 7063 7062
f 7075 7063 7074
f 7063 7075 7076
f 7064 7063 7076
f 7076 7065 7064
f 7077 7065 7076
f 7065 7077 7066
f 7077 7078 7066
f 7066 7078 7079
f 7067 7066 7079
f 7079 7068 7067
f 7080 7068 7079
f 7068 7080 7070
f 7080 7081 7070
f 7070 7081 7071
f 7081 7082 7071
f 6949 7072 6948
f 7083 7072 6949
f 7084 7085 7073
f 7084 7073 7083
f 7083 7073 7072
f 7084 7086 7085
f 7073 7085 7074
f 7075 7087 7088
f 7074 7087 7075
f 7074 7086 7087
f 7074 7085 7086
f 7087 7089 7088
f 7090 7076 7075
f 7090 7075 7091
f 7088 7092 7075
f 7092 7091 7075
f 7088 7089 7092
f 7076 7090 7077
f 7090 7091 7093
f 7093 7077 7090
f 7093 7094 7077
f 7094 7078 7077
f 7095 7079 7078
f 7095 7078 7096
f 7096 7078 7094
f 7079 7095 7080
f 7097 7095 7096
f 7098 7097 7096
f 7080 7097 7081
f 7095 7097 7080
f 7099 7097 7098
f 7100 7099 7098
f 7081 7099 7082
f 7097 7099 7081
f 7058 7057 7101
f 7057 7102 7101
f 7103 7104 7105
f 7106 7103 7105
f 7102 7103 7101
f 7104 7103 7102
f 7107 7108 7109
f 7110 7107 7109
f 7105 7107 7106
f 7108 7107 7105
f 7111 7112 7113
f 7111 7114 7112
f 7111 7110 7114
f 7110 7109 7114
f 7112 6950 7113
f 7112 7115 6950
f 7115 6951 6950
f 7114 7115 7112
f 7057 7071 7102
f 7071 7116 7102
f 7104 7117 7118
f 7105 7104 7118
f 7116 7104 7102
f 7117 7104 7116
f 7108 7119 7120
f 7109 7108 7120
f 7118 7108 7105
f 7119 7108 7118
f 7121 7122 7123
f 7121 7120 7122
f 7121 7114 7120
f 7114 7109 7120
f 7121 7123 7124
f 7121 7124 6951
f 7121 6951 7115
f 6966 6951 7124
f 7114 7121 7115
f 7124 6969 6966
f 7071 7082 7116
f 7082 7125 7116
f 7117 7126 7127
f 7118 7117 7127
f 7125 7117 7116
f 7126 7117 7125
f 7119 7128 7129
f 7120 7119 7129
f 7127 7119 7118
f 7128 7119 7127
f 7122 7130 7131
f 7123 7122 7131
f 7129 7122 7120
f 7130 7122 7129
f 6974 7131 6975
f 6974 7124 7131
f 7124 7123 7131
f 7124 6974 6969
f 7132 7133 7134
f 7100 7133 7132
f 7100 7132 7099
f 7099 7132 7135
f 7082 7135 7125
f 7099 7135 7082
f 7136 7137 7138
f 7134 7137 7136
f 7134 7136 7132
f 7132 7136 7139
f 7126 7139 7127
f 7126 7135 7139
f 7135 7132 7139
f 7125 7135 7126
f 7138 6984 6983
f 7138 6983 7136
f 7136 6983 7140
f 7128 7140 7129
f 7128 7139 7140
f 7139 7136 7140
f 7127 7139 7128
f 7130 6986 7131
f 7130 7140 6986
f 7140 6983 6986
f 7129 7140 7130
f 7131 6986 6975
s off
